acceptance_policy,accepted,accepted_deteriorating,affected_demand_groups,best_objective,bound_scope,candidate_features,candidate_sequences,current_objective,destroy_operator,destroy_size,destroyed_routes,enrichment_rounds,evaluator_calls,facilities,flight_delta,iteration,local_master_size,new_best,operator_weight_after,operator_weight_before,primary_gain,primary_status,repair_policy,repair_success,restricted_dual_bound,restricted_gap,route_ejected,run_id,runtime,sa_acceptance_probability,secondary_gain,selected_3_5_stop_candidates,selected_4_stop_candidates,selected_columns,selected_new_candidates,stagnation_before,targeted_trigger,temperature
sa,True,True,21,17679,restricted_local_master,"{""ranking"":""portfolio""}",24,17679,high_cost_route,4,"[86,87,2,28]",,101,"[""F038"",""F039"",""F045"",""F048"",""F051"",""F052""]",0,0,1002,False,1.4,1.0,0,0,portfolio_exact_local_milp,True,849.0,0.0,False,20260815-q2-round2-ml-logging-s21,6.719829,0.920044415,-18,0,0,"[{""aircraft_type"":""T2"",""base_airport"":""A03"",""candidate_features"":null,""new_candidate"":false,""service_order"":[""F039"",""F052""]},{""aircraft_type"":""T3"",""base_airport"":""A03"",""candidate_features"":null,""new_candidate"":false,""service_order"":[""F038"",""F045""]},{""aircraft_type"":""T3"",""base_airport"":""A03"",""candidate_features"":null,""new_candidate"":true,""service_order"":[""F039"",""F048""]},{""aircraft_type"":""T3"",""base_airport"":""A03"",""candidate_features"":null,""new_candidate"":false,""service_order"":[""F045"",""F051"",""F038"",""F039""]}]",1,0,,12.0
sa,True,True,17,17679,restricted_local_master,"{""ranking"":""portfolio""}",24,17679,land_heavy_route,4,"[1,71,68,36]",,101,"[""F002"",""F003"",""F004"",""F006"",""F013""]",0,1,1033,False,1.4,1.0,0,0,portfolio_exact_local_milp,True,736.0,0.0,False,20260815-q2-round2-ml-logging-s21,7.242829,0.913401524,-120,0,0,"[{""aircraft_type"":""T3"",""base_airport"":""A01"",""candidate_features"":null,""new_candidate"":false,""service_order"":[""F002"",""F004""]},{""aircraft_type"":""T3"",""base_airport"":""A01"",""candidate_features"":null,""new_candidate"":false,""service_order"":[""F002"",""F003""]},{""aircraft_type"":""T2"",""base_airport"":""A01"",""candidate_features"":null,""new_candidate"":false,""service_order"":[""F013""]},{""aircraft_type"":""T3"",""base_airport"":""A01"",""candidate_features"":null,""new_candidate"":true,""service_order"":[""F013"",""F002""]}]",1,1,,11.04
sa,True,False,18,17665,restricted_local_master,"{""ranking"":""portfolio""}",24,17665,land_heavy_route,4,"[2,22,12,17]",,101,"[""F019"",""F020"",""F022"",""F024"",""F033""]",0,2,1199,True,2.32,1.4,14,0,portfolio_exact_local_milp,True,662.9999999999993,0.0,False,20260815-q2-round2-ml-logging-s21,9.11575,1.0,0,0,0,"[{""aircraft_type"":""T3"",""base_airport"":""A01"",""candidate_features"":null,""new_candidate"":true,""service_order"":[""F019""]},{""aircraft_type"":""T3"",""base_airport"":""A01"",""candidate_features"":null,""new_candidate"":false,""service_order"":[""F020"",""F019""]},{""aircraft_type"":""T2"",""base_airport"":""A02"",""candidate_features"":null,""new_candidate"":true,""service_order"":[""F019"",""F033""]},{""aircraft_type"":""T3"",""base_airport"":""A02"",""candidate_features"":null,""new_candidate"":false,""service_order"":[""F019"",""F033"",""F022"",""F020""]}]",2,0,,10.1568
sa,True,False,18,17665,restricted_local_master,"{""ranking"":""portfolio""}",24,17665,land_heavy_route,4,"[52,30,14,54]",,101,"[""F001"",""F005"",""F016"",""F018"",""F026"",""F030""]",0,3,936,True,2.456,2.32,0,0,portfolio_exact_local_milp,True,596.0,0.0,False,20260815-q2-round2-ml-logging-s21,7.13599,1.0,43,0,0,"[{""aircraft_type"":""T2"",""base_airport"":""A01"",""candidate_features"":null,""new_candidate"":false,""service_order"":[""F016"",""F005""]},{""aircraft_type"":""T2"",""base_airport"":""A01"",""candidate_features"":null,""new_candidate"":false,""service_order"":[""F018"",""F016""]},{""aircraft_type"":""T3"",""base_airport"":""A01"",""candidate_features"":null,""new_candidate"":false,""service_order"":[""F001"",""F016""]},{""aircraft_type"":""T3"",""base_airport"":""A02"",""candidate_features"":null,""new_candidate"":false,""service_order"":[""F026"",""F018"",""F030""]}]",0,0,,9.344256
sa,True,False,16,17665,restricted_local_master,"{""ranking"":""portfolio""}",24,17665,high_cost_route,4,"[57,56,59,11]",,101,"[""F003"",""F004"",""F006"",""F007"",""F010"",""F013""]",0,4,978,True,1.72,1.4,0,0,portfolio_exact_local_milp,True,764.0,0.0,False,20260815-q2-round2-ml-logging-s21,4.90463,1.0,125,0,0,"[{""aircraft_type"":""T3"",""base_airport"":""A01"",""candidate_features"":null,""new_candidate"":false,""service_order"":[""F003"",""F007""]},{""aircraft_type"":""T3"",""base_airport"":""A01"",""candidate_features"":null,""new_candidate"":false,""service_order"":[""F004"",""F007"",""F006""]},{""aircraft_type"":""T3"",""base_airport"":""A01"",""candidate_features"":null,""new_candidate"":false,""service_order"":[""F010"",""F006"",""F007""]},{""aircraft_type"":""T2"",""base_airport"":""A01"",""candidate_features"":null,""new_candidate"":false,""service_order"":[""F006"",""F013"",""F007"",""F010""]}]",0,0,,8.596716
sa,True,True,13,17665,restricted_local_master,"{""ranking"":""portfolio""}",24,17665,high_cost_route,4,"[96,95,84,31]",,101,"[""F002"",""F004"",""F006"",""F007"",""F010"",""F013""]",0,5,727,False,1.976,1.72,0,0,portfolio_exact_local_milp,True,798.0,0.0,False,20260815-q2-round2-ml-logging-s21,2.540498,0.881228271,-42,0,0,"[{""aircraft_type"":""T3"",""base_airport"":""A01"",""candidate_features"":null,""new_candidate"":false,""service_order"":[""F007"",""F004""]},{""aircraft_type"":""T3"",""base_airport"":""A01"",""candidate_features"":null,""new_candidate"":false,""service_order"":[""F010"",""F006"",""F007""]},{""aircraft_type"":""T2"",""base_airport"":""A01"",""candidate_features"":null,""new_candidate"":false,""service_order"":[""F006"",""F013"",""F007"",""F010""]},{""aircraft_type"":""T3"",""base_airport"":""A01"",""candidate_features"":null,""new_candidate"":false,""service_order"":[""F013"",""F002""]}]",0,0,,7.908978
sa,True,True,20,17665,restricted_local_master,"{""ranking"":""portfolio""}",24,17665,shared_facility_flow,4,"[37,79,76,77]",,101,"[""F038"",""F039"",""F045"",""F051"",""F052""]",0,6,1288,False,1.4,1.0,0,0,portfolio_exact_local_milp,True,820.0,0.0,False,20260815-q2-round2-ml-logging-s21,3.795552,0.871592534,0,0,0,"[{""aircraft_type"":""T2"",""base_airport"":""A03"",""candidate_features"":null,""new_candidate"":false,""service_order"":[""F045"",""F038""]},{""aircraft_type"":""T2"",""base_airport"":""A03"",""candidate_features"":null,""new_candidate"":false,""service_order"":[""F039"",""F052""]},{""aircraft_type"":""T3"",""base_airport"":""A03"",""candidate_features"":null,""new_candidate"":false,""service_order"":[""F038"",""F045""]},{""aircraft_type"":""T3"",""base_airport"":""A03"",""candidate_features"":null,""new_candidate"":false,""service_order"":[""F045"",""F051"",""F038"",""F039""]}]",0,1,,7.27626
sa,True,True,19,17665,restricted_local_master,"{""ranking"":""portfolio""}",24,17665,low_utilization_route,4,"[31,53,70,76]",,101,"[""F001"",""F002"",""F004"",""F005"",""F007"",""F011""]",0,7,706,False,1.4,1.0,0,0,portfolio_exact_local_milp,True,728.0,0.0,False,20260815-q2-round2-ml-logging-s21,4.116315,0.861238372,-116,0,0,"[{""aircraft_type"":""T3"",""base_airport"":""A01"",""candidate_features"":null,""new_candidate"":false,""service_order"":[""F002"",""F004""]},{""aircraft_type"":""T3"",""base_airport"":""A01"",""candidate_features"":null,""new_candidate"":false,""service_order"":[""F001"",""F005""]},{""aircraft_type"":""T3"",""base_airport"":""A01"",""candidate_features"":null,""new_candidate"":false,""service_order"":[""F004"",""F007"",""F002""]},{""aircraft_type"":""T2"",""base_airport"":""A01"",""candidate_features"":null,""new_candidate"":false,""service_order"":[""F002"",""F011"",""F001""]}]",0,2,,6.694159
sa,True,True,22,17665,restricted_local_master,"{""ranking"":""portfolio""}",24,17665,shared_facility_flow,4,"[91,92,45,30]",,101,"[""F038"",""F039"",""F041"",""F043"",""F045"",""F051""]",0,8,1118,False,1.72,1.4,0,0,portfolio_exact_local_milp,True,881.0,0.0,False,20260815-q2-round2-ml-logging-s21,2.934759,0.850123312,0,0,0,"[{""aircraft_type"":""T2"",""base_airport"":""A03"",""candidate_features"":null,""new_candidate"":false,""service_order"":[""F041"",""F045""]},{""aircraft_type"":""T3"",""base_airport"":""A03"",""candidate_features"":null,""new_candidate"":false,""service_order"":[""F038"",""F045""]},{""aircraft_type"":""T3"",""base_airport"":""A03"",""candidate_features"":null,""new_candidate"":false,""service_order"":[""F045"",""F051"",""F038"",""F039""]},{""aircraft_type"":""T3"",""base_airport"":""A03"",""candidate_features"":null,""new_candidate"":true,""service_order"":[""F043"",""F051""]}]",1,3,,6.158626
sa,True,True,15,17665,restricted_local_master,"{""ranking"":""portfolio""}",24,17665,land_heavy_route,4,"[2,5,77,90]",,101,"[""F001"",""F005"",""F012"",""F015"",""F016""]",0,9,768,False,2.5648,2.456,0,0,portfolio_exact_local_milp,True,595.0,0.0,False,20260815-q2-round2-ml-logging-s21,4.836319,0.838204366,0,0,0,"[{""aircraft_type"":""T2"",""base_airport"":""A01"",""candidate_features"":null,""new_candidate"":false,""service_order"":[""F016"",""F005""]},{""aircraft_type"":""T3"",""base_airport"":""A01"",""candidate_features"":null,""new_candidate"":false,""service_order"":[""F012""]},{""aircraft_type"":""T3"",""base_airport"":""A01"",""candidate_features"":null,""new_candidate"":false,""service_order"":[""F012"",""F015""]},{""aircraft_type"":""T3"",""base_airport"":""A01"",""candidate_features"":null,""new_candidate"":false,""service_order"":[""F001"",""F005""]}]",0,4,,5.665936
sa,False,False,22,17665,restricted_local_master,"{""ranking"":""portfolio""}",24,17665,shared_facility_flow,4,"[90,91,92,68]",,101,"[""F038"",""F039"",""F043"",""F045"",""F048"",""F051""]",0,10,1188,False,1.576,1.72,0,0,portfolio_exact_local_milp,True,891.0,0.0,False,20260815-q2-round2-ml-logging-s21,1.849772,0.825438449,0,1,0,"[{""aircraft_type"":""T3"",""base_airport"":""A03"",""candidate_features"":null,""new_candidate"":true,""service_order"":[""F045""]},{""aircraft_type"":""T3"",""base_airport"":""A03"",""candidate_features"":{""bidirectional_flow"":18,""capacity_fit"":0.916667,""context_components"":{""airport"":0.05,""capacity"":0.813934,""ejection_coverage"":0.080328,""flow_context"":0.096721,""geometry"":0.996721,""local_demand"":0.127869},""context_score"":0.360929,""detour_ratio"":0.360811,""directed_shuttle_flow"":18,""ejection_coverage"":2.0,""fixed_airport_affinity"":30,""flow_complementarity"":97,""inbound_flow"":102,""land_flexible_flow"":169,""local_supported_demand"":95,""outbound_flow"":97,""refuel_facilities"":1,""reverse_shuttle_flow"":18,""route_distance_km"":534.0,""score"":509.116396,""seat_reuse_proxy"":101,""sequence"":[""F039"",""F048"",""F038""],""technical_stop_complexity_proxy"":2.38},""new_candidate"":true,""service_order"":[""F039"",""F048"",""F038""]},{""aircraft_type"":""T3"",""base_airport"":""A03"",""candidate_features"":null,""new_candidate"":false,""service_order"":[""F045"",""F051"",""F038"",""F039""]},{""aircraft_type"":""T3"",""base_airport"":""A03"",""candidate_features"":null,""new_candidate"":false,""service_order"":[""F043"",""F051""]}]",2,5,,5.212661
sa,True,False,21,17665,restricted_local_master,"{""ranking"":""portfolio""}",24,17665,low_utilization_route,4,"[60,77,43,10]",,101,"[""F017"",""F018"",""F026"",""F030"",""F033""]",0,11,1376,False,1.72,1.4,0,0,portfolio_exact_local_milp,True,636.9999999999999,0.0,False,20260815-q2-round2-ml-logging-s21,6.678243,1.0,156,0,0,"[{""aircraft_type"":""T3"",""base_airport"":""A01"",""candidate_features"":null,""new_candidate"":false,""service_order"":[""F017"",""F030""]},{""aircraft_type"":""T3"",""base_airport"":""A01"",""candidate_features"":null,""new_candidate"":false,""service_order"":[""F030"",""F026""]},{""aircraft_type"":""T3"",""base_airport"":""A02"",""candidate_features"":null,""new_candidate"":false,""service_order"":[""F026"",""F018"",""F030""]},{""aircraft_type"":""T2"",""base_airport"":""A02"",""candidate_features"":null,""new_candidate"":false,""service_order"":[""F018"",""F026"",""F033""]}]",0,6,,4.795649
sa,True,True,17,17679,restricted_local_master,"{""ranking"":""portfolio""}",24,17679,high_cost_route,4,"[1,73,71,15]",,101,"[""F002"",""F003"",""F004"",""F006"",""F007"",""F013""]",0,0,759,False,1.4,1.0,0,0,portfolio_exact_local_milp,True,761.0,0.0,False,20260815-q2-round2-ml-logging-s22,5.859835,0.920044415,-120,0,0,"[{""aircraft_type"":""T3"",""base_airport"":""A01"",""candidate_features"":null,""new_candidate"":false,""service_order"":[""F003"",""F007""]},{""aircraft_type"":""T3"",""base_airport"":""A01"",""candidate_features"":null,""new_candidate"":false,""service_order"":[""F004"",""F007"",""F002""]},{""aircraft_type"":""T2"",""base_airport"":""A01"",""candidate_features"":null,""new_candidate"":false,""service_order"":[""F013""]},{""aircraft_type"":""T3"",""base_airport"":""A01"",""candidate_features"":null,""new_candidate"":false,""service_order"":[""F006"",""F013"",""F002""]}]",0,0,,12.0
sa,True,True,16,17679,restricted_local_master,"{""ranking"":""portfolio""}",24,17679,land_heavy_route,4,"[4,7,71,87]",,101,"[""F005"",""F011"",""F012"",""F015"",""F017"",""F018""]",0,1,833,False,1.4,1.0,0,0,portfolio_exact_local_milp,True,610.0,0.0,False,20260815-q2-round2-ml-logging-s22,8.019059,0.913401524,-151,0,0,"[{""aircraft_type"":""T1"",""base_airport"":""A01"",""candidate_features"":null,""new_candidate"":true,""service_order"":[""F005"",""F017""]},{""aircraft_type"":""T3"",""base_airport"":""A01"",""candidate_features"":null,""new_candidate"":false,""service_order"":[""F011"",""F015""]},{""aircraft_type"":""T3"",""base_airport"":""A01"",""candidate_features"":null,""new_candidate"":false,""service_order"":[""F012"",""F015""]},{""aircraft_type"":""T3"",""base_airport"":""A01"",""candidate_features"":null,""new_candidate"":true,""service_order"":[""F015"",""F012""]}]",2,1,,11.04
sa,True,True,21,17679,restricted_local_master,"{""ranking"":""portfolio""}",24,17679,high_cost_route,4,"[79,80,45,68]",,101,"[""F038"",""F039"",""F045"",""F048"",""F051"",""F052""]",0,2,1024,False,1.72,1.4,0,0,portfolio_exact_local_milp,True,848.9999999999999,0.0,False,20260815-q2-round2-ml-logging-s22,6.519935,0.906235379,-35,0,0,"[{""aircraft_type"":""T2"",""base_airport"":""A03"",""candidate_features"":null,""new_candidate"":false,""service_order"":[""F045"",""F038""]},{""aircraft_type"":""T3"",""base_airport"":""A03"",""candidate_features"":null,""new_candidate"":true,""service_order"":[""F039"",""F048""]},{""aircraft_type"":""T3"",""base_airport"":""A03"",""candidate_features"":null,""new_candidate"":true,""service_order"":[""F052"",""F048""]},{""aircraft_type"":""T3"",""base_airport"":""A03"",""candidate_features"":null,""new_candidate"":false,""service_order"":[""F045"",""F051"",""F038"",""F039""]}]",2,2,,10.1568
sa,True,False,19,17679,restricted_local_master,"{""ranking"":""portfolio""}",24,17679,high_cost_route,4,"[94,96,1,40]",,101,"[""F038"",""F039"",""F045"",""F048"",""F051"",""F052""]",0,3,779,False,1.976,1.72,0,0,portfolio_exact_local_milp,True,837.0,0.0,False,20260815-q2-round2-ml-logging-s22,2.950844,1.0,121,0,0,"[{""aircraft_type"":""T2"",""base_airport"":""A03"",""candidate_features"":null,""new_candidate"":false,""service_order"":[""F045"",""F048""]},{""aircraft_type"":""T2"",""base_airport"":""A03"",""candidate_features"":null,""new_candidate"":false,""service_order"":[""F039"",""F052""]},{""aircraft_type"":""T3"",""base_airport"":""A03"",""candidate_features"":null,""new_candidate"":false,""service_order"":[""F039"",""F048""]},{""aircraft_type"":""T3"",""base_airport"":""A03"",""candidate_features"":null,""new_candidate"":false,""service_order"":[""F045"",""F051"",""F038"",""F039""]}]",0,3,,9.344256
sa,True,True,21,17679,restricted_local_master,"{""ranking"":""portfolio""}",24,17679,high_cost_route,4,"[7,48,82,80]",,101,"[""F021"",""F025"",""F031"",""F032"",""F035"",""F048"",""F052""]",0,4,891,False,2.1808,1.976,0,0,portfolio_exact_local_milp,True,869.0,0.0,False,20260815-q2-round2-ml-logging-s22,6.940907,0.890187205,-296,0,0,"[{""aircraft_type"":""T3"",""base_airport"":""A02"",""candidate_features"":null,""new_candidate"":true,""service_order"":[""F052""]},{""aircraft_type"":""T3"",""base_airport"":""A02"",""candidate_features"":null,""new_candidate"":false,""service_order"":[""F025"",""F035"",""F031""]},{""aircraft_type"":""T3"",""base_airport"":""A02"",""candidate_features"":null,""new_candidate"":false,""service_order"":[""F031"",""F032"",""F025""]},{""aircraft_type"":""T3"",""base_airport"":""A02"",""candidate_features"":null,""new_candidate"":false,""service_order"":[""F048"",""F031"",""F021""]}]",1,4,,8.596716
sa,True,False,13,17666,restricted_local_master,"{""ranking"":""portfolio""}",24,17666,low_utilization_route,4,"[31,76,0,83]",,101,"[""F001"",""F005"",""F016"",""F017"",""F018""]",0,5,922,True,2.0,1.0,13,0,portfolio_exact_local_milp,True,602.9999999999999,0.0,False,20260815-q2-round2-ml-logging-s22,9.744655,1.0,0,0,0,"[{""aircraft_type"":""T2"",""base_airport"":""A01"",""candidate_features"":null,""new_candidate"":false,""service_order"":[""F005"",""F017""]},{""aircraft_type"":""T3"",""base_airport"":""A01"",""candidate_features"":null,""new_candidate"":false,""service_order"":[""F001""]},{""aircraft_type"":""T3"",""base_airport"":""A01"",""candidate_features"":null,""new_candidate"":false,""service_order"":[""F001"",""F016""]},{""aircraft_type"":""T2"",""base_airport"":""A01"",""candidate_features"":null,""new_candidate"":false,""service_order"":[""F001"",""F005""]}]",0,0,,7.908978
sa,True,True,23,17666,restricted_local_master,"{""ranking"":""portfolio""}",24,17666,shared_facility_flow,4,"[83,88,69,33]",,101,"[""F038"",""F039"",""F041"",""F045"",""F046"",""F048"",""F051""]",0,6,886,False,1.4,1.0,0,0,portfolio_exact_local_milp,True,813.0,0.0,False,20260815-q2-round2-ml-logging-s22,4.169191,0.871592534,-30,0,0,"[{""aircraft_type"":""T2"",""base_airport"":""A03"",""candidate_features"":null,""new_candidate"":false,""service_order"":[""F045"",""F038""]},{""aircraft_type"":""T2"",""base_airport"":""A03"",""candidate_features"":null,""new_candidate"":false,""service_order"":[""F038"",""F048"",""F046""]},{""aircraft_type"":""T2"",""base_airport"":""A03"",""candidate_features"":null,""new_candidate"":false,""service_order"":[""F041"",""F045""]},{""aircraft_type"":""T3"",""base_airport"":""A03"",""candidate_features"":null,""new_candidate"":false,""service_order"":[""F045"",""F051"",""F038"",""F039""]}]",0,0,,7.27626
sa,True,True,16,17666,restricted_local_master,"{""ranking"":""portfolio""}",24,17666,high_cost_route,4,"[85,88,67,81]",,101,"[""F021"",""F031"",""F036"",""F038"",""F046"",""F047"",""F048"",""F052""]",0,7,837,False,2.34464,2.1808,0,0,portfolio_exact_local_milp,True,870.0,0.0,False,20260815-q2-round2-ml-logging-s22,5.174771,0.861238372,0,0,0,"[{""aircraft_type"":""T3"",""base_airport"":""A02"",""candidate_features"":null,""new_candidate"":false,""service_order"":[""F052""]},{""aircraft_type"":""T3"",""base_airport"":""A02"",""candidate_features"":null,""new_candidate"":false,""service_order"":[""F046"",""F047"",""F031"",""F036""]},{""aircraft_type"":""T3"",""base_airport"":""A03"",""candidate_features"":null,""new_candidate"":false,""service_order"":[""F052"",""F048""]},{""aircraft_type"":""T3"",""base_airport"":""A02"",""candidate_features"":null,""new_candidate"":false,""service_order"":[""F048"",""F031"",""F021""]}]",0,1,,6.694159
sa,True,False,21,17656,restricted_local_master,"{""ranking"":""portfolio""}",24,17656,low_utilization_route,4,"[31,94,66,43]",,101,"[""F031"",""F036"",""F039"",""F046"",""F047"",""F048"",""F049""]",0,8,1109,True,2.8,2.0,10,0,portfolio_exact_local_milp,True,829.0,0.0,False,20260815-q2-round2-ml-logging-s22,4.061065,1.0,0,0,0,"[{""aircraft_type"":""T2"",""base_airport"":""A03"",""candidate_features"":null,""new_candidate"":true,""service_order"":[""F047"",""F049""]},{""aircraft_type"":""T3"",""base_airport"":""A02"",""candidate_features"":null,""new_candidate"":true,""service_order"":[""F046"",""F047""]},{""aircraft_type"":""T3"",""base_airport"":""A02"",""candidate_features"":null,""new_candidate"":false,""service_order"":[""F036"",""F031"",""F049""]},{""aircraft_type"":""T3"",""base_airport"":""A03"",""candidate_features"":null,""new_candidate"":false,""service_order"":[""F049"",""F048"",""F039""]}]",2,0,,6.158626
sa,True,True,18,17656,restricted_local_master,"{""ranking"":""portfolio""}",24,17656,land_heavy_route,4,"[29,37,43,64]",,101,"[""F037"",""F038"",""F040"",""F041"",""F043"",""F044"",""F050""]",0,9,676,False,1.72,1.4,0,0,portfolio_exact_local_milp,True,964.0,0.0,False,20260815-q2-round2-ml-logging-s22,7.765273,0.838204366,0,0,0,"[{""aircraft_type"":""T2"",""base_airport"":""A03"",""candidate_features"":null,""new_candidate"":false,""service_order"":[""F044""]},{""aircraft_type"":""T2"",""base_airport"":""A03"",""candidate_features"":null,""new_candidate"":true,""service_order"":[""F043""]},{""aircraft_type"":""T3"",""base_airport"":""A03"",""candidate_features"":null,""new_candidate"":false,""service_order"":[""F037"",""F040"",""F044"",""F041""]},{""aircraft_type"":""T2"",""base_airport"":""A03"",""candidate_features"":null,""new_candidate"":true,""service_order"":[""F050"",""F043""]}]",2,0,,5.665936
sa,True,True,15,17679,restricted_local_master,"{""ranking"":""portfolio""}",24,17679,low_utilization_route,4,"[37,92,43,13]",,101,"[""F001"",""F002"",""F005"",""F011"",""F016"",""F033""]",0,0,636,False,1.4,1.0,0,0,portfolio_exact_local_milp,True,710.0,0.0,False,20260815-q2-round2-ml-logging-s23,6.861647,0.920044415,-26,0,0,"[{""aircraft_type"":""T3"",""base_airport"":""A01"",""candidate_features"":null,""new_candidate"":false,""service_order"":[""F001"",""F016""]},{""aircraft_type"":""T3"",""base_airport"":""A01"",""candidate_features"":null,""new_candidate"":false,""service_order"":[""F001"",""F005""]},{""aircraft_type"":""T3"",""base_airport"":""A01"",""candidate_features"":null,""new_candidate"":false,""service_order"":[""F033"",""F001""]},{""aircraft_type"":""T2"",""base_airport"":""A01"",""candidate_features"":null,""new_candidate"":false,""service_order"":[""F002"",""F011"",""F001""]}]",0,0,,12.0
sa,True,True,15,17679,restricted_local_master,"{""ranking"":""portfolio""}",24,17679,shared_facility_flow,4,"[65,66,70,14]",,101,"[""F002"",""F003"",""F006"",""F007"",""F010"",""F013""]",0,1,805,False,1.4,1.0,0,0,portfolio_exact_local_milp,True,776.0,0.0,False,20260815-q2-round2-ml-logging-s23,5.893149,0.913401524,-31,0,0,"[{""aircraft_type"":""T3"",""base_airport"":""A01"",""candidate_features"":null,""new_candidate"":false,""service_order"":[""F003"",""F007""]},{""aircraft_type"":""T2"",""base_airport"":""A01"",""candidate_features"":null,""new_candidate"":true,""service_order"":[""F013"",""F002""]},{""aircraft_type"":""T3"",""base_airport"":""A01"",""candidate_features"":null,""new_candidate"":true,""service_order"":[""F010"",""F007""]},{""aircraft_type"":""T2"",""base_airport"":""A01"",""candidate_features"":null,""new_candidate"":false,""service_order"":[""F006"",""F013"",""F007"",""F010""]}]",2,1,,11.04
sa,True,True,21,17679,restricted_local_master,"{""ranking"":""portfolio""}",24,17679,shared_facility_flow,4,"[92,65,33,89]",,101,"[""F001"",""F002"",""F003"",""F004"",""F007"",""F008"",""F009"",""F011"",""F016""]",0,2,612,False,1.72,1.4,0,0,portfolio_exact_local_milp,True,766.0,0.0,False,20260815-q2-round2-ml-logging-s23,5.730246,0.906235379,-118,0,0,"[{""aircraft_type"":""T3"",""base_airport"":""A01"",""candidate_features"":null,""new_candidate"":false,""service_order"":[""F001"",""F016""]},{""aircraft_type"":""T3"",""base_airport"":""A01"",""candidate_features"":null,""new_candidate"":false,""service_order"":[""F004"",""F007"",""F002""]},{""aircraft_type"":""T3"",""base_airport"":""A01"",""candidate_features"":null,""new_candidate"":false,""service_order"":[""F009"",""F003"",""F008"",""F011""]},{""aircraft_type"":""T2"",""base_airport"":""A01"",""candidate_features"":null,""new_candidate"":false,""service_order"":[""F002"",""F011"",""F001""]}]",0,2,,10.1568
sa,True,False,15,17679,restricted_local_master,"{""ranking"":""portfolio""}",24,17679,shared_facility_flow,4,"[91,92,38,61]",,101,"[""F004"",""F006"",""F007"",""F010"",""F013""]",0,3,979,False,1.976,1.72,0,0,portfolio_exact_local_milp,True,725.0,0.0,False,20260815-q2-round2-ml-logging-s23,4.784727,1.0,20,0,0,"[{""aircraft_type"":""T3"",""base_airport"":""A01"",""candidate_features"":null,""new_candidate"":false,""service_order"":[""F010""]},{""aircraft_type"":""T3"",""base_airport"":""A01"",""candidate_features"":null,""new_candidate"":false,""service_order"":[""F007"",""F004""]},{""aircraft_type"":""T3"",""base_airport"":""A01"",""candidate_features"":null,""new_candidate"":false,""service_order"":[""F010"",""F007""]},{""aircraft_type"":""T2"",""base_airport"":""A01"",""candidate_features"":null,""new_candidate"":false,""service_order"":[""F006"",""F013"",""F007"",""F010""]}]",0,3,,9.344256
sa,True,True,22,17679,restricted_local_master,"{""ranking"":""portfolio""}",24,17679,shared_facility_flow,4,"[76,75,63,26]",,101,"[""F038"",""F039"",""F045"",""F048"",""F051"",""F052""]",0,4,1184,False,2.1808,1.976,0,0,portfolio_exact_local_milp,True,874.0,0.0,False,20260815-q2-round2-ml-logging-s23,6.890931,0.890187205,0,0,0,"[{""aircraft_type"":""T3"",""base_airport"":""A03"",""candidate_features"":null,""new_candidate"":true,""service_order"":[""F045""]},{""aircraft_type"":""T3"",""base_airport"":""A03"",""candidate_features"":null,""new_candidate"":true,""service_order"":[""F039"",""F048""]},{""aircraft_type"":""T3"",""base_airport"":""A03"",""candidate_features"":null,""new_candidate"":false,""service_order"":[""F052"",""F048"",""F038""]},{""aircraft_type"":""T3"",""base_airport"":""A03"",""candidate_features"":null,""new_candidate"":false,""service_order"":[""F045"",""F051"",""F038"",""F039""]}]",2,4,,8.596716
sa,True,True,18,17679,restricted_local_master,"{""ranking"":""portfolio""}",24,17679,shared_facility_flow,4,"[96,94,42,93]",,101,"[""F038"",""F039"",""F045"",""F048"",""F051""]",0,5,1210,False,2.34464,2.1808,0,0,portfolio_exact_local_milp,True,834.9999999999998,0.0,False,20260815-q2-round2-ml-logging-s23,3.139241,0.881228271,-23,0,0,"[{""aircraft_type"":""T2"",""base_airport"":""A03"",""candidate_features"":null,""new_candidate"":false,""service_order"":[""F045"",""F038""]},{""aircraft_type"":""T3"",""base_airport"":""A03"",""candidate_features"":null,""new_candidate"":true,""service_order"":[""F038"",""F045""]},{""aircraft_type"":""T3"",""base_airport"":""A03"",""candidate_features"":null,""new_candidate"":false,""service_order"":[""F039"",""F048""]},{""aircraft_type"":""T3"",""base_airport"":""A03"",""candidate_features"":null,""new_candidate"":false,""service_order"":[""F045"",""F051"",""F038"",""F039""]}]",1,5,,7.908978
sa,True,True,18,17679,restricted_local_master,"{""ranking"":""portfolio""}",24,17679,land_heavy_route,4,"[32,41,71,51]",,101,"[""F037"",""F038"",""F040"",""F041"",""F043"",""F044"",""F051""]",0,6,769,False,1.4,1.0,0,0,portfolio_exact_local_milp,True,914.0,0.0,False,20260815-q2-round2-ml-logging-s23,6.040915,0.871592534,-23,0,0,"[{""aircraft_type"":""T2"",""base_airport"":""A03"",""candidate_features"":null,""new_candidate"":false,""service_order"":[""F044""]},{""aircraft_type"":""T2"",""base_airport"":""A03"",""candidate_features"":null,""new_candidate"":false,""service_order"":[""F038"",""F043""]},{""aircraft_type"":""T3"",""base_airport"":""A03"",""candidate_features"":null,""new_candidate"":true,""service_order"":[""F043"",""F051""]},{""aircraft_type"":""T3"",""base_airport"":""A03"",""candidate_features"":null,""new_candidate"":false,""service_order"":[""F037"",""F040"",""F044"",""F041""]}]",1,6,,7.27626
sa,True,True,21,17679,restricted_local_master,"{""ranking"":""portfolio""}",24,17679,land_heavy_route,4,"[93,96,39,47]",,101,"[""F037"",""F040"",""F041"",""F042"",""F043"",""F044"",""F050""]",0,7,798,False,1.72,1.4,0,0,portfolio_exact_local_milp,True,1041.0,0.0,False,20260815-q2-round2-ml-logging-s23,4.538522,0.861238372,0,0,0,"[{""aircraft_type"":""T2"",""base_airport"":""A03"",""candidate_features"":null,""new_candidate"":false,""service_order"":[""F044""]},{""aircraft_type"":""T3"",""base_airport"":""A03"",""candidate_features"":null,""new_candidate"":false,""service_order"":[""F042"",""F040""]},{""aircraft_type"":""T3"",""base_airport"":""A03"",""candidate_features"":null,""new_candidate"":false,""service_order"":[""F037"",""F040"",""F044"",""F041""]},{""aircraft_type"":""T2"",""base_airport"":""A03"",""candidate_features"":null,""new_candidate"":false,""service_order"":[""F044"",""F050"",""F043""]}]",0,7,,6.694159
sa,True,True,18,17679,restricted_local_master,"{""ranking"":""portfolio""}",24,17679,shared_facility_flow,4,"[44,43,51,41]",,101,"[""F021"",""F024"",""F025"",""F027"",""F031"",""F039"",""F048"",""F049""]",0,8,791,False,2.475712,2.34464,0,0,portfolio_exact_local_milp,True,787.0,0.0,False,20260815-q2-round2-ml-logging-s23,8.185478,0.850123312,0,0,0,"[{""aircraft_type"":""T1"",""base_airport"":""A01"",""candidate_features"":null,""new_candidate"":false,""service_order"":[""F021"",""F024"",""F027""]},{""aircraft_type"":""T3"",""base_airport"":""A01"",""candidate_features"":null,""new_candidate"":false,""service_order"":[""F021"",""F025"",""F027""]},{""aircraft_type"":""T3"",""base_airport"":""A02"",""candidate_features"":null,""new_candidate"":false,""service_order"":[""F048"",""F031"",""F021""]},{""aircraft_type"":""T3"",""base_airport"":""A03"",""candidate_features"":null,""new_candidate"":false,""service_order"":[""F049"",""F048"",""F039""]}]",0,8,,6.158626
sa,False,False,20,17679,restricted_local_master,"{""ranking"":""portfolio""}",24,17679,low_utilization_route,4,"[89,91,87,37]",,101,"[""F037"",""F038"",""F040"",""F041"",""F043"",""F044"",""F045""]",0,9,867,False,1.32,1.4,0,0,portfolio_exact_local_milp,True,916.0,0.0,False,20260815-q2-round2-ml-logging-s23,3.481992,0.838204366,0,0,0,"[{""aircraft_type"":""T2"",""base_airport"":""A03"",""candidate_features"":null,""new_candidate"":false,""service_order"":[""F044""]},{""aircraft_type"":""T2"",""base_airport"":""A03"",""candidate_features"":null,""new_candidate"":false,""service_order"":[""F038"",""F043""]},{""aircraft_type"":""T2"",""base_airport"":""A03"",""candidate_features"":null,""new_candidate"":false,""service_order"":[""F040"",""F044"",""F041"",""F045""]},{""aircraft_type"":""T3"",""base_airport"":""A03"",""candidate_features"":null,""new_candidate"":false,""service_order"":[""F037"",""F040"",""F044"",""F041""]}]",0,9,,5.665936
sa,True,True,21,17679,restricted_local_master,"{""ranking"":""portfolio""}",24,17679,shared_facility_flow,4,"[95,96,11,59]",,101,"[""F021"",""F031"",""F039"",""F047"",""F048"",""F049"",""F052""]",0,10,912,False,2.58057,2.475712,0,0,portfolio_exact_local_milp,True,877.0,0.0,False,20260815-q2-round2-ml-logging-s23,3.94286,0.825438449,-17,0,0,"[{""aircraft_type"":""T3"",""base_airport"":""A02"",""candidate_features"":null,""new_candidate"":false,""service_order"":[""F031"",""F052""]},{""aircraft_type"":""T3"",""base_airport"":""A03"",""candidate_features"":null,""new_candidate"":false,""service_order"":[""F031"",""F047"",""F049""]},{""aircraft_type"":""T3"",""base_airport"":""A02"",""candidate_features"":null,""new_candidate"":false,""service_order"":[""F048"",""F031"",""F021""]},{""aircraft_type"":""T3"",""base_airport"":""A03"",""candidate_features"":null,""new_candidate"":false,""service_order"":[""F049"",""F048"",""F039""]}]",0,10,,5.212661
sa,True,True,16,17679,restricted_local_master,"{""ranking"":""portfolio""}",24,17679,shared_facility_flow,4,"[95,96,32,93]",,101,"[""F021"",""F031"",""F036"",""F039"",""F048"",""F049"",""F052""]",0,11,797,False,2.664456,2.58057,0,0,portfolio_exact_local_milp,True,850.0,0.0,False,20260815-q2-round2-ml-logging-s23,3.330662,0.811782875,-11,0,0,"[{""aircraft_type"":""T2"",""base_airport"":""A02"",""candidate_features"":null,""new_candidate"":true,""service_order"":[""F036"",""F049""]},{""aircraft_type"":""T3"",""base_airport"":""A02"",""candidate_features"":null,""new_candidate"":true,""service_order"":[""F052""]},{""aircraft_type"":""T3"",""base_airport"":""A02"",""candidate_features"":null,""new_candidate"":false,""service_order"":[""F048"",""F031"",""F021""]},{""aircraft_type"":""T3"",""base_airport"":""A03"",""candidate_features"":null,""new_candidate"":false,""service_order"":[""F049"",""F048"",""F039""]}]",2,11,,4.795649
sa,True,False,15,17693,restricted_local_master,"{""ranking"":""portfolio""}",24,17693,low_utilization_route,4,"[61,19,46,22]",,101,"[""F001"",""F005"",""F014"",""F017"",""F026"",""F030""]",0,0,801,True,1.4,1.0,0,0,portfolio_exact_local_milp,True,571.0,0.0,False,20260815-q2-round2-portfolio-mixed-s11,7.012702,1.0,17,0,0,"[{""aircraft_type"":""T2"",""base_airport"":""A01"",""candidate_features"":null,""new_candidate"":false,""service_order"":[""F014"",""F017""]},{""aircraft_type"":""T3"",""base_airport"":""A01"",""candidate_features"":null,""new_candidate"":false,""service_order"":[""F017"",""F014""]},{""aircraft_type"":""T3"",""base_airport"":""A01"",""candidate_features"":null,""new_candidate"":false,""service_order"":[""F030"",""F026""]},{""aircraft_type"":""T3"",""base_airport"":""A01"",""candidate_features"":null,""new_candidate"":false,""service_order"":[""F001"",""F005""]}]",0,0,,12.0
sa,True,False,14,17679,restricted_local_master,"{""ranking"":""portfolio""}",24,17679,low_utilization_route,4,"[81,94,93,96]",,101,"[""F001"",""F005"",""F014"",""F015"",""F017"",""F018""]",0,1,885,True,2.32,1.4,14,0,portfolio_exact_local_milp,True,572.0,0.0,False,20260815-q2-round2-portfolio-mixed-s11,5.245293,1.0,0,0,0,"[{""aircraft_type"":""T2"",""base_airport"":""A01"",""candidate_features"":null,""new_candidate"":false,""service_order"":[""F014"",""F017""]},{""aircraft_type"":""T3"",""base_airport"":""A01"",""candidate_features"":null,""new_candidate"":false,""service_order"":[""F017"",""F014""]},{""aircraft_type"":""T1"",""base_airport"":""A01"",""candidate_features"":null,""new_candidate"":false,""service_order"":[""F015"",""F005"",""F018"",""F017""]},{""aircraft_type"":""T3"",""base_airport"":""A01"",""candidate_features"":null,""new_candidate"":false,""service_order"":[""F001"",""F005""]}]",0,0,,11.04
sa,True,False,17,17679,restricted_local_master,"{""ranking"":""portfolio""}",24,17679,land_heavy_route,4,"[15,69,68,3]",,101,"[""F023"",""F025"",""F031"",""F032"",""F035""]",0,2,1192,True,1.4,1.0,0,0,portfolio_exact_local_milp,True,790.0,0.0,False,20260815-q2-round2-portfolio-mixed-s11,7.914022,1.0,81,0,0,"[{""aircraft_type"":""T3"",""base_airport"":""A01"",""candidate_features"":null,""new_candidate"":false,""service_order"":[""F025""]},{""aircraft_type"":""T3"",""base_airport"":""A02"",""candidate_features"":null,""new_candidate"":false,""service_order"":[""F025"",""F035"",""F031""]},{""aircraft_type"":""T3"",""base_airport"":""A02"",""candidate_features"":null,""new_candidate"":false,""service_order"":[""F031"",""F023"",""F032""]},{""aircraft_type"":""T3"",""base_airport"":""A02"",""candidate_features"":null,""new_candidate"":true,""service_order"":[""F032"",""F025""]}]",1,0,,10.1568
sa,True,True,21,17679,restricted_local_master,"{""ranking"":""portfolio""}",24,17679,shared_facility_flow,4,"[48,45,46,25]",,101,"[""F037"",""F040"",""F041"",""F042"",""F044"",""F045""]",0,3,1001,False,1.4,1.0,0,0,portfolio_exact_local_milp,True,1052.0,0.0,False,20260815-q2-round2-portfolio-mixed-s11,6.758464,0.898509845,-1,0,0,"[{""aircraft_type"":""T2"",""base_airport"":""A03"",""candidate_features"":null,""new_candidate"":false,""service_order"":[""F040"",""F044"",""F041"",""F045""]},{""aircraft_type"":""T3"",""base_airport"":""A03"",""candidate_features"":null,""new_candidate"":false,""service_order"":[""F037"",""F044""]},{""aircraft_type"":""T2"",""base_airport"":""A03"",""candidate_features"":null,""new_candidate"":false,""service_order"":[""F040"",""F042""]},{""aircraft_type"":""T3"",""base_airport"":""A03"",""candidate_features"":null,""new_candidate"":false,""service_order"":[""F037"",""F040"",""F044"",""F041""]}]",0,0,,9.344256
sa,False,False,16,17679,restricted_local_master,"{""ranking"":""portfolio""}",24,17679,land_heavy_route,4,"[26,60,21,90]",,101,"[""F021"",""F024"",""F025"",""F027"",""F031"",""F035""]",0,4,1066,False,1.32,1.4,0,0,portfolio_exact_local_milp,True,694.0,0.0,False,20260815-q2-round2-portfolio-mixed-s11,9.222343,0.890187205,0,0,0,"[{""aircraft_type"":""T3"",""base_airport"":""A01"",""candidate_features"":null,""new_candidate"":false,""service_order"":[""F021""]},{""aircraft_type"":""T3"",""base_airport"":""A01"",""candidate_features"":null,""new_candidate"":false,""service_order"":[""F027"",""F024""]},{""aircraft_type"":""T3"",""base_airport"":""A01"",""candidate_features"":null,""new_candidate"":false,""service_order"":[""F021"",""F025"",""F027""]},{""aircraft_type"":""T3"",""base_airport"":""A02"",""candidate_features"":null,""new_candidate"":false,""service_order"":[""F025"",""F035"",""F031""]}]",0,1,,8.596716
sa,True,True,13,17679,restricted_local_master,"{""ranking"":""portfolio""}",24,17679,low_utilization_route,4,"[73,58,39,57]",,101,"[""F018"",""F026"",""F028"",""F030""]",0,5,1167,False,2.456,2.32,0,0,portfolio_exact_local_milp,True,647.0,0.0,False,20260815-q2-round2-portfolio-mixed-s11,11.65479,0.881228271,-22,0,0,"[{""aircraft_type"":""T3"",""base_airport"":""A01"",""candidate_features"":null,""new_candidate"":false,""service_order"":[""F028""]},{""aircraft_type"":""T3"",""base_airport"":""A02"",""candidate_features"":null,""new_candidate"":false,""service_order"":[""F026""]},{""aircraft_type"":""T3"",""base_airport"":""A01"",""candidate_features"":null,""new_candidate"":false,""service_order"":[""F028"",""F018""]},{""aircraft_type"":""T3"",""base_airport"":""A02"",""candidate_features"":null,""new_candidate"":false,""service_order"":[""F026"",""F018"",""F030""]}]",0,2,,7.908978
sa,True,True,11,17679,restricted_local_master,"{""ranking"":""portfolio""}",24,17679,land_heavy_route,4,"[26,57,48,21]",,101,"[""F021"",""F024"",""F025"",""F027""]",0,6,1024,False,1.656,1.32,0,0,portfolio_exact_local_milp,True,645.0,0.0,False,20260815-q2-round2-portfolio-mixed-s11,2.859303,0.871592534,0,0,0,"[{""aircraft_type"":""T3"",""base_airport"":""A01"",""candidate_features"":null,""new_candidate"":false,""service_order"":[""F021""]},{""aircraft_type"":""T3"",""base_airport"":""A01"",""candidate_features"":null,""new_candidate"":false,""service_order"":[""F027"",""F024""]},{""aircraft_type"":""T3"",""base_airport"":""A02"",""candidate_features"":null,""new_candidate"":false,""service_order"":[""F027"",""F021""]},{""aircraft_type"":""T3"",""base_airport"":""A01"",""candidate_features"":null,""new_candidate"":false,""service_order"":[""F021"",""F025"",""F027""]}]",0,3,,7.27626
sa,True,True,15,17679,restricted_local_master,"{""ranking"":""portfolio""}",24,17679,low_utilization_route,4,"[78,77,18,12]",,101,"[""F005"",""F014"",""F016"",""F017"",""F030""]",0,7,942,False,2.5648,2.456,0,0,portfolio_exact_local_milp,True,493.0,0.0,False,20260815-q2-round2-portfolio-mixed-s11,10.414108,0.861238372,-58,0,0,"[{""aircraft_type"":""T2"",""base_airport"":""A01"",""candidate_features"":null,""new_candidate"":false,""service_order"":[""F014"",""F030""]},{""aircraft_type"":""T2"",""base_airport"":""A01"",""candidate_features"":null,""new_candidate"":false,""service_order"":[""F014"",""F017""]},{""aircraft_type"":""T2"",""base_airport"":""A01"",""candidate_features"":null,""new_candidate"":false,""service_order"":[""F016"",""F005""]},{""aircraft_type"":""T3"",""base_airport"":""A01"",""candidate_features"":null,""new_candidate"":false,""service_order"":[""F017"",""F014""]}]",0,4,,6.694159
sa,True,True,11,17679,restricted_local_master,"{""ranking"":""portfolio""}",24,17679,land_heavy_route,4,"[25,27,13,12]",,101,"[""F001"",""F019"",""F020"",""F022"",""F033""]",0,8,798,False,1.9248,1.656,0,0,portfolio_exact_local_milp,True,600.0,0.0,False,20260815-q2-round2-portfolio-mixed-s11,14.128135,0.850123312,-31,0,0,"[{""aircraft_type"":""T2"",""base_airport"":""A01"",""candidate_features"":null,""new_candidate"":false,""service_order"":[""F022""]},{""aircraft_type"":""T3"",""base_airport"":""A01"",""candidate_features"":null,""new_candidate"":false,""service_order"":[""F020"",""F019""]},{""aircraft_type"":""T3"",""base_airport"":""A01"",""candidate_features"":null,""new_candidate"":false,""service_order"":[""F022"",""F033""]},{""aircraft_type"":""T3"",""base_airport"":""A01"",""candidate_features"":null,""new_candidate"":false,""service_order"":[""F033"",""F001""]}]",0,5,,6.158626
sa,True,True,14,17679,restricted_local_master,"{""ranking"":""portfolio""}",24,17681,low_utilization_route,4,"[16,39,86,41]",,101,"[""F021"",""F024"",""F027"",""F031"",""F048""]",0,9,1139,False,2.65184,2.5648,-2,1,portfolio_exact_local_milp,True,619.0,0.08160237388723865,False,20260815-q2-round2-portfolio-mixed-s11,16.374607,0.70258656,0,0,0,"[{""aircraft_type"":""T1"",""base_airport"":""A01"",""candidate_features"":null,""new_candidate"":false,""service_order"":[""F027"",""F024""]},{""aircraft_type"":""T1"",""base_airport"":""A01"",""candidate_features"":null,""new_candidate"":false,""service_order"":[""F027"",""F024""]},{""aircraft_type"":""T3"",""base_airport"":""A02"",""candidate_features"":null,""new_candidate"":false,""service_order"":[""F021"",""F024"",""F027""]},{""aircraft_type"":""T3"",""base_airport"":""A02"",""candidate_features"":null,""new_candidate"":false,""service_order"":[""F048"",""F031"",""F021""]}]",0,6,,5.665936
sa,True,False,22,17693,restricted_local_master,"{""ranking"":""portfolio""}",24,17693,high_cost_route,4,"[59,95,49,91]",,101,"[""F031"",""F038"",""F039"",""F045"",""F047"",""F048"",""F049""]",0,0,1103,True,1.4,1.0,0,0,portfolio_exact_local_milp,True,847.0,0.0,False,20260815-q2-round2-portfolio-mixed-s12,11.66933,1.0,115,0,0,"[{""aircraft_type"":""T2"",""base_airport"":""A03"",""candidate_features"":null,""new_candidate"":false,""service_order"":[""F045"",""F048""]},{""aircraft_type"":""T3"",""base_airport"":""A03"",""candidate_features"":null,""new_candidate"":false,""service_order"":[""F039"",""F048"",""F038""]},{""aircraft_type"":""T3"",""base_airport"":""A03"",""candidate_features"":null,""new_candidate"":true,""service_order"":[""F047"",""F049""]},{""aircraft_type"":""T3"",""base_airport"":""A03"",""candidate_features"":null,""new_candidate"":false,""service_order"":[""F049"",""F048"",""F039""]}]",1,0,,12.0
sa,True,True,14,17693,restricted_local_master,"{""ranking"":""portfolio""}",24,17693,land_heavy_route,4,"[26,16,21,64]",,101,"[""F005"",""F016"",""F018"",""F019"",""F020""]",0,1,996,False,1.4,1.0,0,0,portfolio_exact_local_milp,True,527.0,0.0,False,20260815-q2-round2-portfolio-mixed-s12,14.951621,0.913401524,0,0,0,"[{""aircraft_type"":""T3"",""base_airport"":""A01"",""candidate_features"":null,""new_candidate"":false,""service_order"":[""F020""]},{""aircraft_type"":""T2"",""base_airport"":""A01"",""candidate_features"":null,""new_candidate"":false,""service_order"":[""F016"",""F005""]},{""aircraft_type"":""T2"",""base_airport"":""A01"",""candidate_features"":null,""new_candidate"":false,""service_order"":[""F018"",""F016""]},{""aircraft_type"":""T3"",""base_airport"":""A01"",""candidate_features"":null,""new_candidate"":false,""service_order"":[""F020"",""F019""]}]",0,0,,11.04
sa,True,True,12,17693,restricted_local_master,"{""ranking"":""portfolio""}",24,17693,shared_facility_flow,4,"[53,64,54,23]",,101,"[""F021"",""F024"",""F025"",""F027""]",0,2,1105,False,1.4,1.0,0,1,portfolio_exact_local_milp,True,613.0,0.05546995377503869,False,20260815-q2-round2-portfolio-mixed-s12,21.329731,0.906235379,-36,0,0,"[{""aircraft_type"":""T1"",""base_airport"":""A01"",""candidate_features"":null,""new_candidate"":true,""service_order"":[""F021"",""F027""]},{""aircraft_type"":""T3"",""base_airport"":""A01"",""candidate_features"":null,""new_candidate"":false,""service_order"":[""F027"",""F024""]},{""aircraft_type"":""T3"",""base_airport"":""A02"",""candidate_features"":null,""new_candidate"":false,""service_order"":[""F027"",""F021""]},{""aircraft_type"":""T3"",""base_airport"":""A01"",""candidate_features"":null,""new_candidate"":false,""service_order"":[""F021"",""F025"",""F027""]}]",1,1,,10.1568
sa,True,False,16,17693,restricted_local_master,"{""ranking"":""portfolio""}",24,17693,low_utilization_route,4,"[75,53,18,9]",,101,"[""F005"",""F012"",""F014"",""F015"",""F017"",""F018""]",0,3,995,True,1.4,1.0,0,0,portfolio_exact_local_milp,True,578.0,0.0,False,20260815-q2-round2-portfolio-mixed-s12,14.439204,1.0,57,0,0,"[{""aircraft_type"":""T2"",""base_airport"":""A01"",""candidate_features"":null,""new_candidate"":false,""service_order"":[""F014"",""F017""]},{""aircraft_type"":""T3"",""base_airport"":""A01"",""candidate_features"":null,""new_candidate"":false,""service_order"":[""F017"",""F014""]},{""aircraft_type"":""T3"",""base_airport"":""A01"",""candidate_features"":null,""new_candidate"":false,""service_order"":[""F012"",""F015""]},{""aircraft_type"":""T2"",""base_airport"":""A01"",""candidate_features"":null,""new_candidate"":false,""service_order"":[""F015"",""F005"",""F018"",""F017""]}]",0,0,,9.344256
sa,True,False,24,17693,restricted_local_master,"{""ranking"":""portfolio""}",24,17693,high_cost_route,4,"[69,82,84,80]",,101,"[""F038"",""F039"",""F045"",""F048"",""F049"",""F051"",""F052""]",0,4,1042,True,1.72,1.4,0,0,portfolio_exact_local_milp,True,896.0,0.0,False,20260815-q2-round2-portfolio-mixed-s12,8.400918,1.0,139,0,0,"[{""aircraft_type"":""T3"",""base_airport"":""A03"",""candidate_features"":null,""new_candidate"":true,""service_order"":[""F039"",""F048""]},{""aircraft_type"":""T3"",""base_airport"":""A03"",""candidate_features"":null,""new_candidate"":false,""service_order"":[""F052"",""F048"",""F038""]},{""aircraft_type"":""T3"",""base_airport"":""A03"",""candidate_features"":null,""new_candidate"":false,""service_order"":[""F049"",""F048"",""F039""]},{""aircraft_type"":""T3"",""base_airport"":""A03"",""candidate_features"":null,""new_candidate"":false,""service_order"":[""F045"",""F051"",""F038"",""F039""]}]",1,0,,8.596716
sa,True,True,15,17693,restricted_local_master,"{""ranking"":""portfolio""}",24,17693,low_utilization_route,4,"[71,56,55,18]",,101,"[""F018"",""F026"",""F028"",""F030""]",0,5,1321,False,1.72,1.4,0,0,portfolio_exact_local_milp,True,653.0,0.0,False,20260815-q2-round2-portfolio-mixed-s12,20.522742,0.881228271,-77,0,0,"[{""aircraft_type"":""T3"",""base_airport"":""A02"",""candidate_features"":null,""new_candidate"":false,""service_order"":[""F026""]},{""aircraft_type"":""T3"",""base_airport"":""A01"",""candidate_features"":null,""new_candidate"":false,""service_order"":[""F030"",""F026""]},{""aircraft_type"":""T3"",""base_airport"":""A01"",""candidate_features"":null,""new_candidate"":false,""service_order"":[""F028"",""F018""]},{""aircraft_type"":""T3"",""base_airport"":""A02"",""candidate_features"":null,""new_candidate"":false,""service_order"":[""F026"",""F018"",""F030""]}]",0,0,,7.908978
sa,True,True,17,17693,restricted_local_master,"{""ranking"":""portfolio""}",24,17693,low_utilization_route,4,"[86,68,67,84]",,101,"[""F011"",""F018"",""F026"",""F028"",""F030""]",0,0,1095,False,1.4,1.0,0,0,portfolio_exact_local_milp,True,665.0,0.0,False,20260815-q2-round2-portfolio-mixed-s13,13.735427,0.920044415,-62,0,0,"[{""aircraft_type"":""T3"",""base_airport"":""A02"",""candidate_features"":null,""new_candidate"":false,""service_order"":[""F026""]},{""aircraft_type"":""T2"",""base_airport"":""A02"",""candidate_features"":null,""new_candidate"":false,""service_order"":[""F011"",""F028""]},{""aircraft_type"":""T3"",""base_airport"":""A01"",""candidate_features"":null,""new_candidate"":false,""service_order"":[""F028"",""F018""]},{""aircraft_type"":""T3"",""base_airport"":""A02"",""candidate_features"":null,""new_candidate"":false,""service_order"":[""F026"",""F018"",""F030""]}]",0,0,,12.0
sa,True,True,11,17693,restricted_local_master,"{""ranking"":""portfolio""}",24,17693,land_heavy_route,4,"[31,68,58,25]",,101,"[""F021"",""F024"",""F025"",""F027""]",0,1,1048,False,1.4,1.0,0,0,portfolio_exact_local_milp,True,644.9999999999999,0.0,False,20260815-q2-round2-portfolio-mixed-s13,14.618783,0.913401524,-59,0,0,"[{""aircraft_type"":""T3"",""base_airport"":""A01"",""candidate_features"":null,""new_candidate"":false,""service_order"":[""F021""]},{""aircraft_type"":""T3"",""base_airport"":""A01"",""candidate_features"":null,""new_candidate"":false,""service_order"":[""F027"",""F024""]},{""aircraft_type"":""T3"",""base_airport"":""A02"",""candidate_features"":null,""new_candidate"":false,""service_order"":[""F027"",""F021""]},{""aircraft_type"":""T3"",""base_airport"":""A01"",""candidate_features"":null,""new_candidate"":false,""service_order"":[""F021"",""F025"",""F027""]}]",0,1,,11.04
sa,True,True,12,17693,restricted_local_master,"{""ranking"":""portfolio""}",24,17693,land_heavy_route,4,"[31,82,93,94]",,101,"[""F021"",""F024"",""F027"",""F029"",""F036""]",0,2,1079,False,1.72,1.4,0,0,portfolio_exact_local_milp,True,629.0,0.0,False,20260815-q2-round2-portfolio-mixed-s13,6.960011,0.906235379,-12,0,0,"[{""aircraft_type"":""T3"",""base_airport"":""A01"",""candidate_features"":null,""new_candidate"":false,""service_order"":[""F029""]},{""aircraft_type"":""T3"",""base_airport"":""A01"",""candidate_features"":null,""new_candidate"":false,""service_order"":[""F021""]},{""aircraft_type"":""T3"",""base_airport"":""A01"",""candidate_features"":null,""new_candidate"":false,""service_order"":[""F027"",""F024""]},{""aircraft_type"":""T3"",""base_airport"":""A02"",""candidate_features"":null,""new_candidate"":false,""service_order"":[""F029"",""F021"",""F036""]}]",0,2,,10.1568
sa,True,True,16,17693,restricted_local_master,"{""ranking"":""portfolio""}",24,17693,low_utilization_route,4,"[89,90,62,22]",,101,"[""F016"",""F018"",""F026"",""F028"",""F030""]",0,3,1085,False,1.72,1.4,0,0,portfolio_exact_local_milp,True,632.0,0.0,False,20260815-q2-round2-portfolio-mixed-s13,4.104156,0.898509845,0,0,0,"[{""aircraft_type"":""T2"",""base_airport"":""A01"",""candidate_features"":null,""new_candidate"":false,""service_order"":[""F018"",""F016""]},{""aircraft_type"":""T3"",""base_airport"":""A01"",""candidate_features"":null,""new_candidate"":false,""service_order"":[""F030"",""F026""]},{""aircraft_type"":""T3"",""base_airport"":""A01"",""candidate_features"":null,""new_candidate"":false,""service_order"":[""F028"",""F018""]},{""aircraft_type"":""T3"",""base_airport"":""A02"",""candidate_features"":null,""new_candidate"":false,""service_order"":[""F026"",""F018"",""F030""]}]",0,3,,9.344256
sa,True,True,19,17693,restricted_local_master,"{""ranking"":""portfolio""}",24,17693,shared_facility_flow,4,"[79,80,54,76]",,101,"[""F031"",""F036"",""F039"",""F046"",""F047"",""F048"",""F049""]",0,4,947,False,1.4,1.0,0,0,portfolio_exact_local_milp,True,818.0,0.0,False,20260815-q2-round2-portfolio-mixed-s13,7.283973,0.890187205,-183,0,0,"[{""aircraft_type"":""T3"",""base_airport"":""A02"",""candidate_features"":null,""new_candidate"":false,""service_order"":[""F047""]},{""aircraft_type"":""T3"",""base_airport"":""A03"",""candidate_features"":null,""new_candidate"":false,""service_order"":[""F031"",""F047"",""F049""]},{""aircraft_type"":""T3"",""base_airport"":""A02"",""candidate_features"":null,""new_candidate"":false,""service_order"":[""F046"",""F047"",""F031"",""F036""]},{""aircraft_type"":""T3"",""base_airport"":""A03"",""candidate_features"":null,""new_candidate"":false,""service_order"":[""F049"",""F048"",""F039""]}]",0,4,,8.596716
sa,True,False,15,17693,restricted_local_master,"{""ranking"":""portfolio""}",24,17693,low_utilization_route,4,"[91,92,89,81]",,101,"[""F016"",""F018"",""F026"",""F028"",""F030""]",0,5,992,False,1.976,1.72,0,0,portfolio_exact_local_milp,True,628.0,0.0,False,20260815-q2-round2-portfolio-mixed-s13,2.574519,1.0,10,0,0,"[{""aircraft_type"":""T2"",""base_airport"":""A01"",""candidate_features"":null,""new_candidate"":false,""service_order"":[""F018"",""F016""]},{""aircraft_type"":""T3"",""base_airport"":""A02"",""candidate_features"":null,""new_candidate"":false,""service_order"":[""F026""]},{""aircraft_type"":""T3"",""base_airport"":""A01"",""candidate_features"":null,""new_candidate"":false,""service_order"":[""F028"",""F018""]},{""aircraft_type"":""T3"",""base_airport"":""A02"",""candidate_features"":null,""new_candidate"":false,""service_order"":[""F026"",""F018"",""F030""]}]",0,5,,7.908978
sa,True,True,13,17693,restricted_local_master,"{""ranking"":""portfolio""}",24,17693,land_heavy_route,4,"[30,32,60,14]",,101,"[""F001"",""F018"",""F022"",""F026"",""F033""]",0,6,890,False,1.976,1.72,0,0,portfolio_exact_local_milp,True,628.0,0.0,False,20260815-q2-round2-portfolio-mixed-s13,6.289477,0.871592534,-22,0,0,"[{""aircraft_type"":""T2"",""base_airport"":""A01"",""candidate_features"":null,""new_candidate"":false,""service_order"":[""F022""]},{""aircraft_type"":""T3"",""base_airport"":""A01"",""candidate_features"":null,""new_candidate"":false,""service_order"":[""F022"",""F033""]},{""aircraft_type"":""T3"",""base_airport"":""A01"",""candidate_features"":null,""new_candidate"":false,""service_order"":[""F033"",""F001""]},{""aircraft_type"":""T2"",""base_airport"":""A02"",""candidate_features"":null,""new_candidate"":true,""service_order"":[""F026"",""F033""]}]",1,6,,7.27626
sa,True,False,15,17693,restricted_local_master,"{""ranking"":""portfolio""}",24,17693,land_heavy_route,4,"[29,94,15,25]",,101,"[""F019"",""F020"",""F022"",""F033""]",0,7,1188,False,2.1808,1.976,0,0,portfolio_exact_local_milp,True,627.0,0.0,False,20260815-q2-round2-portfolio-mixed-s13,6.116719,1.0,42,0,0,"[{""aircraft_type"":""T2"",""base_airport"":""A01"",""candidate_features"":null,""new_candidate"":false,""service_order"":[""F022""]},{""aircraft_type"":""T3"",""base_airport"":""A01"",""candidate_features"":null,""new_candidate"":false,""service_order"":[""F020"",""F019""]},{""aircraft_type"":""T3"",""base_airport"":""A01"",""candidate_features"":null,""new_candidate"":false,""service_order"":[""F022"",""F033""]},{""aircraft_type"":""T3"",""base_airport"":""A02"",""candidate_features"":null,""new_candidate"":false,""service_order"":[""F019"",""F033"",""F022"",""F020""]}]",0,7,,6.694159
sa,True,True,19,17693,restricted_local_master,"{""ranking"":""portfolio""}",24,17693,low_utilization_route,4,"[66,9,8,38]",,101,"[""F001"",""F002"",""F009"",""F011"",""F012"",""F015""]",0,8,993,False,2.1808,1.976,0,0,portfolio_exact_local_milp,True,658.0,0.0,False,20260815-q2-round2-portfolio-mixed-s13,6.662726,0.850123312,-28,0,0,"[{""aircraft_type"":""T2"",""base_airport"":""A01"",""candidate_features"":null,""new_candidate"":false,""service_order"":[""F015"",""F009""]},{""aircraft_type"":""T3"",""base_airport"":""A01"",""candidate_features"":null,""new_candidate"":false,""service_order"":[""F011"",""F015""]},{""aircraft_type"":""T3"",""base_airport"":""A01"",""candidate_features"":null,""new_candidate"":false,""service_order"":[""F012"",""F015""]},{""aircraft_type"":""T2"",""base_airport"":""A01"",""candidate_features"":null,""new_candidate"":false,""service_order"":[""F002"",""F011"",""F001""]}]",0,8,,6.158626
sa,True,True,17,17693,restricted_local_master,"{""ranking"":""portfolio""}",24,17693,land_heavy_route,4,"[74,72,76,45]",,101,"[""F021"",""F025"",""F027"",""F029"",""F031"",""F036"",""F048""]",0,9,682,False,2.34464,2.1808,0,0,portfolio_exact_local_milp,True,736.0,0.0,False,20260815-q2-round2-portfolio-mixed-s13,2.374562,0.838204366,0,0,0,"[{""aircraft_type"":""T3"",""base_airport"":""A01"",""candidate_features"":null,""new_candidate"":false,""service_order"":[""F021""]},{""aircraft_type"":""T3"",""base_airport"":""A01"",""candidate_features"":null,""new_candidate"":false,""service_order"":[""F021"",""F025"",""F027""]},{""aircraft_type"":""T3"",""base_airport"":""A02"",""candidate_features"":null,""new_candidate"":false,""service_order"":[""F029"",""F021"",""F036""]},{""aircraft_type"":""T3"",""base_airport"":""A02"",""candidate_features"":null,""new_candidate"":false,""service_order"":[""F048"",""F031"",""F021""]}]",0,9,,5.665936
sa,True,False,19,17693,restricted_local_master,"{""ranking"":""portfolio""}",24,17693,low_utilization_route,4,"[36,68,67,77]",,101,"[""F038"",""F039"",""F045"",""F048"",""F049"",""F051""]",0,10,886,False,2.34464,2.1808,0,0,portfolio_exact_local_milp,True,870.0,0.0,False,20260815-q2-round2-portfolio-mixed-s13,5.397333,1.0,14,0,0,"[{""aircraft_type"":""T2"",""base_airport"":""A03"",""candidate_features"":null,""new_candidate"":false,""service_order"":[""F045"",""F048""]},{""aircraft_type"":""T3"",""base_airport"":""A03"",""candidate_features"":null,""new_candidate"":true,""service_order"":[""F039"",""F048""]},{""aircraft_type"":""T3"",""base_airport"":""A03"",""candidate_features"":null,""new_candidate"":false,""service_order"":[""F049"",""F048"",""F039""]},{""aircraft_type"":""T3"",""base_airport"":""A03"",""candidate_features"":null,""new_candidate"":false,""service_order"":[""F045"",""F051"",""F038"",""F039""]}]",1,10,,5.212661
sa,False,False,19,17693,restricted_local_master,"{""ranking"":""portfolio""}",24,17693,low_utilization_route,4,"[1,59,57,30]",,101,"[""F002"",""F003"",""F004"",""F006"",""F007"",""F013""]",0,11,931,False,2.075712,2.34464,0,0,portfolio_exact_local_milp,True,757.0,0.0,False,20260815-q2-round2-portfolio-mixed-s13,6.556733,0.811782875,0,0,0,"[{""aircraft_type"":""T3"",""base_airport"":""A01"",""candidate_features"":null,""new_candidate"":false,""service_order"":[""F002"",""F003""]},{""aircraft_type"":""T3"",""base_airport"":""A01"",""candidate_features"":null,""new_candidate"":false,""service_order"":[""F004"",""F007"",""F002""]},{""aircraft_type"":""T2"",""base_airport"":""A01"",""candidate_features"":null,""new_candidate"":false,""service_order"":[""F013""]},{""aircraft_type"":""T3"",""base_airport"":""A01"",""candidate_features"":null,""new_candidate"":true,""service_order"":[""F013"",""F002""]}]",1,11,,4.795649
sa,True,False,13,17693,restricted_local_master,"{""ranking"":""portfolio""}",24,17693,low_utilization_route,4,"[32,76,86,66]",,101,"[""F011"",""F015"",""F018"",""F028""]",0,12,1145,False,2.26057,2.075712,0,0,portfolio_exact_local_milp,True,641.0,0.0,False,20260815-q2-round2-portfolio-mixed-s13,5.189168,1.0,100,0,0,"[{""aircraft_type"":""T3"",""base_airport"":""A01"",""candidate_features"":null,""new_candidate"":false,""service_order"":[""F028""]},{""aircraft_type"":""T3"",""base_airport"":""A01"",""candidate_features"":null,""new_candidate"":false,""service_order"":[""F011"",""F015""]},{""aircraft_type"":""T2"",""base_airport"":""A02"",""candidate_features"":null,""new_candidate"":false,""service_order"":[""F011"",""F028""]},{""aircraft_type"":""T3"",""base_airport"":""A01"",""candidate_features"":null,""new_candidate"":false,""service_order"":[""F028"",""F018""]}]",0,12,,4.411997
sa,True,True,19,17693,restricted_local_master,"{""ranking"":""portfolio""}",24,17693,low_utilization_route,4,"[88,91,31,86]",,101,"[""F021"",""F025"",""F027"",""F031"",""F036"",""F039"",""F048"",""F049""]",0,13,640,False,2.408456,2.26057,0,0,portfolio_exact_local_milp,True,820.0,0.0,False,20260815-q2-round2-portfolio-mixed-s13,2.411485,0.781637767,0,0,0,"[{""aircraft_type"":""T3"",""base_airport"":""A01"",""candidate_features"":null,""new_candidate"":false,""service_order"":[""F021"",""F025"",""F027""]},{""aircraft_type"":""T2"",""base_airport"":""A02"",""candidate_features"":null,""new_candidate"":true,""service_order"":[""F036"",""F049""]},{""aircraft_type"":""T3"",""base_airport"":""A02"",""candidate_features"":null,""new_candidate"":false,""service_order"":[""F048"",""F031"",""F021""]},{""aircraft_type"":""T3"",""base_airport"":""A03"",""candidate_features"":null,""new_candidate"":false,""service_order"":[""F049"",""F048"",""F039""]}]",1,13,,4.059037
