person_id,aircraft_type,flight_no,pickup_stop_order,delivery_stop_order
P0001,T2,16,3,4
P0002,T2,13,0,1
P0003,T3,33,2,3
P0004,T3,9,0,2
P0005,T3,48,1,2
P0006,T3,7,1,3
P0007,T3,27,0,2
P0008,T3,70,0,1
P0009,T3,3,1,2
P0010,T3,37,3,4
P0011,T3,52,1,4
P0012,T3,67,2,4
P0013,T2,24,2,5
P0014,T3,20,1,2
P0015,T2,4,0,3
P0016,T3,70,0,1
P0017,T1,2,3,4
P0018,T2,1,2,3
P0019,T3,20,1,2
P0020,T3,18,0,1
P0021,T2,2,1,3
P0022,T3,33,2,3
P0023,T3,36,2,3
P0024,T3,52,1,4
P0025,T3,59,2,3
P0026,T3,64,1,3
P0027,T3,18,0,1
P0028,T2,12,0,1
P0029,T3,11,0,2
P0030,T3,63,0,1
P0031,T3,25,1,2
P0032,T3,8,1,2
P0033,T3,63,0,1
P0034,T2,5,3,4
P0035,T3,63,0,1
P0036,T3,16,0,1
P0037,T3,70,0,1
P0038,T3,32,1,3
P0039,T3,40,2,3
P0040,T3,52,0,2
P0041,T3,59,2,3
P0042,T3,47,0,1
P0043,T3,36,2,3
P0044,T3,47,0,1
P0045,T3,59,0,2
P0046,T3,39,1,4
P0047,T2,5,3,4
P0048,T3,58,1,2
P0049,T3,14,0,1
P0050,T3,2,1,2
P0051,T3,18,1,3
P0052,T3,20,1,2
P0053,T3,31,2,3
P0054,T2,2,2,4
P0055,T2,13,0,1
P0056,T3,70,0,1
P0057,T3,22,0,2
P0058,T2,13,0,1
P0059,T3,44,0,2
P0060,T3,36,2,3
P0061,T3,43,0,1
P0062,T3,18,1,3
P0063,T3,59,2,3
P0064,T3,54,1,2
P0065,T3,27,0,2
P0066,T3,27,0,2
P0067,T3,60,1,2
P0068,T3,72,0,2
P0069,T3,64,1,3
P0070,T3,21,0,1
P0071,T3,20,1,2
P0072,T3,33,0,2
P0073,T3,72,2,3
P0074,T3,64,0,2
P0075,T2,9,1,2
P0076,T3,15,2,3
P0077,T2,12,0,1
P0078,T3,1,1,2
P0079,T3,18,1,2
P0080,T3,50,2,3
P0081,T3,8,0,1
P0082,T3,75,2,3
P0083,T3,27,0,2
P0084,T3,76,4,5
P0085,T3,29,2,3
P0086,T3,1,0,1
P0087,T3,58,1,2
P0088,T3,27,2,3
P0089,T3,47,0,1
P0090,T1,2,3,4
P0091,T3,21,0,1
P0092,T3,41,1,2
P0093,T3,9,0,2
P0094,T3,11,0,2
P0095,T2,18,0,2
P0096,T3,63,2,3
P0097,T3,58,0,1
P0098,T3,37,3,4
P0099,T2,24,0,2
P0100,T3,18,1,3
P0101,T3,9,2,3
P0102,T3,36,0,2
P0103,T3,38,3,4
P0104,T3,60,3,5
P0105,T3,7,1,3
P0106,T3,7,2,3
P0107,T3,3,1,2
P0108,T2,9,1,2
P0109,T3,60,4,5
P0110,T3,60,2,5
P0111,T3,72,0,2
P0112,T3,34,2,3
P0113,T3,47,0,1
P0114,T3,72,2,3
P0115,T2,23,0,2
P0116,T3,27,0,2
P0117,T3,17,1,2
P0118,T3,62,1,2
P0119,T3,40,2,3
P0120,T2,15,2,3
P0121,T3,47,3,4
P0122,T3,55,2,3
P0123,T3,67,2,4
P0124,T3,70,0,1
P0125,T3,49,2,3
P0126,T2,13,0,1
P0127,T3,8,1,2
P0128,T2,11,3,4
P0129,T2,19,3,4
P0130,T2,2,3,4
P0131,T3,72,2,3
P0132,T2,18,0,2
P0133,T2,4,1,3
P0134,T3,59,0,2
P0135,T3,40,2,3
P0136,T3,61,2,3
P0137,T3,45,0,1
P0138,T3,7,0,1
P0139,T3,73,2,4
P0140,T3,65,0,1
P0141,T3,72,2,3
P0142,T3,27,2,3
P0143,T2,4,1,3
P0144,T2,3,3,4
P0145,T2,15,1,2
P0146,T3,3,0,1
P0147,T3,7,0,1
P0148,T3,70,0,1
P0149,T3,32,3,4
P0150,T3,11,1,2
P0151,T3,47,0,1
P0152,T3,76,1,2
P0153,T3,33,2,3
P0154,T3,29,2,3
P0155,T3,19,1,2
P0156,T3,40,2,3
P0157,T3,8,1,2
P0158,T3,47,0,1
P0159,T3,69,0,1
P0160,T3,61,2,3
P0161,T2,1,1,2
P0162,T3,24,2,3
P0163,T3,32,3,4
P0164,T3,73,2,4
P0165,T2,22,4,5
P0166,T3,42,0,1
P0167,T2,12,1,3
P0168,T3,74,1,2
P0169,T2,9,0,1
P0170,T2,3,3,4
P0171,T3,4,1,2
P0172,T3,19,0,1
P0173,T3,56,2,3
P0174,T3,12,0,1
P0175,T2,18,2,3
P0176,T3,7,1,3
P0177,T2,1,0,2
P0178,T3,54,1,2
P0179,T3,48,2,3
P0180,T3,59,1,2
P0181,T2,4,1,3
P0182,T2,16,3,4
P0183,T3,67,1,4
P0184,T3,36,0,2
P0185,T3,4,1,2
P0186,T3,47,0,1
P0187,T3,33,2,3
P0188,T2,23,0,3
P0189,T3,76,4,5
P0190,T3,72,2,3
P0191,T3,53,0,1
P0192,T3,15,0,1
P0193,T3,11,0,2
P0194,T3,1,1,2
P0195,T3,34,2,3
P0196,T3,76,2,4
P0197,T3,36,2,3
P0198,T2,23,3,4
P0199,T3,40,0,1
P0200,T3,32,3,4
P0201,T3,16,1,2
P0202,T3,63,2,3
P0203,T3,70,0,1
P0204,T3,59,2,3
P0205,T3,12,1,2
P0206,T3,33,0,2
P0207,T3,74,1,2
P0208,T3,37,3,4
P0209,T3,70,0,1
P0210,T3,58,1,2
P0211,T3,60,1,2
P0212,T2,2,1,3
P0213,T2,15,0,1
P0214,T2,13,0,1
P0215,T3,24,0,2
P0216,T3,21,0,1
P0217,T3,73,2,4
P0218,T3,75,2,3
P0219,T1,2,3,4
P0220,T3,64,1,3
P0221,T3,72,0,1
P0222,T3,15,0,1
P0223,T3,3,1,2
P0224,T2,16,3,4
P0225,T3,63,1,2
P0226,T3,74,0,1
P0227,T3,51,0,2
P0228,T3,9,0,2
P0229,T2,6,0,2
P0230,T1,1,0,2
P0231,T3,8,1,2
P0232,T2,13,1,2
P0233,T3,7,2,3
P0234,T2,17,1,3
P0235,T3,9,2,3
P0236,T3,19,1,2
P0237,T3,25,1,2
P0238,T3,49,0,1
P0239,T3,14,0,1
P0240,T3,35,0,2
P0241,T2,7,0,1
P0242,T3,31,3,4
P0243,T2,2,3,4
P0244,T3,47,0,1
P0245,T3,53,0,1
P0246,T2,19,3,4
P0247,T3,14,0,1
P0248,T3,71,2,3
P0249,T3,2,0,1
P0250,T3,46,1,2
P0251,T3,19,1,2
P0252,T3,1,0,1
P0253,T3,7,0,1
P0254,T3,70,0,1
P0255,T2,19,0,2
P0256,T3,48,2,3
P0257,T3,63,0,1
P0258,T3,48,2,3
P0259,T3,64,0,2
P0260,T3,40,0,1
P0261,T3,58,1,2
P0262,T3,58,1,2
P0263,T3,37,1,2
P0264,T3,76,4,5
P0265,T3,40,2,3
P0266,T3,9,0,2
P0267,T3,35,0,2
P0268,T2,13,0,1
P0269,T3,12,0,2
P0270,T3,49,1,2
P0271,T3,71,2,3
P0272,T2,7,0,1
P0273,T2,16,3,4
P0274,T3,40,2,3
P0275,T2,1,0,1
P0276,T2,16,1,3
P0277,T3,42,1,2
P0278,T3,59,2,3
P0279,T2,2,1,3
P0280,T3,7,1,3
P0281,T3,16,1,2
P0282,T1,2,3,4
P0283,T3,67,1,4
P0284,T3,12,0,1
P0285,T3,65,1,3
P0286,T3,71,2,3
P0287,T1,2,1,3
P0288,T3,15,0,1
P0289,T2,7,0,1
P0290,T3,19,1,2
P0291,T3,54,2,3
P0292,T2,3,3,4
P0293,T3,12,0,1
P0294,T3,41,0,1
P0295,T3,20,1,2
P0296,T3,65,1,3
P0297,T3,72,2,3
P0298,T3,72,0,2
P0299,T3,69,0,1
P0300,T3,70,0,1
P0301,T3,29,2,3
P0302,T3,54,2,3
P0303,T3,43,0,1
P0304,T3,11,0,2
P0305,T3,27,0,2
P0306,T3,69,0,1
P0307,T2,15,0,1
P0308,T3,70,1,2
P0309,T3,37,1,2
P0310,T3,70,1,3
P0311,T3,71,0,1
P0312,T3,27,2,3
P0313,T3,41,1,2
P0314,T3,24,2,3
P0315,T3,40,1,2
P0316,T2,5,3,4
P0317,T3,62,1,2
P0318,T3,56,2,3
P0319,T3,3,1,2
P0320,T3,23,0,2
P0321,T3,14,2,3
P0322,T3,56,2,3
P0323,T3,57,0,1
P0324,T3,38,2,4
P0325,T3,76,4,5
P0326,T3,51,0,2
P0327,T3,59,2,3
P0328,T2,16,1,3
P0329,T3,67,2,4
P0330,T3,40,0,1
P0331,T3,7,1,3
P0332,T2,9,0,1
P0333,T3,36,2,3
P0334,T2,13,1,2
P0335,T3,76,2,4
P0336,T3,40,1,2
P0337,T3,63,2,3
P0338,T3,49,0,1
P0339,T3,54,2,3
P0340,T3,15,2,3
P0341,T3,67,1,4
P0342,T3,13,2,3
P0343,T3,47,3,4
P0344,T2,20,0,1
P0345,T3,2,1,2
P0346,T3,74,1,2
P0347,T2,9,0,1
P0348,T3,7,2,3
P0349,T3,36,0,2
P0350,T3,2,0,1
P0351,T1,2,3,4
P0352,T3,29,2,3
P0353,T2,16,3,4
P0354,T3,4,1,2
P0355,T3,15,2,3
P0356,T3,40,1,2
P0357,T2,11,0,2
P0358,T3,31,2,3
P0359,T3,59,2,3
P0360,T3,42,1,2
P0361,T3,27,2,3
P0362,T3,27,2,3
P0363,T3,7,1,3
P0364,T3,76,4,5
P0365,T2,5,0,1
P0366,T3,37,1,2
P0367,T3,65,0,1
P0368,T3,65,0,3
P0369,T3,24,0,2
P0370,T3,43,1,2
P0371,T3,7,0,1
P0372,T2,17,3,4
P0373,T3,50,2,3
P0374,T3,69,1,2
P0375,T2,12,0,1
P0376,T3,71,0,1
P0377,T3,51,0,2
P0378,T3,52,2,3
P0379,T3,56,0,3
P0380,T3,14,2,3
P0381,T3,58,1,2
P0382,T3,7,0,1
P0383,T2,22,2,4
P0384,T3,40,2,3
P0385,T3,49,0,1
P0386,T3,66,0,2
P0387,T3,21,0,1
P0388,T3,24,0,2
P0389,T3,50,2,3
P0390,T2,24,0,2
P0391,T3,38,3,4
P0392,T3,22,1,2
P0393,T3,47,0,1
P0394,T3,71,0,1
P0395,T2,12,0,1
P0396,T3,64,0,2
P0397,T3,47,3,4
P0398,T3,55,2,3
P0399,T3,49,0,1
P0400,T3,74,1,2
P0401,T3,24,0,2
P0402,T3,8,0,1
P0403,T2,8,2,3
P0404,T3,27,0,2
P0405,T3,42,1,2
P0406,T2,9,1,2
P0407,T3,73,2,4
P0408,T3,4,1,2
P0409,T3,12,0,2
P0410,T2,15,0,1
P0411,T2,3,3,4
P0412,T3,59,2,3
P0413,T3,34,2,3
P0414,T3,11,0,2
P0415,T3,71,0,1
P0416,T2,1,2,3
P0417,T2,6,0,2
P0418,T3,45,0,1
P0419,T3,34,0,2
P0420,T3,76,4,5
P0421,T3,2,0,1
P0422,T2,24,0,2
P0423,T2,1,0,1
P0424,T3,47,3,4
P0425,T3,37,3,4
P0426,T3,40,1,2
P0427,T2,13,1,2
P0428,T3,29,0,2
P0429,T3,27,2,3
P0430,T2,5,0,1
P0431,T3,8,1,2
P0432,T3,59,2,3
P0433,T2,15,0,1
P0434,T3,37,1,2
P0435,T3,24,0,2
P0436,T3,2,0,1
P0437,T2,1,1,2
P0438,T3,71,0,1
P0439,T3,45,1,2
P0440,T3,2,0,1
P0441,T2,3,3,4
P0442,T2,10,0,1
P0443,T3,37,3,4
P0444,T3,47,3,4
P0445,T3,7,0,1
P0446,T3,36,0,2
P0447,T2,13,1,2
P0448,T3,20,0,1
P0449,T3,69,0,1
P0450,T3,15,0,1
P0451,T3,27,0,2
P0452,T3,11,2,3
P0453,T2,6,0,2
P0454,T3,62,0,1
P0455,T3,64,0,1
P0456,T3,71,0,1
P0457,T2,5,3,4
P0458,T3,2,0,1
P0459,T3,4,0,1
P0460,T2,13,0,1
P0461,T3,54,2,3
P0462,T3,36,0,2
P0463,T3,13,2,3
P0464,T3,8,1,2
P0465,T3,37,0,1
P0466,T3,76,2,4
P0467,T3,42,0,1
P0468,T2,23,3,4
P0469,T3,40,2,3
P0470,T2,23,0,3
P0471,T3,76,4,5
P0472,T3,7,0,1
P0473,T3,58,1,2
P0474,T3,25,1,2
P0475,T2,20,0,2
P0476,T3,13,0,1
P0477,T3,51,2,3
P0478,T3,37,3,4
P0479,T2,11,0,2
P0480,T3,22,0,2
P0481,T3,27,2,3
P0482,T2,1,0,1
P0483,T3,33,2,3
P0484,T3,13,0,1
P0485,T3,73,2,3
P0486,T3,45,1,2
P0487,T2,24,2,5
P0488,T3,20,2,3
P0489,T3,63,1,2
P0490,T3,23,0,2
P0491,T3,13,2,3
P0492,T3,2,0,1
P0493,T2,20,0,1
P0494,T3,76,2,4
P0495,T2,18,2,3
P0496,T3,24,0,2
P0497,T3,49,2,3
P0498,T3,2,1,2
P0499,T2,15,0,1
P0500,T2,5,3,4
P0501,T3,74,0,2
P0502,T3,36,0,2
P0503,T3,40,2,3
P0504,T3,19,1,2
P0505,T3,11,0,2
P0506,T3,34,2,3
P0507,T2,22,2,4
P0508,T3,22,2,3
P0509,T3,67,1,2
P0510,T3,9,0,2
P0511,T3,11,0,2
P0512,T3,8,0,1
P0513,T3,12,0,2
P0514,T3,67,2,4
P0515,T2,1,2,3
P0516,T3,40,1,2
P0517,T2,5,3,4
P0518,T2,3,3,4
P0519,T3,51,0,2
P0520,T2,18,0,2
P0521,T3,11,0,2
P0522,T3,11,0,2
P0523,T3,37,3,4
P0524,T3,7,2,3
P0525,T3,9,0,2
P0526,T2,10,1,2
P0527,T3,22,1,2
P0528,T2,4,0,3
P0529,T2,18,2,3
P0530,T3,36,0,2
P0531,T3,60,3,5
P0532,T1,2,3,4
P0533,T3,4,1,2
P0534,T3,27,2,3
P0535,T3,12,0,1
P0536,T2,10,3,5
P0537,T3,4,0,1
P0538,T2,1,2,3
P0539,T3,59,2,3
P0540,T3,42,0,1
P0541,T3,36,0,2
P0542,T3,44,0,2
P0543,T3,72,2,3
P0544,T2,9,1,2
P0545,T2,9,1,2
P0546,T2,24,0,2
P0547,T3,19,0,1
P0548,T3,18,1,3
P0549,T3,58,1,2
P0550,T3,71,0,1
P0551,T3,32,3,4
P0552,T3,24,0,2
P0553,T3,4,1,2
P0554,T3,60,4,5
P0555,T3,69,1,2
P0556,T3,76,1,2
P0557,T3,37,3,4
P0558,T3,64,0,2
P0559,T3,23,0,2
P0560,T2,1,1,2
P0561,T3,9,0,2
P0562,T3,20,0,1
P0563,T3,15,2,3
P0564,T2,3,3,4
P0565,T3,29,0,2
P0566,T3,64,0,2
P0567,T3,42,0,1
P0568,T2,5,0,1
P0569,T3,54,1,2
P0570,T3,13,0,1
P0571,T3,48,2,3
P0572,T2,20,0,1
P0573,T3,49,0,1
P0574,T1,1,0,2
P0575,T3,8,0,1
P0576,T3,74,1,2
P0577,T3,8,1,2
P0578,T3,63,1,2
P0579,T3,40,2,3
P0580,T3,21,0,1
P0581,T3,4,1,2
P0582,T3,66,0,2
P0583,T2,12,0,1
P0584,T3,9,0,2
P0585,T3,11,1,2
P0586,T3,8,1,2
P0587,T3,15,2,3
P0588,T3,54,0,1
P0589,T3,2,1,2
P0590,T2,18,2,3
P0591,T3,70,1,3
P0592,T3,31,2,3
P0593,T3,76,2,4
P0594,T3,29,2,3
P0595,T3,14,2,3
P0596,T3,69,1,2
P0597,T1,2,3,4
P0598,T3,45,0,1
P0599,T3,21,0,1
P0600,T3,23,0,2
P0601,T2,18,0,2
P0602,T3,8,0,1
P0603,T3,40,1,2
P0604,T3,16,1,2
P0605,T3,12,0,2
P0606,T2,4,3,4
P0607,T3,8,0,1
P0608,T3,48,2,3
P0609,T3,71,2,3
P0610,T3,19,0,1
P0611,T3,72,0,2
P0612,T3,2,0,1
P0613,T2,1,0,1
P0614,T3,17,1,2
P0615,T3,72,2,3
P0616,T2,24,0,2
P0617,T3,64,0,1
P0618,T2,24,0,2
P0619,T3,14,0,1
P0620,T3,11,0,2
P0621,T3,3,1,2
P0622,T2,1,0,2
P0623,T3,63,1,2
P0624,T2,18,2,3
P0625,T2,2,3,4
P0626,T3,2,1,2
P0627,T3,70,1,3
P0628,T3,62,0,1
P0629,T3,60,3,5
P0630,T3,9,2,3
P0631,T2,12,0,1
P0632,T3,3,0,1
P0633,T3,1,1,2
P0634,T2,7,0,1
P0635,T3,60,0,4
P0636,T3,13,2,3
P0637,T3,13,0,1
P0638,T3,64,0,1
P0639,T3,48,2,3
P0640,T1,2,3,4
P0641,T3,9,0,2
P0642,T2,12,0,1
P0643,T3,42,0,1
P0644,T3,9,0,2
P0645,T3,53,1,2
P0646,T3,36,2,3
P0647,T2,1,0,1
P0648,T2,6,0,2
P0649,T3,19,1,2
P0650,T2,6,2,3
P0651,T2,17,3,4
P0652,T3,22,0,2
P0653,T3,4,1,2
P0654,T2,8,2,3
P0655,T3,49,0,1
P0656,T3,11,2,3
P0657,T3,51,0,2
P0658,T3,37,1,2
P0659,T3,18,0,1
P0660,T3,44,0,1
P0661,T3,20,0,1
P0662,T3,31,1,2
P0663,T3,12,1,2
P0664,T3,4,1,2
P0665,T3,29,0,2
P0666,T3,2,1,2
P0667,T3,36,2,3
P0668,T3,9,2,3
P0669,T3,41,1,2
P0670,T2,12,1,3
P0671,T3,67,1,4
P0672,T2,6,0,2
P0673,T3,50,0,1
P0674,T3,27,2,3
P0675,T3,60,1,2
P0676,T3,37,3,4
P0677,T3,29,0,2
P0678,T3,16,1,2
P0679,T3,63,2,3
P0680,T3,18,0,1
P0681,T3,49,1,2
P0682,T3,9,0,2
P0683,T3,51,2,4
P0684,T3,18,1,3
P0685,T3,25,0,1
P0686,T3,19,1,2
P0687,T3,25,0,1
P0688,T3,54,2,3
P0689,T3,24,0,2
P0690,T3,25,2,3
P0691,T3,69,1,2
P0692,T3,73,2,3
P0693,T3,72,0,2
P0694,T2,2,3,4
P0695,T3,2,1,2
P0696,T3,4,0,1
P0697,T3,11,0,2
P0698,T3,23,0,1
P0699,T3,8,1,2
P0700,T2,7,0,1
P0701,T3,12,1,2
P0702,T3,22,1,2
P0703,T3,7,0,1
P0704,T3,66,0,2
P0705,T2,21,1,2
P0706,T3,20,2,3
P0707,T3,12,0,1
P0708,T2,2,1,3
P0709,T3,24,0,2
P0710,T3,31,2,3
P0711,T3,72,2,3
P0712,T2,16,3,4
P0713,T2,13,1,2
P0714,T3,58,0,1
P0715,T3,63,0,1
P0716,T3,19,1,2
P0717,T2,3,3,4
P0718,T3,47,0,1
P0719,T3,72,2,3
P0720,T3,47,3,4
P0721,T3,49,0,1
P0722,T3,34,2,3
P0723,T2,15,2,3
P0724,T3,2,1,2
P0725,T3,7,1,3
P0726,T3,67,2,4
P0727,T3,25,2,3
P0728,T3,66,0,2
P0729,T2,15,0,1
P0730,T2,18,2,3
P0731,T2,15,0,1
P0732,T3,20,1,2
P0733,T3,58,1,2
P0734,T3,34,2,3
P0735,T3,63,0,1
P0736,T3,43,1,2
P0737,T3,45,1,2
P0738,T2,24,0,2
P0739,T3,70,1,2
P0740,T3,63,1,2
P0741,T2,5,0,1
P0742,T3,8,1,2
P0743,T3,27,0,2
P0744,T3,21,0,1
P0745,T3,63,2,3
P0746,T3,15,0,1
P0747,T3,25,0,1
P0748,T2,22,4,5
P0749,T1,2,1,3
P0750,T2,13,0,1
P0751,T3,15,0,1
P0752,T2,15,2,3
P0753,T3,63,1,2
P0754,T3,71,2,3
P0755,T3,29,0,2
P0756,T3,73,2,4
P0757,T3,7,0,1
P0758,T3,37,3,4
P0759,T3,4,1,2
P0760,T2,3,1,2
P0761,T3,31,0,3
P0762,T3,63,2,3
P0763,T3,38,2,4
P0764,T3,54,1,2
P0765,T3,17,1,2
P0766,T2,16,3,4
P0767,T3,15,0,1
P0768,T3,66,0,2
P0769,T3,2,1,2
P0770,T2,10,1,2
P0771,T3,7,1,3
P0772,T2,22,2,4
P0773,T3,33,0,2
P0774,T3,4,1,2
P0775,T2,4,3,4
P0776,T2,5,0,1
P0777,T3,58,1,2
P0778,T2,18,0,2
P0779,T3,62,1,3
P0780,T3,43,1,2
P0781,T3,50,0,1
P0782,T2,13,0,1
P0783,T3,51,2,3
P0784,T3,76,1,2
P0785,T2,6,0,2
P0786,T3,22,0,2
P0787,T2,5,3,4
P0788,T3,19,0,1
P0789,T3,25,2,3
P0790,T3,43,1,2
P0791,T1,2,3,4
P0792,T3,7,0,1
P0793,T3,33,0,2
P0794,T3,51,0,2
P0795,T3,53,1,2
P0796,T3,8,0,1
P0797,T3,36,0,2
P0798,T2,6,2,3
P0799,T3,28,0,1
P0800,T2,13,0,1
P0801,T2,5,0,1
P0802,T2,10,1,2
P0803,T3,28,1,3
P0804,T2,3,3,4
P0805,T2,5,0,1
P0806,T2,21,1,2
P0807,T2,3,3,4
P0808,T3,28,0,1
P0809,T3,15,0,1
P0810,T2,20,2,3
P0811,T3,2,1,2
P0812,T3,22,0,2
P0813,T2,5,3,4
P0814,T2,16,3,4
P0815,T3,69,1,2
P0816,T3,54,1,2
P0817,T3,47,3,4
P0818,T3,23,0,1
P0819,T3,2,1,2
P0820,T3,49,0,1
P0821,T3,23,0,1
P0822,T2,10,0,1
P0823,T3,12,0,1
P0824,T2,16,3,4
P0825,T3,51,2,4
P0826,T2,5,0,1
P0827,T3,53,1,2
P0828,T3,21,0,1
P0829,T2,5,0,1
P0830,T3,24,2,3
P0831,T2,5,0,1
P0832,T3,63,2,3
P0833,T3,33,0,2
P0834,T3,53,0,1
P0835,T2,12,0,1
P0836,T3,52,2,3
P0837,T3,71,2,3
P0838,T2,10,0,1
P0839,T3,70,1,2
P0840,T3,52,2,3
P0841,T3,25,1,2
P0842,T3,2,1,2
P0843,T3,57,0,1
P0844,T2,13,1,2
P0845,T3,33,0,1
P0846,T3,59,2,3
P0847,T3,12,1,2
P0848,T3,54,0,1
P0849,T3,43,0,1
P0850,T3,48,1,2
P0851,T3,25,0,1
P0852,T3,70,1,2
P0853,T3,65,3,4
P0854,T3,37,3,4
P0855,T3,58,0,1
P0856,T3,36,0,2
P0857,T3,15,0,1
P0858,T3,67,2,4
P0859,T3,38,3,4
P0860,T3,1,0,1
P0861,T3,41,1,2
P0862,T3,71,0,1
P0863,T3,47,0,1
P0864,T2,15,2,3
P0865,T2,10,0,3
P0866,T3,8,1,2
P0867,T2,3,1,2
P0868,T3,65,0,1
P0869,T3,57,0,1
P0870,T2,6,0,2
P0871,T2,3,1,2
P0872,T3,24,0,2
P0873,T2,7,1,2
P0874,T3,32,3,4
P0875,T3,75,2,3
P0876,T3,54,2,3
P0877,T3,31,3,4
P0878,T2,12,1,3
P0879,T3,9,0,1
P0880,T3,65,0,1
P0881,T3,72,2,3
P0882,T3,16,2,3
P0883,T3,27,2,3
P0884,T3,65,3,4
P0885,T2,3,1,2
P0886,T3,59,1,2
P0887,T3,47,3,4
P0888,T3,24,0,2
P0889,T3,24,0,2
P0890,T3,63,1,2
P0891,T3,25,2,3
P0892,T2,16,3,4
P0893,T3,25,0,1
P0894,T2,5,0,1
P0895,T3,63,1,2
P0896,T3,27,0,2
P0897,T3,70,0,2
P0898,T3,53,1,2
P0899,T2,1,2,3
P0900,T3,25,2,3
P0901,T2,2,3,4
P0902,T3,17,1,2
P0903,T3,16,1,2
P0904,T3,36,0,2
P0905,T2,5,1,3
P0906,T3,7,2,3
P0907,T3,14,1,2
P0908,T3,3,0,1
P0909,T2,13,0,1
P0910,T3,27,2,3
P0911,T3,40,0,1
P0912,T2,6,0,2
P0913,T3,49,2,3
P0914,T3,64,1,3
P0915,T3,67,2,4
P0916,T3,42,0,1
P0917,T3,44,2,3
P0918,T3,16,0,1
P0919,T3,9,2,3
P0920,T3,54,1,2
P0921,T3,24,0,2
P0922,T2,9,1,2
P0923,T3,12,0,1
P0924,T3,25,2,3
P0925,T3,63,0,1
P0926,T3,11,0,2
P0927,T3,63,1,2
P0928,T3,52,1,4
P0929,T2,23,3,4
P0930,T3,2,1,2
P0931,T3,73,2,3
P0932,T2,16,3,4
P0933,T3,57,0,1
P0934,T3,41,1,2
P0935,T3,48,2,3
P0936,T3,48,2,3
P0937,T3,32,1,3
P0938,T3,53,3,5
P0939,T2,1,2,3
P0940,T3,51,2,3
P0941,T3,73,2,3
P0942,T3,2,1,2
P0943,T3,31,2,3
P0944,T3,66,1,3
P0945,T3,14,1,2
P0946,T2,20,0,1
P0947,T3,14,1,2
P0948,T2,5,0,1
P0949,T3,62,1,3
P0950,T2,1,0,1
P0951,T3,40,2,3
P0952,T3,57,0,1
P0953,T2,7,0,1
P0954,T3,69,1,2
P0955,T3,21,0,1
P0956,T3,36,2,3
P0957,T3,44,0,2
P0958,T2,15,2,3
P0959,T3,43,1,2
P0960,T2,15,2,3
P0961,T3,53,1,2
P0962,T3,69,0,1
P0963,T3,65,1,3
P0964,T2,20,2,3
P0965,T2,18,0,2
P0966,T2,6,2,3
P0967,T3,54,2,3
P0968,T3,37,3,4
P0969,T3,12,0,2
P0970,T3,52,2,3
P0971,T3,72,2,3
P0972,T3,1,1,2
P0973,T3,33,2,3
P0974,T3,47,1,2
P0975,T3,71,0,1
P0976,T2,10,3,5
P0977,T3,9,2,3
P0978,T3,10,0,2
P0979,T2,23,3,4
P0980,T3,40,0,1
P0981,T3,32,1,3
P0982,T3,1,1,2
P0983,T3,49,2,3
P0984,T3,76,2,4
P0985,T3,42,0,1
P0986,T3,71,0,1
P0987,T3,69,0,1
P0988,T3,67,1,2
P0989,T2,15,2,3
P0990,T3,65,1,3
P0991,T2,15,2,3
P0992,T2,13,0,1
P0993,T3,58,0,3
P0994,T3,57,0,1
P0995,T2,15,0,1
P0996,T2,10,3,5
P0997,T3,36,0,2
P0998,T3,17,0,1
P0999,T3,36,2,3
P1000,T3,9,0,2
P1001,T3,70,2,3
P1002,T3,4,1,2
P1003,T3,47,3,4
P1004,T3,65,0,1
P1005,T3,7,0,1
P1006,T3,9,0,1
P1007,T3,20,0,1
P1008,T3,20,2,3
P1009,T3,40,0,1
P1010,T2,12,1,3
P1011,T3,23,0,1
P1012,T3,24,2,3
P1013,T3,50,2,3
P1014,T2,15,2,3
P1015,T3,60,1,2
P1016,T2,5,0,1
P1017,T3,63,2,3
P1018,T3,71,0,1
P1019,T2,1,1,2
P1020,T2,10,3,5
P1021,T3,37,1,2
P1022,T3,18,0,1
P1023,T2,15,1,2
P1024,T3,47,3,4
P1025,T2,5,0,1
P1026,T3,13,2,3
P1027,T3,43,1,2
P1028,T3,52,2,3
P1029,T3,8,1,2
P1030,T3,18,1,2
P1031,T3,72,0,2
P1032,T3,71,2,3
P1033,T3,31,2,3
P1034,T2,2,1,3
P1035,T3,37,0,1
P1036,T3,8,0,1
P1037,T3,50,2,3
P1038,T3,71,2,3
P1039,T2,7,1,2
P1040,T2,16,3,4
P1041,T3,51,2,3
P1042,T3,40,0,1
P1043,T3,51,2,3
P1044,T3,63,2,3
P1045,T3,33,2,3
P1046,T3,13,2,3
P1047,T3,22,2,3
P1048,T3,15,0,1
P1049,T3,29,0,2
P1050,T2,18,0,2
P1051,T3,1,1,2
P1052,T3,3,0,1
P1053,T3,34,2,3
P1054,T2,15,2,3
P1055,T2,16,1,3
P1056,T3,27,0,2
P1057,T3,61,1,2
P1058,T3,72,2,3
P1059,T3,45,3,4
P1060,T2,3,3,4
P1061,T3,8,1,2
P1062,T2,3,1,2
P1063,T3,52,0,2
P1064,T1,2,3,4
P1065,T2,2,3,4
P1066,T3,63,1,2
P1067,T2,1,1,2
P1068,T2,15,0,1
P1069,T1,2,3,4
P1070,T2,15,1,2
P1071,T3,11,0,2
P1072,T3,26,1,2
P1073,T3,19,0,1
P1074,T1,2,3,4
P1075,T3,25,0,1
P1076,T3,72,0,2
P1077,T3,69,0,1
P1078,T3,10,0,2
P1079,T3,45,0,1
P1080,T3,17,0,1
P1081,T3,36,0,2
P1082,T3,53,0,1
P1083,T2,1,1,2
P1084,T3,69,1,2
P1085,T3,1,0,1
P1086,T3,20,0,1
P1087,T3,24,0,2
P1088,T2,1,2,3
P1089,T3,14,2,3
P1090,T3,56,2,3
P1091,T2,13,1,2
P1092,T3,19,0,1
P1093,T2,23,2,4
P1094,T3,76,2,4
P1095,T2,11,0,1
P1096,T2,12,1,3
P1097,T3,2,1,2
P1098,T3,61,1,2
P1099,T2,20,0,1
P1100,T3,8,0,1
P1101,T2,20,0,1
P1102,T3,61,1,2
P1103,T2,10,0,1
P1104,T3,12,1,3
P1105,T2,15,1,2
P1106,T3,54,1,2
P1107,T3,37,3,4
P1108,T3,63,0,1
P1109,T3,57,0,1
P1110,T3,53,3,5
P1111,T3,45,3,4
P1112,T3,56,0,2
P1113,T2,7,0,1
P1114,T2,1,0,1
P1115,T3,37,1,2
P1116,T2,21,1,2
P1117,T3,56,2,3
P1118,T3,25,0,1
P1119,T3,2,0,1
P1120,T3,2,0,1
P1121,T3,17,1,2
P1122,T3,32,0,1
P1123,T3,8,1,2
P1124,T3,29,0,2
P1125,T3,64,2,3
P1126,T3,42,1,2
P1127,T3,74,1,2
P1128,T2,24,3,5
P1129,T3,63,2,3
P1130,T3,54,1,2
P1131,T3,25,0,1
P1132,T2,4,3,4
P1133,T3,27,0,2
P1134,T3,39,1,4
P1135,T3,49,0,1
P1136,T3,52,3,4
P1137,T3,65,0,3
P1138,T3,53,3,5
P1139,T2,6,0,2
P1140,T3,70,1,2
P1141,T2,13,0,1
P1142,T3,26,1,2
P1143,T2,3,3,4
P1144,T2,15,0,1
P1145,T3,31,1,2
P1146,T3,32,1,3
P1147,T3,34,2,3
P1148,T3,42,0,1
P1149,T3,36,2,3
P1150,T2,1,1,2
P1151,T2,13,0,1
P1152,T3,7,1,3
P1153,T2,6,0,2
P1154,T3,73,2,3
P1155,T3,25,2,3
P1156,T3,27,0,2
P1157,T2,5,0,1
P1158,T3,69,1,2
P1159,T3,43,1,2
P1160,T2,20,0,1
P1161,T3,41,2,4
P1162,T3,52,3,4
P1163,T2,11,0,1
P1164,T2,20,0,1
P1165,T2,15,2,3
P1166,T3,60,4,5
P1167,T3,8,0,1
P1168,T3,25,1,2
P1169,T3,25,2,3
P1170,T3,52,3,4
P1171,T3,54,0,1
P1172,T3,12,2,3
P1173,T3,19,0,1
P1174,T3,64,0,1
P1175,T3,10,1,3
P1176,T2,21,2,4
P1177,T3,74,2,3
P1178,T3,48,2,3
P1179,T2,7,0,1
P1180,T3,62,1,2
P1181,T3,12,1,2
P1182,T3,26,2,3
P1183,T3,53,3,5
P1184,T3,4,0,1
P1185,T3,12,1,2
P1186,T3,74,2,3
P1187,T3,9,0,2
P1188,T2,13,0,1
P1189,T3,45,3,4
P1190,T3,7,1,3
P1191,T3,76,4,5
P1192,T3,76,4,5
P1193,T2,17,1,3
P1194,T3,7,0,1
P1195,T3,74,0,2
P1196,T3,25,0,1
P1197,T3,76,4,5
P1198,T3,31,0,3
P1199,T3,53,0,1
P1200,T3,20,0,1
P1201,T3,33,0,2
P1202,T2,8,2,3
P1203,T3,41,0,1
P1204,T3,49,2,3
P1205,T3,34,2,3
P1206,T3,33,0,1
P1207,T3,63,2,3
P1208,T3,8,0,1
P1209,T3,20,1,2
P1210,T3,9,0,2
P1211,T3,2,1,2
P1212,T3,64,2,3
P1213,T3,7,0,1
P1214,T3,8,1,2
P1215,T3,16,2,3
P1216,T3,3,0,1
P1217,T2,19,0,2
P1218,T3,56,2,3
P1219,T3,76,4,5
P1220,T3,4,1,2
P1221,T3,40,0,1
P1222,T3,17,1,2
P1223,T3,56,3,4
P1224,T3,41,1,2
P1225,T3,3,1,2
P1226,T3,69,0,1
P1227,T3,69,1,2
P1228,T3,7,1,3
P1229,T3,8,0,1
P1230,T3,37,1,2
P1231,T3,52,0,2
P1232,T2,4,1,3
P1233,T3,15,0,1
P1234,T3,50,3,4
P1235,T2,11,0,1
P1236,T3,58,0,1
P1237,T2,10,3,5
P1238,T3,33,0,2
P1239,T3,51,2,3
P1240,T3,73,2,3
P1241,T3,29,2,3
P1242,T3,8,1,2
P1243,T3,25,0,1
P1244,T3,69,1,2
P1245,T2,8,2,3
P1246,T2,5,3,4
P1247,T3,32,0,1
P1248,T3,13,2,3
P1249,T3,20,2,3
P1250,T3,13,2,3
P1251,T3,67,1,4
P1252,T3,45,1,2
P1253,T2,24,3,5
P1254,T3,73,0,2
P1255,T3,40,1,2
P1256,T2,23,0,2
P1257,T3,9,2,3
P1258,T3,54,2,3
P1259,T3,53,3,5
P1260,T3,20,2,3
P1261,T2,19,0,2
P1262,T3,53,3,5
P1263,T2,6,2,3
P1264,T3,3,0,1
P1265,T3,29,2,3
P1266,T3,11,0,2
P1267,T3,32,0,1
P1268,T3,64,0,1
P1269,T3,53,0,1
P1270,T3,23,0,1
P1271,T3,1,1,2
P1272,T3,41,1,2
P1273,T3,68,3,4
P1274,T2,10,3,5
P1275,T3,74,2,3
P1276,T3,69,0,1
P1277,T3,68,3,4
P1278,T3,49,0,1
P1279,T3,3,1,2
P1280,T2,1,2,3
P1281,T2,5,3,4
P1282,T3,74,2,3
P1283,T2,8,2,3
P1284,T2,20,0,1
P1285,T3,7,0,1
P1286,T3,20,2,3
P1287,T3,20,2,3
P1288,T3,54,1,2
P1289,T3,61,1,2
P1290,T3,26,2,3
P1291,T3,48,2,3
P1292,T3,40,1,2
P1293,T3,45,3,4
P1294,T2,18,0,2
P1295,T2,13,1,2
P1296,T2,6,0,2
P1297,T3,59,2,3
P1298,T2,5,3,4
P1299,T3,8,1,2
P1300,T3,73,0,2
P1301,T3,22,2,3
P1302,T3,27,2,3
P1303,T3,19,0,1
P1304,T2,18,2,3
P1305,T3,45,3,4
P1306,T3,61,1,2
P1307,T3,10,0,2
P1308,T3,32,0,1
P1309,T3,64,1,3
P1310,T3,62,0,1
P1311,T3,15,2,3
P1312,T3,53,1,2
P1313,T3,76,2,4
P1314,T3,68,3,4
P1315,T3,2,0,1
P1316,T2,18,0,2
P1317,T2,12,1,3
P1318,T2,3,1,2
P1319,T3,9,0,2
P1320,T3,16,1,2
P1321,T3,15,2,3
P1322,T3,32,0,1
P1323,T3,76,4,5
P1324,T3,20,0,1
P1325,T2,7,1,2
P1326,T3,59,1,2
P1327,T2,18,0,2
P1328,T3,64,2,3
P1329,T3,2,0,1
P1330,T3,48,2,3
P1331,T3,53,1,2
P1332,T3,13,2,3
P1333,T3,2,0,1
P1334,T3,62,0,1
P1335,T3,56,0,2
P1336,T3,27,2,3
P1337,T3,9,2,3
P1338,T3,21,0,1
P1339,T3,71,0,1
P1340,T3,26,2,3
P1341,T3,20,2,3
P1342,T2,7,0,1
P1343,T3,2,0,1
P1344,T3,32,3,4
P1345,T2,20,0,1
P1346,T2,18,1,3
P1347,T2,1,0,1
P1348,T2,21,1,2
P1349,T2,10,1,2
P1350,T3,8,0,1
P1351,T3,46,1,2
P1352,T3,59,2,3
P1353,T2,8,2,3
P1354,T3,59,1,2
P1355,T3,36,2,3
P1356,T3,73,2,3
P1357,T3,19,0,1
P1358,T3,2,0,1
P1359,T2,22,2,4
P1360,T3,17,1,2
P1361,T3,65,3,4
P1362,T3,71,2,3
P1363,T3,40,1,2
P1364,T3,17,0,1
P1365,T3,2,0,1
P1366,T2,23,0,2
P1367,T3,71,0,1
P1368,T3,28,0,1
P1369,T2,7,0,1
P1370,T3,46,1,2
P1371,T2,17,1,3
P1372,T2,7,1,2
P1373,T2,15,2,3
P1374,T3,1,1,2
P1375,T2,22,2,4
P1376,T3,20,0,1
P1377,T3,34,2,3
P1378,T3,9,2,3
P1379,T3,23,2,3
P1380,T3,45,0,1
P1381,T3,32,0,1
P1382,T2,10,0,1
P1383,T3,43,1,2
P1384,T2,1,2,3
P1385,T3,57,0,1
P1386,T3,52,2,3
P1387,T3,8,1,2
P1388,T3,23,2,3
P1389,T3,12,1,2
P1390,T3,26,2,3
P1391,T2,5,1,3
P1392,T3,27,0,2
P1393,T2,12,3,4
P1394,T3,47,0,1
P1395,T3,18,0,1
P1396,T3,64,2,3
P1397,T3,47,0,1
P1398,T3,51,1,4
P1399,T3,47,0,1
P1400,T3,56,2,3
P1401,T3,69,1,2
P1402,T3,13,0,1
P1403,T2,22,2,4
P1404,T3,19,0,1
P1405,T3,70,1,2
P1406,T2,5,1,3
P1407,T3,58,0,1
P1408,T3,61,2,3
P1409,T3,63,1,2
P1410,T3,62,1,2
P1411,T3,61,1,2
P1412,T3,13,2,3
P1413,T3,29,0,1
P1414,T3,21,2,3
P1415,T3,54,2,3
P1416,T2,5,3,4
P1417,T3,7,2,3
P1418,T3,20,1,2
P1419,T3,59,1,2
P1420,T3,47,1,4
P1421,T3,68,3,4
P1422,T3,4,0,1
P1423,T3,27,0,2
P1424,T3,23,2,3
P1425,T3,1,1,2
P1426,T2,1,2,3
P1427,T3,68,3,4
P1428,T3,6,1,2
P1429,T3,14,0,1
P1430,T3,37,1,2
P1431,T3,18,0,1
P1432,T3,74,2,3
P1433,T3,51,2,3
P1434,T3,59,2,3
P1435,T3,64,0,1
P1436,T3,58,1,2
P1437,T3,76,1,2
P1438,T3,48,1,2
P1439,T2,24,3,5
P1440,T3,37,3,4
P1441,T2,18,2,3
P1442,T3,54,3,4
P1443,T3,33,0,1
P1444,T3,9,2,3
P1445,T2,7,0,1
P1446,T2,5,3,4
P1447,T3,29,0,1
P1448,T3,7,1,3
P1449,T3,41,1,2
P1450,T2,18,0,2
P1451,T3,56,0,2
P1452,T3,42,0,1
P1453,T3,2,0,1
P1454,T3,14,2,3
P1455,T3,46,1,2
P1456,T3,59,1,2
P1457,T3,71,2,3
P1458,T3,18,0,1
P1459,T3,64,2,3
P1460,T3,31,2,3
P1461,T3,23,0,1
P1462,T3,31,0,3
P1463,T2,13,0,1
P1464,T3,19,0,1
P1465,T3,25,2,3
P1466,T3,27,2,3
P1467,T3,33,0,1
P1468,T3,64,1,3
P1469,T3,3,1,2
P1470,T3,7,0,1
P1471,T3,42,0,1
P1472,T3,21,2,3
P1473,T3,52,3,4
P1474,T3,58,0,1
P1475,T3,21,0,1
P1476,T2,14,0,1
P1477,T3,67,0,1
P1478,T2,1,2,3
P1479,T3,51,0,2
P1480,T3,74,2,3
P1481,T2,14,0,1
P1482,T3,72,0,2
P1483,T3,29,2,3
P1484,T3,67,0,1
P1485,T3,76,4,5
P1486,T3,4,1,2
P1487,T2,6,2,3
P1488,T3,58,0,1
P1489,T3,53,3,5
P1490,T3,23,2,3
P1491,T3,65,3,4
P1492,T3,13,2,3
P1493,T3,45,0,1
P1494,T3,36,2,3
P1495,T2,5,3,4
P1496,T2,16,1,3
P1497,T3,57,0,1
P1498,T3,63,1,2
P1499,T3,14,2,3
P1500,T2,20,0,1
P1501,T3,54,3,4
P1502,T3,67,1,2
P1503,T3,64,1,3
P1504,T3,7,0,1
P1505,T2,17,1,3
P1506,T3,17,0,1
P1507,T3,59,1,2
P1508,T3,49,2,3
P1509,T3,18,0,1
P1510,T3,17,1,2
P1511,T3,49,2,3
P1512,T3,33,0,1
P1513,T2,4,1,3
P1514,T2,10,1,2
P1515,T3,29,0,1
P1516,T3,59,2,3
P1517,T3,32,0,1
P1518,T3,46,0,1
P1519,T3,3,1,2
P1520,T3,76,0,1
P1521,T3,45,0,1
P1522,T3,76,4,5
P1523,T3,25,0,1
P1524,T3,1,1,2
P1525,T3,54,2,3
P1526,T3,25,1,2
P1527,T3,50,2,3
P1528,T3,15,0,1
P1529,T3,12,0,1
P1530,T2,1,1,2
P1531,T3,62,1,2
P1532,T3,59,2,3
P1533,T3,19,1,2
P1534,T3,33,0,1
P1535,T3,70,2,3
P1536,T3,3,1,2
P1537,T2,1,0,1
P1538,T2,13,1,2
P1539,T3,14,1,2
P1540,T3,40,1,2
P1541,T3,21,0,1
P1542,T3,65,3,4
P1543,T3,45,3,4
P1544,T2,14,0,1
P1545,T3,47,1,4
P1546,T2,21,2,4
P1547,T3,53,3,5
P1548,T3,75,2,3
P1549,T3,46,0,1
P1550,T3,16,1,2
P1551,T3,29,2,3
P1552,T3,53,0,1
P1553,T3,3,0,1
P1554,T2,2,1,3
P1555,T3,29,2,3
P1556,T3,51,0,2
P1557,T3,27,2,3
P1558,T2,3,3,4
P1559,T3,58,0,1
P1560,T3,27,2,3
P1561,T3,25,2,3
P1562,T3,49,0,1
P1563,T3,34,2,3
P1564,T3,71,0,1
P1565,T2,10,3,5
P1566,T3,7,0,1
P1567,T3,65,0,1
P1568,T3,18,1,2
P1569,T2,19,0,2
P1570,T3,57,0,1
P1571,T3,12,0,1
P1572,T3,41,1,2
P1573,T3,52,3,4
P1574,T3,15,0,1
P1575,T2,23,0,2
P1576,T3,32,0,1
P1577,T2,14,0,1
P1578,T2,7,1,2
P1579,T2,1,0,1
P1580,T3,71,0,1
P1581,T3,48,1,2
P1582,T2,1,0,1
P1583,T3,14,2,3
P1584,T3,58,1,2
P1585,T3,54,2,3
P1586,T3,74,1,2
P1587,T2,22,2,4
P1588,T3,60,1,2
P1589,T3,56,3,4
P1590,T3,76,1,2
P1591,T3,69,1,2
P1592,T3,47,1,2
P1593,T2,1,2,3
P1594,T2,5,3,4
P1595,T3,48,2,3
P1596,T3,23,2,3
P1597,T3,20,2,3
P1598,T3,65,0,1
P1599,T3,61,1,2
P1600,T3,8,1,2
P1601,T3,8,0,1
P1602,T3,46,1,2
P1603,T3,16,2,3
P1604,T2,19,0,2
P1605,T3,12,0,1
P1606,T3,76,2,4
P1607,T3,7,0,1
P1608,T3,71,0,1
P1609,T3,8,0,1
P1610,T3,1,0,1
P1611,T3,35,0,2
P1612,T3,49,0,1
P1613,T3,19,0,1
P1614,T3,19,1,2
P1615,T3,54,0,1
P1616,T3,52,0,2
P1617,T3,71,2,3
P1618,T3,30,1,3
P1619,T3,24,2,3
P1620,T3,61,2,3
P1621,T2,13,1,2
P1622,T3,46,1,2
P1623,T3,34,2,3
P1624,T3,43,1,2
P1625,T3,47,0,1
P1626,T3,38,2,4
P1627,T2,14,0,1
P1628,T3,48,1,2
P1629,T3,49,1,2
P1630,T3,67,1,2
P1631,T3,30,1,3
P1632,T3,36,2,3
P1633,T2,4,1,3
P1634,T3,62,2,3
P1635,T3,69,1,2
P1636,T3,24,2,3
P1637,T3,24,2,3
P1638,T3,66,1,3
P1639,T3,13,2,3
P1640,T3,38,0,3
P1641,T3,54,1,2
P1642,T3,2,1,2
P1643,T3,76,2,4
P1644,T3,1,1,2
P1645,T2,20,0,1
P1646,T3,68,3,4
P1647,T3,49,1,2
P1648,T2,11,3,4
P1649,T2,17,3,4
P1650,T3,24,0,2
P1651,T3,56,2,3
P1652,T3,25,1,2
P1653,T3,23,0,1
P1654,T3,29,0,1
P1655,T3,14,0,1
P1656,T3,2,1,2
P1657,T3,74,2,3
P1658,T3,49,2,3
P1659,T3,76,1,2
P1660,T3,42,1,2
P1661,T2,20,0,1
P1662,T3,12,1,3
P1663,T3,55,3,4
P1664,T2,20,0,1
P1665,T3,74,1,3
P1666,T3,75,2,3
P1667,T3,12,0,1
P1668,T3,15,0,1
P1669,T3,18,1,2
P1670,T3,59,1,2
P1671,T3,2,0,1
P1672,T3,23,2,3
P1673,T3,76,2,4
P1674,T3,74,2,3
P1675,T2,8,2,3
P1676,T2,3,3,4
P1677,T3,44,0,2
P1678,T3,23,2,3
P1679,T3,69,1,2
P1680,T2,1,0,1
P1681,T3,73,0,2
P1682,T3,4,0,1
P1683,T3,64,0,1
P1684,T3,36,0,2
P1685,T3,18,0,1
P1686,T3,27,0,2
P1687,T3,15,2,3
P1688,T3,13,0,2
P1689,T2,1,2,3
P1690,T3,71,0,1
P1691,T3,73,2,3
P1692,T3,53,3,5
P1693,T2,21,2,4
P1694,T3,23,0,1
P1695,T2,3,1,2
P1696,T3,23,2,3
P1697,T2,1,0,1
P1698,T3,56,2,3
P1699,T3,2,0,1
P1700,T3,54,3,4
P1701,T2,23,0,2
P1702,T2,21,3,4
P1703,T3,22,0,2
P1704,T3,49,1,2
P1705,T3,65,0,1
P1706,T3,27,2,3
P1707,T3,49,2,3
P1708,T3,56,0,2
P1709,T3,64,1,3
P1710,T2,2,0,1
P1711,T3,47,1,2
P1712,T2,12,1,3
P1713,T3,59,0,1
P1714,T2,23,0,2
P1715,T3,65,0,1
P1716,T3,55,3,4
P1717,T3,20,1,2
P1718,T3,12,0,1
P1719,T3,54,1,2
P1720,T3,58,2,4
P1721,T3,32,0,1
P1722,T3,69,1,2
P1723,T3,36,0,2
P1724,T3,11,0,2
P1725,T3,58,0,1
P1726,T3,56,2,3
P1727,T2,21,2,4
P1728,T3,41,2,4
P1729,T2,8,0,2
P1730,T3,68,3,4
P1731,T3,49,2,3
P1732,T3,76,2,4
P1733,T3,9,2,3
P1734,T3,18,0,1
P1735,T3,50,2,3
P1736,T3,33,2,3
P1737,T3,40,1,2
P1738,T3,69,0,1
P1739,T3,20,0,1
P1740,T3,46,1,2
P1741,T3,24,2,3
P1742,T3,51,0,2
P1743,T3,1,0,1
P1744,T3,25,1,2
P1745,T3,45,0,1
P1746,T3,55,3,4
P1747,T3,68,3,4
P1748,T3,47,0,1
P1749,T3,16,2,3
P1750,T3,65,0,1
P1751,T3,41,2,4
P1752,T3,7,0,1
P1753,T2,5,0,1
P1754,T3,18,0,1
P1755,T3,24,2,3
P1756,T3,56,3,4
P1757,T3,8,0,1
P1758,T3,8,0,1
P1759,T3,8,0,1
P1760,T2,10,0,1
P1761,T2,19,0,2
P1762,T3,29,2,3
P1763,T3,61,0,1
P1764,T2,7,1,2
P1765,T2,5,1,3
P1766,T3,49,0,1
P1767,T3,41,0,1
P1768,T3,41,2,4
P1769,T3,20,2,3
P1770,T3,11,1,3
P1771,T3,18,0,1
P1772,T3,33,0,1
P1773,T2,7,0,1
P1774,T3,17,0,1
P1775,T3,20,2,3
P1776,T3,4,1,2
P1777,T3,30,1,3
P1778,T3,53,0,1
P1779,T3,2,1,2
P1780,T3,41,2,4
P1781,T3,43,1,2
P1782,T3,17,0,1
P1783,T3,49,2,3
P1784,T3,12,2,3
P1785,T3,38,0,3
P1786,T3,53,1,2
P1787,T3,63,1,2
P1788,T3,20,1,2
P1789,T3,49,1,2
P1790,T3,59,0,1
P1791,T2,18,2,3
P1792,T2,13,1,2
P1793,T1,1,0,2
P1794,T3,59,0,1
P1795,T3,45,3,4
P1796,T3,59,1,3
P1797,T3,25,0,1
P1798,T1,2,1,3
P1799,T3,49,2,3
P1800,T3,36,2,3
P1801,T3,71,0,1
P1802,T3,30,1,3
P1803,T3,38,0,3
P1804,T3,20,0,1
P1805,T2,11,0,1
P1806,T3,33,0,1
P1807,T3,11,0,1
P1808,T3,68,3,4
P1809,T3,73,2,3
P1810,T3,14,2,3
P1811,T3,73,0,2
P1812,T3,59,2,3
P1813,T2,16,1,3
P1814,T2,7,0,1
P1815,T3,76,4,5
P1816,T3,4,1,2
P1817,T3,24,0,2
P1818,T3,25,2,3
P1819,T3,24,2,3
P1820,T3,16,2,3
P1821,T3,37,1,2
P1822,T3,41,2,4
P1823,T2,17,1,3
P1824,T3,76,4,5
P1825,T3,31,3,4
P1826,T3,33,2,3
P1827,T3,74,0,1
P1828,T3,4,0,1
P1829,T3,37,1,2
P1830,T3,24,2,3
P1831,T3,37,1,2
P1832,T3,57,0,1
P1833,T2,21,2,4
P1834,T3,58,2,4
P1835,T2,13,1,2
P1836,T2,12,1,3
P1837,T3,31,3,4
P1838,T3,22,0,2
P1839,T3,52,0,2
P1840,T3,54,3,4
P1841,T2,7,0,1
P1842,T3,23,2,3
P1843,T2,16,1,3
P1844,T3,16,2,3
P1845,T3,25,2,3
P1846,T3,47,0,1
P1847,T3,32,0,1
P1848,T3,8,0,1
P1849,T3,64,1,3
P1850,T3,51,0,2
P1851,T3,31,3,4
P1852,T3,11,1,3
P1853,T2,11,0,1
P1854,T3,70,0,2
P1855,T3,54,0,1
P1856,T3,4,0,1
P1857,T3,59,0,1
P1858,T3,49,0,1
P1859,T3,72,0,1
P1860,T2,18,2,3
P1861,T3,67,1,2
P1862,T2,10,3,5
P1863,T3,3,1,2
P1864,T3,46,0,1
P1865,T3,26,2,3
P1866,T3,11,0,1
P1867,T3,4,0,1
P1868,T3,52,3,4
P1869,T3,41,2,4
P1870,T2,19,0,2
P1871,T3,60,3,5
P1872,T3,16,0,1
P1873,T2,22,4,5
P1874,T2,13,1,2
P1875,T3,21,2,3
P1876,T3,49,1,2
P1877,T3,59,1,2
P1878,T3,69,0,1
P1879,T3,58,2,4
P1880,T3,74,2,3
P1881,T3,31,1,2
P1882,T3,55,3,4
P1883,T3,4,0,1
P1884,T3,50,0,1
P1885,T3,54,3,4
P1886,T3,6,0,1
P1887,T3,39,1,4
P1888,T3,54,1,2
P1889,T3,59,1,3
P1890,T3,53,0,1
P1891,T3,46,0,1
P1892,T3,52,3,4
P1893,T3,45,1,2
P1894,T3,32,1,3
P1895,T2,20,0,1
P1896,T3,61,1,2
P1897,T2,6,0,2
P1898,T2,20,2,3
P1899,T3,47,1,4
P1900,T2,14,0,1
P1901,T2,3,1,2
P1902,T2,11,0,1
P1903,T3,60,1,2
P1904,T1,2,0,1
P1905,T2,15,0,1
P1906,T3,56,0,2
P1907,T2,12,0,1
P1908,T3,65,0,1
P1909,T3,58,1,2
P1910,T2,2,0,1
P1911,T3,65,1,3
P1912,T3,76,1,2
P1913,T3,50,0,2
P1914,T3,33,2,3
P1915,T3,55,3,4
P1916,T3,27,0,2
P1917,T3,16,1,2
P1918,T3,53,1,2
P1919,T3,69,0,1
P1920,T3,12,1,2
P1921,T3,60,0,1
P1922,T3,52,2,3
P1923,T3,31,3,4
P1924,T2,15,1,2
P1925,T3,68,3,4
P1926,T3,36,0,2
P1927,T3,4,1,2
P1928,T2,16,1,3
P1929,T3,25,2,3
P1930,T3,12,1,3
P1931,T3,49,1,2
P1932,T3,50,2,3
P1933,T2,2,0,1
P1934,T3,65,1,3
P1935,T3,20,2,3
P1936,T3,58,0,1
P1937,T3,9,2,3
P1938,T3,55,2,3
P1939,T3,9,2,3
P1940,T3,73,0,2
P1941,T3,24,2,3
P1942,T3,76,4,5
P1943,T3,16,2,3
P1944,T3,33,0,2
P1945,T3,21,0,1
P1946,T3,43,1,2
P1947,T3,49,2,3
P1948,T3,54,0,1
P1949,T3,61,0,1
P1950,T3,58,2,4
P1951,T2,21,1,2
P1952,T3,68,3,4
P1953,T3,76,2,4
P1954,T2,4,0,1
P1955,T2,7,1,2
P1956,T3,69,0,1
P1957,T3,31,3,4
P1958,T3,70,1,3
P1959,T3,57,0,1
P1960,T2,10,0,1
P1961,T2,3,3,4
P1962,T3,36,0,2
P1963,T3,49,1,2
P1964,T2,7,2,3
P1965,T3,64,1,3
P1966,T3,23,2,3
P1967,T3,65,3,4
P1968,T3,13,0,2
P1969,T3,58,0,1
P1970,T3,43,1,2
P1971,T3,14,1,2
P1972,T3,14,2,3
P1973,T3,53,3,5
P1974,T2,21,3,4
P1975,T2,10,1,2
P1976,T3,65,3,4
P1977,T3,51,2,3
P1978,T3,51,0,2
P1979,T3,28,1,3
P1980,T3,41,2,4
P1981,T3,52,0,2
P1982,T3,60,0,1
P1983,T3,22,2,3
P1984,T2,14,0,1
P1985,T3,29,2,3
P1986,T3,58,2,4
P1987,T3,71,0,1
P1988,T3,56,0,2
P1989,T2,18,2,3
P1990,T2,24,3,5
P1991,T1,2,0,1
P1992,T3,34,0,2
P1993,T2,12,1,3
P1994,T3,27,0,2
P1995,T3,65,3,4
P1996,T2,13,1,2
P1997,T3,3,1,2
P1998,T3,56,3,4
P1999,T3,25,2,3
P2000,T2,13,1,2
P2001,T3,45,1,4
P2002,T3,50,2,3
P2003,T2,4,1,3
P2004,T3,58,2,4
P2005,T3,45,1,2
P2006,T3,10,1,3
P2007,T3,56,3,4
P2008,T3,60,4,5
P2009,T2,13,1,2
P2010,T3,20,2,3
P2011,T3,9,2,3
P2012,T3,54,2,3
P2013,T3,55,1,3
P2014,T3,9,2,3
P2015,T2,20,1,3
P2016,T3,20,1,3
P2017,T2,17,0,3
P2018,T3,28,0,1
P2019,T3,49,2,3
P2020,T3,64,1,3
P2021,T2,1,2,3
P2022,T2,19,0,2
P2023,T3,50,0,1
P2024,T2,4,0,1
P2025,T3,41,1,2
P2026,T3,20,0,1
P2027,T2,2,0,1
P2028,T2,4,0,1
P2029,T2,22,4,5
P2030,T2,4,0,1
P2031,T3,64,0,1
P2032,T3,55,0,1
P2033,T3,45,3,4
P2034,T3,59,0,1
P2035,T2,21,2,4
P2036,T2,22,0,1
P2037,T3,37,0,1
P2038,T3,55,0,1
P2039,T3,16,0,1
P2040,T3,62,2,3
P2041,T3,13,0,2
P2042,T3,28,0,1
P2043,T3,45,0,1
P2044,T3,34,0,2
P2045,T3,67,0,1
P2046,T2,18,2,3
P2047,T3,50,0,2
P2048,T3,40,0,1
P2049,T3,47,1,4
P2050,T3,52,2,3
P2051,T2,14,0,1
P2052,T3,23,2,3
P2053,T2,24,3,5
P2054,T3,17,2,3
P2055,T3,4,0,1
P2056,T3,73,0,2
P2057,T3,59,0,1
P2058,T3,67,0,1
P2059,T3,36,0,2
P2060,T3,30,1,3
P2061,T3,34,0,2
P2062,T2,2,0,1
P2063,T3,67,1,2
P2064,T3,50,0,1
P2065,T1,1,0,2
P2066,T3,18,1,2
P2067,T3,62,1,2
P2068,T2,14,1,2
P2069,T3,20,1,2
P2070,T3,24,2,3
P2071,T3,26,1,2
P2072,T3,20,1,2
P2073,T3,20,2,3
P2074,T3,16,2,3
P2075,T2,14,1,2
P2076,T3,56,0,2
P2077,T3,46,0,1
P2078,T2,2,0,2
P2079,T2,23,0,2
P2080,T3,14,2,3
P2081,T3,30,1,3
P2082,T3,62,2,3
P2083,T3,10,1,3
P2084,T3,31,1,2
P2085,T2,20,1,3
P2086,T3,20,0,1
P2087,T3,68,3,4
P2088,T3,11,0,1
P2089,T3,53,3,5
P2090,T3,47,1,2
P2091,T3,17,0,1
P2092,T3,17,2,3
P2093,T3,41,0,1
P2094,T3,65,0,1
P2095,T3,33,2,3
P2096,T2,2,0,1
P2097,T2,24,0,2
P2098,T3,20,0,1
P2099,T3,56,2,3
P2100,T2,12,1,3
P2101,T3,74,0,1
P2102,T3,47,0,1
P2103,T2,2,0,2
P2104,T3,73,0,2
P2105,T2,19,0,2
P2106,T3,46,0,1
P2107,T2,1,1,2
P2108,T3,19,1,2
P2109,T3,60,4,5
P2110,T3,52,0,2
P2111,T3,37,0,1
P2112,T3,17,1,2
P2113,T3,4,1,2
P2114,T3,53,3,5
P2115,T2,18,2,3
P2116,T2,23,0,2
P2117,T3,54,3,4
P2118,T3,50,2,3
P2119,T2,4,0,1
P2120,T2,11,0,1
P2121,T2,10,1,2
P2122,T3,57,0,1
P2123,T2,15,1,2
P2124,T2,14,1,2
P2125,T3,75,2,3
P2126,T3,69,1,2
P2127,T2,11,0,1
P2128,T2,22,2,4
P2129,T3,32,0,1
P2130,T2,7,1,2
P2131,T3,14,0,1
P2132,T3,45,3,4
P2133,T3,26,2,3
P2134,T3,74,2,3
P2135,T3,24,2,3
P2136,T3,65,1,3
P2137,T3,45,0,1
P2138,T3,37,0,1
P2139,T3,45,0,1
P2140,T3,72,2,3
P2141,T2,18,2,3
P2142,T3,24,2,3
P2143,T3,60,0,1
P2144,T3,41,1,2
P2145,T3,37,0,1
P2146,T2,23,3,4
P2147,T3,19,1,2
P2148,T3,20,1,2
P2149,T3,3,1,2
P2150,T3,39,2,4
P2151,T3,65,2,4
P2152,T3,45,0,1
P2153,T2,20,2,3
P2154,T3,50,0,2
P2155,T2,7,1,2
P2156,T3,75,0,1
P2157,T3,73,0,2
P2158,T3,24,2,3
P2159,T3,58,0,1
P2160,T3,60,4,5
P2161,T2,22,2,4
P2162,T3,55,3,4
P2163,T3,61,0,1
P2164,T3,47,1,2
P2165,T2,2,0,1
P2166,T3,58,0,1
P2167,T3,41,1,2
P2168,T3,14,1,2
P2169,T3,66,2,3
P2170,T3,29,2,3
P2171,T3,4,0,1
P2172,T3,33,0,1
P2173,T3,18,0,2
P2174,T2,10,3,5
P2175,T3,32,3,4
P2176,T3,41,2,4
P2177,T3,14,1,2
P2178,T3,51,0,2
P2179,T2,20,1,3
P2180,T3,56,3,4
P2181,T1,2,1,3
P2182,T3,28,1,3
P2183,T3,3,0,1
P2184,T3,74,1,2
P2185,T3,5,0,1
P2186,T3,53,0,1
P2187,T3,32,1,3
P2188,T3,18,1,2
P2189,T3,43,1,2
P2190,T3,31,2,3
P2191,T3,46,1,2
P2192,T3,5,0,1
P2193,T3,25,1,2
P2194,T3,42,0,1
P2195,T2,15,0,1
P2196,T3,31,1,2
P2197,T3,46,1,2
P2198,T3,76,0,1
P2199,T3,76,2,4
P2200,T3,49,1,2
P2201,T2,20,1,3
P2202,T2,2,0,1
P2203,T3,31,3,4
P2204,T3,28,1,3
P2205,T3,69,1,2
P2206,T3,54,0,1
P2207,T3,45,0,1
P2208,T2,4,0,3
P2209,T3,43,1,2
P2210,T3,20,1,2
P2211,T3,65,1,3
P2212,T3,23,2,3
P2213,T3,39,3,4
P2214,T3,55,1,3
P2215,T3,4,1,2
P2216,T3,59,0,1
P2217,T3,38,0,2
P2218,T3,38,0,2
P2219,T3,36,2,3
P2220,T3,33,2,3
P2221,T3,24,2,3
P2222,T3,76,4,5
P2223,T3,76,2,4
P2224,T3,33,0,1
P2225,T3,62,1,2
P2226,T3,56,3,4
P2227,T3,5,0,1
P2228,T3,38,0,2
P2229,T3,45,0,1
P2230,T3,56,0,2
P2231,T3,38,3,4
P2232,T2,7,1,2
P2233,T3,52,3,4
P2234,T3,65,1,3
P2235,T3,25,2,3
P2236,T3,45,1,2
P2237,T3,33,2,3
P2238,T2,3,3,4
P2239,T2,23,0,2
P2240,T3,31,1,2
P2241,T3,55,0,1
P2242,T3,48,1,2
P2243,T3,28,0,1
P2244,T3,47,1,4
P2245,T3,32,1,4
P2246,T3,26,2,3
P2247,T3,54,3,4
P2248,T3,72,0,1
P2249,T3,6,1,2
P2250,T3,46,0,1
P2251,T3,56,3,4
P2252,T3,67,2,4
P2253,T3,42,0,1
P2254,T3,29,2,3
P2255,T2,10,3,5
P2256,T2,7,2,3
P2257,T3,11,0,1
P2258,T2,14,0,1
P2259,T3,3,1,2
P2260,T3,14,2,3
P2261,T3,67,0,1
P2262,T3,65,0,3
P2263,T3,49,2,3
P2264,T3,31,3,4
P2265,T3,46,0,1
P2266,T3,25,2,3
P2267,T3,58,1,2
P2268,T3,39,2,4
P2269,T3,45,1,2
P2270,T2,20,1,3
P2271,T2,2,2,4
P2272,T1,1,0,2
P2273,T3,43,1,2
P2274,T1,2,0,1
P2275,T3,67,0,1
P2276,T3,15,2,3
P2277,T3,17,1,2
P2278,T2,6,0,1
P2279,T3,43,1,2
P2280,T3,44,2,3
P2281,T3,64,1,3
P2282,T3,58,0,1
P2283,T3,14,0,1
P2284,T3,54,3,4
P2285,T3,45,3,4
P2286,T3,45,3,4
P2287,T3,5,0,2
P2288,T3,62,1,2
P2289,T3,67,1,2
P2290,T2,9,1,2
P2291,T3,67,0,1
P2292,T3,60,0,1
P2293,T3,28,0,1
P2294,T3,73,0,2
P2295,T3,61,0,1
P2296,T3,66,2,3
P2297,T3,32,1,4
P2298,T2,14,1,2
P2299,T3,9,2,3
P2300,T3,70,1,3
P2301,T2,2,0,2
P2302,T3,33,2,3
P2303,T3,16,1,2
P2304,T3,21,2,3
P2305,T3,76,4,5
P2306,T3,17,2,3
P2307,T3,21,2,3
P2308,T3,50,2,3
P2309,T3,45,0,1
P2310,T3,34,2,3
P2311,T3,45,1,2
P2312,T3,55,3,4
P2313,T3,47,1,4
P2314,T3,72,0,2
P2315,T3,52,0,2
P2316,T2,6,2,3
P2317,T2,14,0,1
P2318,T2,4,0,1
P2319,T3,66,1,3
P2320,T3,66,2,3
P2321,T3,57,0,1
P2322,T3,58,2,4
P2323,T3,55,0,1
P2324,T3,41,2,4
P2325,T2,20,1,3
P2326,T3,16,0,1
P2327,T3,66,2,3
P2328,T3,50,2,3
P2329,T3,26,2,3
P2330,T2,10,0,3
P2331,T3,37,0,1
P2332,T2,20,1,3
P2333,T3,48,0,1
P2334,T2,2,0,1
P2335,T2,10,3,5
P2336,T3,46,0,1
P2337,T3,47,1,2
P2338,T3,38,2,4
P2339,T3,14,0,1
P2340,T3,52,3,4
P2341,T3,16,1,2
P2342,T3,45,1,2
P2343,T3,34,0,2
P2344,T3,10,1,3
P2345,T3,66,2,3
P2346,T1,2,0,1
P2347,T3,4,0,1
P2348,T3,21,2,3
P2349,T3,51,2,3
P2350,T3,51,2,3
P2351,T2,24,0,2
P2352,T3,54,1,2
P2353,T3,28,1,3
P2354,T2,20,1,3
P2355,T3,33,0,1
P2356,T3,21,2,3
P2357,T3,54,3,4
P2358,T3,70,0,2
P2359,T3,37,0,1
P2360,T2,12,3,4
P2361,T2,14,1,2
P2362,T3,22,0,1
P2363,T3,22,2,3
P2364,T2,22,0,1
P2365,T3,50,0,1
P2366,T3,74,2,3
P2367,T2,1,1,2
P2368,T3,14,0,1
P2369,T3,75,0,1
P2370,T3,45,1,2
P2371,T3,34,2,3
P2372,T2,6,0,1
P2373,T3,36,2,3
P2374,T3,65,0,1
P2375,T3,70,1,3
P2376,T3,15,2,3
P2377,T3,52,3,4
P2378,T3,37,0,1
P2379,T3,67,1,2
P2380,T3,33,2,3
P2381,T3,67,2,4
P2382,T3,48,0,1
P2383,T2,4,1,3
P2384,T3,25,1,2
P2385,T3,66,2,3
P2386,T3,65,0,1
P2387,T3,60,4,5
P2388,T3,18,1,2
P2389,T3,21,0,1
P2390,T3,44,2,3
P2391,T3,51,2,3
P2392,T3,20,1,2
P2393,T3,48,0,1
P2394,T3,20,2,3
P2395,T2,19,0,2
P2396,T3,75,0,1
P2397,T3,31,0,3
P2398,T3,38,3,4
P2399,T3,44,2,3
P2400,T3,23,0,1
P2401,T3,70,0,2
P2402,T3,33,2,3
P2403,T3,49,2,3
P2404,T3,30,1,3
P2405,T3,49,2,3
P2406,T3,32,1,4
P2407,T2,8,0,2
P2408,T3,31,0,2
P2409,T3,18,0,1
P2410,T3,16,0,1
P2411,T3,36,2,3
P2412,T3,61,1,2
P2413,T2,23,0,2
P2414,T3,26,2,3
P2415,T3,61,0,1
P2416,T3,16,0,1
P2417,T3,44,2,3
P2418,T3,29,2,3
P2419,T3,75,0,1
P2420,T3,53,3,5
P2421,T3,15,2,3
P2422,T3,73,0,2
P2423,T3,67,2,4
P2424,T3,35,2,3
P2425,T3,48,0,1
P2426,T1,2,0,1
P2427,T2,18,2,3
P2428,T2,3,1,2
P2429,T3,60,0,4
P2430,T2,7,2,3
P2431,T3,52,3,4
P2432,T3,52,0,1
P2433,T3,29,0,1
P2434,T3,63,1,2
P2435,T3,73,0,2
P2436,T3,35,1,3
P2437,T2,12,1,3
P2438,T3,20,2,3
P2439,T3,28,1,3
P2440,T3,56,0,2
P2441,T3,75,2,3
P2442,T3,54,0,1
P2443,T2,6,2,3
P2444,T3,16,1,2
P2445,T3,25,1,2
P2446,T3,58,0,1
P2447,T2,11,0,1
P2448,T3,67,0,1
P2449,T3,54,3,4
P2450,T3,67,0,1
P2451,T3,39,2,4
P2452,T3,41,2,4
P2453,T3,20,0,1
P2454,T3,25,2,3
P2455,T3,74,2,3
P2456,T3,73,0,2
P2457,T3,21,0,1
P2458,T3,25,2,3
P2459,T2,22,2,4
P2460,T3,25,2,3
P2461,T2,21,1,2
P2462,T3,48,0,1
P2463,T3,34,0,2
P2464,T3,34,0,2
P2465,T2,6,3,4
P2466,T3,21,0,1
P2467,T3,12,2,3
P2468,T3,59,1,2
P2469,T3,5,0,2
P2470,T3,23,0,1
P2471,T3,60,0,1
P2472,T2,1,0,1
P2473,T2,8,2,3
P2474,T3,42,0,1
P2475,T3,32,3,4
P2476,T3,74,2,3
P2477,T3,54,0,1
P2478,T3,32,1,4
P2479,T3,25,1,2
P2480,T2,22,4,5
P2481,T3,75,0,1
P2482,T3,60,4,5
P2483,T3,14,1,2
P2484,T2,14,1,2
P2485,T3,50,0,1
P2486,T3,15,2,3
P2487,T3,22,0,1
P2488,T3,60,0,1
P2489,T3,16,2,3
P2490,T3,58,0,1
P2491,T3,26,2,3
P2492,T2,19,3,4
P2493,T3,73,0,2
P2494,T2,9,1,2
P2495,T3,13,0,2
P2496,T3,34,2,3
P2497,T3,53,1,2
P2498,T3,23,2,3
P2499,T3,45,0,1
P2500,T3,53,0,1
P2501,T2,24,3,5
P2502,T2,1,2,3
P2503,T3,14,0,1
P2504,T3,30,1,3
P2505,T3,76,1,2
P2506,T2,4,0,1
P2507,T2,6,3,4
P2508,T3,68,3,4
P2509,T3,10,2,3
P2510,T3,17,1,2
P2511,T3,50,3,4
P2512,T2,11,0,1
P2513,T3,50,3,4
P2514,T3,55,0,1
P2515,T3,58,2,4
P2516,T3,58,2,4
P2517,T2,2,0,2
P2518,T3,29,0,1
P2519,T3,37,3,4
P2520,T2,12,3,4
P2521,T3,41,0,1
P2522,T3,37,1,2
P2523,T2,6,3,4
P2524,T3,31,1,2
P2525,T3,31,3,4
P2526,T3,14,2,3
P2527,T3,32,0,1
P2528,T2,19,3,4
P2529,T3,70,1,3
P2530,T3,5,2,3
P2531,T3,67,0,1
P2532,T2,7,2,3
P2533,T3,56,3,4
P2534,T3,62,1,2
P2535,T2,15,0,1
P2536,T3,21,0,1
P2537,T3,16,0,1
P2538,T3,32,0,1
P2539,T3,26,2,3
P2540,T2,2,0,1
P2541,T3,16,1,2
P2542,T2,21,2,4
P2543,T3,5,0,2
P2544,T3,50,0,2
P2545,T2,14,1,2
P2546,T3,16,2,3
P2547,T3,5,2,3
P2548,T1,2,0,1
P2549,T3,46,0,1
P2550,T3,75,2,3
P2551,T3,22,0,1
P2552,T3,20,2,3
P2553,T3,67,1,2
P2554,T3,16,2,3
P2555,T3,65,0,1
P2556,T3,58,2,4
P2557,T2,7,2,3
P2558,T3,38,0,2
P2559,T2,7,1,2
P2560,T3,17,2,3
P2561,T2,11,0,1
P2562,T3,38,0,2
P2563,T3,32,1,4
P2564,T1,2,0,1
P2565,T3,1,1,2
P2566,T3,18,2,3
P2567,T3,55,2,3
P2568,T3,20,2,3
P2569,T2,5,3,4
P2570,T2,23,3,4
P2571,T3,15,0,1
P2572,T2,15,0,1
P2573,T1,1,0,2
P2574,T3,32,3,4
P2575,T3,6,1,2
P2576,T3,45,3,4
P2577,T3,46,0,1
P2578,T3,48,0,1
P2579,T3,37,1,2
P2580,T3,55,0,1
P2581,T3,23,2,3
P2582,T3,26,2,3
P2583,T3,32,1,4
P2584,T3,56,2,3
P2585,T3,46,1,2
P2586,T3,25,0,1
P2587,T2,7,2,3
P2588,T3,31,2,3
P2589,T3,56,3,4
P2590,T3,69,0,1
P2591,T3,42,1,2
P2592,T2,22,4,5
P2593,T3,44,2,3
P2594,T3,3,1,2
P2595,T2,4,0,1
P2596,T3,67,1,2
P2597,T3,48,0,1
P2598,T3,44,0,2
P2599,T3,53,0,1
P2600,T3,5,2,3
P2601,T3,39,0,1
P2602,T3,14,1,2
P2603,T3,49,2,3
P2604,T3,75,0,1
P2605,T3,26,1,2
P2606,T3,68,3,4
P2607,T3,31,3,4
P2608,T3,28,1,3
P2609,T3,65,3,4
P2610,T3,3,1,2
P2611,T3,49,0,1
P2612,T2,22,4,5
P2613,T3,73,2,3
P2614,T2,2,0,2
P2615,T3,46,0,1
P2616,T2,14,1,2
P2617,T3,69,0,1
P2618,T3,58,0,1
P2619,T3,75,0,1
P2620,T3,28,0,1
P2621,T3,52,3,4
P2622,T3,44,2,3
P2623,T3,30,1,3
P2624,T1,2,1,3
P2625,T3,18,0,1
P2626,T2,14,1,2
P2627,T3,4,0,1
P2628,T3,53,3,5
P2629,T2,21,2,4
P2630,T3,33,2,3
P2631,T3,73,2,3
P2632,T3,13,0,2
P2633,T3,55,0,1
P2634,T3,51,2,3
P2635,T3,14,1,2
P2636,T3,54,0,1
P2637,T3,55,0,1
P2638,T3,52,3,4
P2639,T2,10,3,5
P2640,T3,49,2,3
P2641,T3,10,2,3
P2642,T3,52,0,1
P2643,T3,49,0,1
P2644,T3,31,0,1
P2645,T2,22,4,5
P2646,T2,14,1,2
P2647,T3,57,0,1
P2648,T3,54,0,1
P2649,T3,58,0,1
P2650,T3,51,0,2
P2651,T3,62,2,3
P2652,T3,75,3,4
P2653,T3,72,1,3
P2654,T3,50,0,1
P2655,T3,64,1,3
P2656,T3,10,2,3
P2657,T3,5,0,2
P2658,T3,18,2,3
P2659,T3,38,3,4
P2660,T3,75,3,4
P2661,T3,30,0,3
P2662,T3,17,2,3
P2663,T3,32,0,1
P2664,T3,26,2,3
P2665,T3,39,0,1
P2666,T3,76,1,2
P2667,T2,22,0,1
P2668,T3,10,2,3
P2669,T3,22,0,1
P2670,T2,7,1,2
P2671,T3,58,1,2
P2672,T3,57,0,1
P2673,T3,75,3,4
P2674,T3,49,0,1
P2675,T3,55,0,1
P2676,T3,63,1,2
P2677,T3,32,0,1
P2678,T3,29,0,1
P2679,T3,32,1,4
P2680,T2,14,1,2
P2681,T3,73,0,2
P2682,T3,26,0,2
P2683,T3,74,0,1
P2684,T3,21,2,3
P2685,T3,54,3,4
P2686,T3,18,1,2
P2687,T2,22,4,5
P2688,T3,16,0,1
P2689,T3,31,0,1
P2690,T3,60,1,2
P2691,T3,14,0,1
P2692,T3,75,0,1
P2693,T2,12,1,3
P2694,T3,61,1,2
P2695,T3,63,0,1
P2696,T3,14,2,3
P2697,T2,7,2,3
P2698,T3,14,0,1
P2699,T3,19,1,2
P2700,T3,57,0,1
P2701,T1,2,1,3
P2702,T3,39,0,1
P2703,T3,43,1,2
P2704,T3,45,1,2
P2705,T2,2,2,4
P2706,T2,3,1,2
P2707,T3,51,3,4
P2708,T3,32,1,4
P2709,T3,51,3,4
P2710,T1,1,0,2
P2711,T3,48,0,1
P2712,T3,75,0,1
P2713,T3,66,2,3
P2714,T3,36,2,3
P2715,T3,39,0,1
P2716,T3,22,0,1
P2717,T3,39,0,1
P2718,T2,6,0,1
P2719,T3,63,0,1
P2720,T3,61,0,1
P2721,T2,17,0,1
P2722,T3,5,0,2
P2723,T3,39,0,1
P2724,T3,39,0,1
P2725,T3,30,0,3
P2726,T3,38,0,2
P2727,T3,68,0,2
P2728,T3,50,2,3
P2729,T2,6,3,4
P2730,T3,41,0,1
P2731,T3,5,0,1
P2732,T3,62,1,3
P2733,T3,56,3,4
P2734,T2,24,3,5
P2735,T3,23,2,3
P2736,T3,5,0,1
P2737,T2,5,1,3
P2738,T3,22,0,2
P2739,T3,75,3,4
P2740,T3,3,1,2
P2741,T3,14,0,1
P2742,T2,17,0,1
P2743,T3,76,0,2
P2744,T3,55,3,4
P2745,T2,21,2,4
P2746,T3,68,0,2
P2747,T3,75,2,3
P2748,T3,10,2,3
P2749,T3,55,1,3
P2750,T2,1,2,3
P2751,T3,64,0,1
P2752,T3,29,2,3
P2753,T3,14,0,1
P2754,T3,3,1,2
P2755,T3,38,2,4
P2756,T1,1,2,3
P2757,T3,29,2,3
P2758,T2,5,1,3
P2759,T3,57,0,1
P2760,T3,74,1,2
P2761,T3,28,1,3
P2762,T3,75,3,4
P2763,T3,41,1,2
P2764,T3,13,0,2
P2765,T1,2,1,3
P2766,T3,54,0,1
P2767,T2,11,0,1
P2768,T3,13,0,2
P2769,T2,7,0,1
P2770,T3,10,2,3
P2771,T3,15,0,1
P2772,T3,76,2,4
P2773,T3,32,3,4
P2774,T3,26,1,2
P2775,T3,68,0,2
P2776,T3,75,0,1
P2777,T3,43,1,2
P2778,T3,28,0,1
P2779,T3,64,0,1
P2780,T3,21,2,3
P2781,T3,40,1,3
P2782,T3,42,0,1
P2783,T2,22,0,1
P2784,T3,26,2,3
P2785,T3,37,0,1
P2786,T3,64,0,1
P2787,T3,37,0,1
P2788,T3,45,3,4
P2789,T3,26,0,2
P2790,T3,72,0,2
P2791,T3,6,0,1
P2792,T3,31,3,4
P2793,T3,22,0,1
P2794,T3,61,0,1
P2795,T2,15,1,2
P2796,T3,69,0,1
P2797,T3,45,3,4
P2798,T3,65,3,4
P2799,T2,17,0,1
P2800,T3,17,2,3
P2801,T3,50,0,1
P2802,T3,51,3,4
P2803,T3,47,1,4
P2804,T3,66,2,3
P2805,T3,61,0,1
P2806,T3,14,1,2
P2807,T3,34,0,2
P2808,T3,5,2,3
P2809,T3,48,0,1
P2810,T3,74,0,1
P2811,T2,12,3,4
P2812,T3,40,1,3
P2813,T1,2,1,3
P2814,T1,2,1,3
P2815,T3,23,0,1
P2816,T3,17,2,3
P2817,T3,58,2,4
P2818,T3,40,1,3
P2819,T3,18,0,1
P2820,T3,21,0,1
P2821,T3,62,1,2
P2822,T3,44,0,2
P2823,T3,63,1,2
P2824,T3,53,0,1
P2825,T3,26,0,2
P2826,T3,21,0,1
P2827,T3,15,2,3
P2828,T2,17,0,1
P2829,T3,39,0,1
P2830,T3,52,2,4
P2831,T3,5,0,2
P2832,T3,76,0,1
P2833,T3,39,1,4
P2834,T3,17,1,3
P2835,T2,22,0,1
P2836,T3,26,0,2
P2837,T3,50,0,1
P2838,T3,55,0,1
P2839,T3,42,0,1
P2840,T2,12,0,1
P2841,T3,50,0,1
P2842,T2,16,1,3
P2843,T2,10,0,1
P2844,T2,11,0,1
P2845,T3,53,1,2
P2846,T3,68,0,2
P2847,T3,38,0,2
P2848,T3,4,0,1
P2849,T2,11,1,4
P2850,T3,52,0,2
P2851,T3,75,3,4
P2852,T2,14,1,2
P2853,T3,28,0,1
P2854,T3,57,0,1
P2855,T3,61,1,2
P2856,T3,54,3,4
P2857,T3,67,2,4
P2858,T3,75,0,1
P2859,T3,61,0,1
P2860,T3,36,2,3
P2861,T2,22,4,5
P2862,T3,59,1,2
P2863,T3,53,0,1
P2864,T2,7,0,1
P2865,T3,54,3,4
P2866,T3,16,0,1
P2867,T1,1,0,2
P2868,T3,16,2,3
P2869,T3,46,0,1
P2870,T3,52,2,3
P2871,T3,51,0,2
P2872,T3,44,2,3
P2873,T3,60,0,1
P2874,T1,1,2,3
P2875,T2,6,3,4
P2876,T3,25,0,1
P2877,T3,4,0,1
P2878,T3,13,0,2
P2879,T2,15,1,2
P2880,T3,39,0,1
P2881,T3,68,0,2
P2882,T3,64,1,3
P2883,T3,25,1,2
P2884,T3,31,2,3
P2885,T2,6,0,1
P2886,T3,50,3,4
P2887,T2,7,2,3
P2888,T3,44,2,3
P2889,T3,64,0,1
P2890,T3,32,1,4
P2891,T3,16,1,2
P2892,T3,41,2,4
P2893,T3,76,0,1
P2894,T2,3,1,2
P2895,T2,15,1,2
P2896,T3,28,0,1
P2897,T3,55,2,3
P2898,T3,16,0,2
P2899,T3,41,1,2
P2900,T3,52,0,1
P2901,T3,49,0,1
P2902,T3,56,0,2
P2903,T3,35,2,3
P2904,T3,31,0,1
P2905,T3,31,3,4
P2906,T3,5,2,3
P2907,T3,29,0,1
P2908,T2,11,0,1
P2909,T3,46,1,2
P2910,T3,26,2,3
P2911,T3,62,1,2
P2912,T2,18,0,1
P2913,T2,17,0,1
P2914,T3,76,0,2
P2915,T3,37,3,4
P2916,T3,10,2,3
P2917,T2,11,1,4
P2918,T3,29,2,3
P2919,T3,65,1,3
P2920,T3,25,1,2
P2921,T3,44,2,3
P2922,T3,76,0,1
P2923,T2,20,2,3
P2924,T3,70,1,3
P2925,T3,60,1,2
P2926,T3,38,2,4
P2927,T3,16,2,3
P2928,T3,16,0,1
P2929,T2,4,0,3
P2930,T3,38,0,2
P2931,T3,49,1,2
P2932,T3,29,0,1
P2933,T3,73,0,2
P2934,T3,75,2,3
P2935,T3,68,0,2
P2936,T3,66,1,3
P2937,T3,23,2,3
P2938,T3,39,0,1
P2939,T3,38,0,3
P2940,T3,44,0,1
P2941,T2,21,1,2
P2942,T3,16,0,1
P2943,T3,56,0,2
P2944,T2,14,1,2
P2945,T3,38,0,2
P2946,T2,6,2,3
P2947,T3,54,1,2
P2948,T3,58,2,4
P2949,T3,69,1,2
P2950,T3,45,3,4
P2951,T3,37,1,2
P2952,T2,6,3,4
P2953,T3,26,0,1
P2954,T2,5,1,3
P2955,T3,4,0,1
P2956,T3,40,0,1
P2957,T3,32,1,3
P2958,T3,31,2,3
P2959,T2,6,3,4
P2960,T3,16,1,2
P2961,T3,69,1,2
P2962,T2,8,2,3
P2963,T3,49,1,2
P2964,T3,19,1,2
P2965,T3,64,0,1
P2966,T3,51,0,2
P2967,T3,70,2,3
P2968,T2,17,0,1
P2969,T3,43,0,1
P2970,T3,38,2,4
P2971,T1,1,0,2
P2972,T2,10,0,3
P2973,T3,42,1,2
P2974,T3,32,0,1
P2975,T3,43,1,2
P2976,T3,6,1,2
P2977,T3,38,3,4
P2978,T3,13,0,2
P2979,T3,67,1,2
P2980,T3,34,2,3
P2981,T3,5,2,3
P2982,T3,61,0,1
P2983,T3,58,2,4
P2984,T3,41,0,1
P2985,T2,12,3,4
P2986,T3,28,1,3
P2987,T3,50,3,4
P2988,T1,1,2,3
P2989,T2,6,2,3
P2990,T3,23,0,1
P2991,T3,61,0,1
P2992,T3,45,3,4
P2993,T3,60,1,2
P2994,T2,12,1,3
P2995,T3,66,1,3
P2996,T3,30,0,1
P2997,T2,16,1,4
P2998,T3,53,0,1
P2999,T3,45,0,1
P3000,T3,17,1,3
P3001,T3,75,2,3
P3002,T3,44,0,1
P3003,T2,24,3,5
P3004,T3,49,0,1
P3005,T1,1,2,3
P3006,T3,61,0,1
P3007,T3,26,1,2
P3008,T2,22,0,1
P3009,T3,23,2,3
P3010,T3,44,2,3
P3011,T3,48,1,2
P3012,T1,1,2,3
P3013,T3,31,0,2
P3014,T3,35,2,3
P3015,T3,55,1,3
P3016,T3,65,1,3
P3017,T3,54,2,3
P3018,T2,23,3,4
P3019,T3,55,3,4
P3020,T3,49,1,2
P3021,T2,2,2,4
P3022,T3,32,0,1
P3023,T3,54,0,1
P3024,T3,58,2,4
P3025,T3,39,0,1
P3026,T3,5,0,2
P3027,T3,75,0,1
P3028,T3,64,0,1
P3029,T3,33,2,3
P3030,T3,66,2,3
P3031,T3,62,1,2
P3032,T2,7,2,3
P3033,T3,30,1,3
P3034,T3,5,2,3
P3035,T2,6,3,4
P3036,T3,31,2,3
P3037,T3,16,1,2
P3038,T2,5,1,3
P3039,T3,22,0,1
P3040,T3,16,1,2
P3041,T3,72,0,1
P3042,T3,48,0,1
P3043,T2,19,3,4
P3044,T3,44,0,2
P3045,T2,21,1,2
P3046,T2,15,1,2
P3047,T2,7,2,3
P3048,T3,76,0,4
P3049,T3,28,1,3
P3050,T3,30,0,1
P3051,T2,17,1,3
P3052,T2,9,1,2
P3053,T3,22,0,1
P3054,T2,10,1,2
P3055,T3,39,0,1
P3056,T3,44,2,3
P3057,T2,10,1,2
P3058,T3,74,1,3
P3059,T3,62,1,3
P3060,T3,5,0,2
P3061,T3,15,2,3
P3062,T3,28,0,1
P3063,T3,63,0,1
P3064,T2,6,3,4
P3065,T3,66,2,3
P3066,T2,23,3,4
P3067,T2,17,0,1
P3068,T3,47,1,2
P3069,T3,66,2,3
P3070,T3,76,1,2
P3071,T3,42,1,2
P3072,T3,74,2,3
P3073,T3,56,2,3
P3074,T3,30,0,3
P3075,T3,46,0,1
P3076,T3,37,1,2
P3077,T3,30,0,1
P3078,T3,65,1,3
P3079,T3,48,0,1
P3080,T2,22,2,4
P3081,T3,6,1,2
P3082,T3,38,0,2
P3083,T3,60,0,3
P3084,T3,67,0,1
P3085,T3,68,2,4
P3086,T3,75,3,4
P3087,T3,56,0,2
P3088,T3,35,0,2
P3089,T3,51,0,2
P3090,T3,29,0,1
P3091,T3,45,1,2
P3092,T3,34,0,2
P3093,T3,5,0,2
P3094,T3,54,0,1
P3095,T3,26,2,3
P3096,T3,20,0,1
P3097,T2,12,3,4
P3098,T3,17,0,1
P3099,T3,67,3,4
P3100,T3,16,2,3
P3101,T3,15,0,1
P3102,T3,56,3,4
P3103,T3,49,1,2
P3104,T3,15,0,1
P3105,T3,37,0,1
P3106,T3,5,2,3
P3107,T3,52,3,4
P3108,T3,12,0,1
P3109,T3,15,0,1
P3110,T3,60,1,2
P3111,T2,24,2,5
P3112,T3,26,0,2
P3113,T3,22,0,1
P3114,T2,2,0,2
P3115,T3,41,1,2
P3116,T3,10,2,3
P3117,T3,20,0,1
P3118,T3,1,0,1
P3119,T3,22,0,1
P3120,T3,52,0,1
P3121,T3,5,2,3
P3122,T3,32,1,3
P3123,T3,15,2,3
P3124,T2,16,1,3
P3125,T3,30,0,1
P3126,T3,50,0,2
P3127,T2,11,1,4
P3128,T3,48,1,3
P3129,T3,65,1,3
P3130,T3,53,1,5
P3131,T3,65,3,4
P3132,T3,10,1,3
P3133,T1,1,2,3
P3134,T2,3,1,2
P3135,T3,19,1,2
P3136,T3,4,0,1
P3137,T3,1,0,1
P3138,T3,30,0,1
P3139,T3,39,2,4
P3140,T2,12,3,4
P3141,T2,17,1,3
P3142,T3,35,2,3
P3143,T3,5,2,3
P3144,T3,74,1,3
P3145,T3,39,2,4
P3146,T2,11,1,4
P3147,T3,44,2,3
P3148,T2,21,1,2
P3149,T3,76,0,1
P3150,T3,34,0,2
P3151,T3,33,2,3
P3152,T2,4,1,3
P3153,T3,19,1,2
P3154,T2,23,3,4
P3155,T2,22,0,1
P3156,T3,67,0,1
P3157,T1,1,2,3
P3158,T3,74,0,2
P3159,T2,3,0,1
P3160,T3,26,0,1
P3161,T3,29,2,3
P3162,T2,7,2,3
P3163,T3,10,2,3
P3164,T3,46,0,1
P3165,T3,47,1,2
P3166,T3,39,2,4
P3167,T3,38,0,2
P3168,T2,16,1,3
P3169,T3,32,0,1
P3170,T3,5,0,1
P3171,T3,73,0,2
P3172,T3,21,2,3
P3173,T3,17,1,2
P3174,T1,1,0,2
P3175,T3,12,0,1
P3176,T3,34,0,2
P3177,T3,4,0,1
P3178,T2,17,1,3
P3179,T2,19,3,4
P3180,T3,41,2,4
P3181,T3,72,1,3
P3182,T3,73,0,2
P3183,T3,67,3,4
P3184,T3,38,0,2
P3185,T3,1,1,2
P3186,T2,1,1,2
P3187,T3,55,3,4
P3188,T3,9,2,3
P3189,T3,35,2,3
P3190,T2,15,0,1
P3191,T3,76,0,1
P3192,T3,5,0,1
P3193,T2,7,1,2
P3194,T3,60,4,5
P3195,T3,55,2,3
P3196,T2,19,3,4
P3197,T3,62,1,3
P3198,T3,13,0,2
P3199,T2,12,1,3
P3200,T2,8,2,3
P3201,T2,6,2,3
P3202,T3,34,0,2
P3203,T3,65,3,4
P3204,T2,22,2,4
P3205,T3,76,0,1
P3206,T3,49,1,2
P3207,T2,16,1,4
P3208,T3,39,3,4
P3209,T2,22,0,1
P3210,T3,42,0,1
P3211,T3,14,0,1
P3212,T3,13,0,2
P3213,T2,17,0,1
P3214,T3,52,3,4
P3215,T3,72,2,3
P3216,T2,24,0,1
P3217,T3,21,2,3
P3218,T3,56,3,4
P3219,T3,73,2,3
P3220,T3,3,1,2
P3221,T3,50,3,4
P3222,T3,68,0,2
P3223,T2,24,3,5
P3224,T3,39,2,4
P3225,T3,37,0,3
P3226,T3,9,2,3
P3227,T3,37,0,1
P3228,T2,17,1,3
P3229,T3,46,1,2
P3230,T3,41,2,4
P3231,T3,25,0,1
P3232,T3,55,3,4
P3233,T2,9,1,2
P3234,T3,17,0,1
P3235,T3,42,0,1
P3236,T2,23,3,4
P3237,T3,21,2,3
P3238,T2,10,0,1
P3239,T3,65,3,4
P3240,T3,26,0,2
P3241,T2,22,4,5
P3242,T3,56,3,4
P3243,T2,3,0,1
P3244,T3,15,2,3
P3245,T3,47,1,2
P3246,T3,55,1,3
P3247,T2,2,2,4
P3248,T2,6,3,4
P3249,T3,13,0,2
P3250,T3,13,0,2
P3251,T2,22,2,4
P3252,T3,21,2,3
P3253,T3,38,0,2
P3254,T2,17,3,4
P3255,T3,5,2,3
P3256,T3,17,2,3
P3257,T3,50,0,1
P3258,T3,51,2,3
P3259,T3,55,3,4
P3260,T2,10,0,1
P3261,T3,60,1,2
P3262,T3,17,1,3
P3263,T2,17,3,4
P3264,T3,60,0,1
P3265,T3,60,0,1
P3266,T3,63,1,2
P3267,T3,76,0,2
P3268,T3,63,0,1
P3269,T3,35,2,3
P3270,T3,54,0,1
P3271,T3,35,0,2
P3272,T2,16,1,4
P3273,T3,34,2,3
P3274,T2,22,4,5
P3275,T3,62,2,3
P3276,T3,76,0,1
P3277,T3,35,0,1
P3278,T3,59,0,1
P3279,T3,26,0,2
P3280,T3,61,0,1
P3281,T3,20,1,2
P3282,T3,28,0,1
P3283,T2,8,0,2
P3284,T3,50,2,3
P3285,T3,75,2,4
P3286,T3,50,3,4
P3287,T3,68,0,2
P3288,T3,44,0,2
P3289,T2,12,3,4
P3290,T3,61,1,2
P3291,T3,7,2,3
P3292,T3,25,0,1
P3293,T2,11,1,4
P3294,T3,15,2,3
P3295,T3,71,1,3
P3296,T3,46,1,2
P3297,T3,51,3,4
P3298,T2,6,2,3
P3299,T2,17,1,3
P3300,T3,25,1,2
P3301,T3,40,2,3
P3302,T2,8,0,2
P3303,T3,44,0,1
P3304,T3,23,0,1
P3305,T3,55,0,1
P3306,T3,46,1,2
P3307,T3,20,1,2
P3308,T2,8,0,2
P3309,T3,66,0,1
P3310,T3,26,0,2
P3311,T3,52,0,2
P3312,T3,31,0,1
P3313,T3,55,0,1
P3314,T3,50,2,3
P3315,T3,14,2,3
P3316,T3,5,0,1
P3317,T2,24,2,5
P3318,T3,53,1,2
P3319,T2,9,1,2
P3320,T1,1,0,2
P3321,T3,52,2,3
P3322,T3,68,0,2
P3323,T3,62,2,3
P3324,T3,45,1,2
P3325,T2,22,0,1
P3326,T2,8,0,2
P3327,T3,25,0,1
P3328,T2,24,2,5
P3329,T3,31,0,1
P3330,T3,32,0,1
P3331,T2,2,2,4
P3332,T3,16,2,3
P3333,T3,50,3,4
P3334,T2,10,0,1
P3335,T3,55,2,3
P3336,T3,50,2,3
P3337,T3,66,1,3
P3338,T3,53,1,2
P3339,T3,16,1,2
P3340,T2,7,1,2
P3341,T3,59,0,1
P3342,T2,16,1,4
P3343,T2,5,1,3
P3344,T3,52,0,1
P3345,T3,48,0,1
P3346,T3,66,0,1
P3347,T3,49,1,2
P3348,T2,17,0,1
P3349,T3,65,3,4
P3350,T1,1,2,3
P3351,T3,48,1,3
P3352,T3,44,0,1
P3353,T2,10,3,5
P3354,T3,25,0,1
P3355,T3,62,2,3
P3356,T3,5,0,1
P3357,T2,6,2,3
P3358,T3,48,1,2
P3359,T3,71,1,3
P3360,T2,23,0,2
P3361,T3,23,2,3
P3362,T3,30,0,1
P3363,T3,30,0,3
P3364,T2,16,1,3
P3365,T3,28,0,1
P3366,T3,73,0,2
P3367,T3,31,3,4
P3368,T1,2,0,1
P3369,T3,53,0,1
P3370,T2,16,0,1
P3371,T3,40,1,3
P3372,T3,39,2,4
P3373,T3,48,1,3
P3374,T3,17,2,3
P3375,T2,3,0,1
P3376,T3,54,3,4
P3377,T3,71,1,3
P3378,T2,6,2,3
P3379,T3,41,1,4
P3380,T2,10,3,5
P3381,T3,31,0,1
P3382,T3,57,1,2
P3383,T3,26,1,2
P3384,T3,41,1,4
P3385,T2,24,0,2
P3386,T3,65,3,4
P3387,T2,6,3,4
P3388,T3,26,1,2
P3389,T2,21,1,2
P3390,T3,55,2,3
P3391,T3,65,3,4
P3392,T3,54,1,2
P3393,T3,50,3,4
P3394,T3,35,0,2
P3395,T3,34,2,3
P3396,T3,28,1,3
P3397,T3,6,1,2
P3398,T3,44,2,3
P3399,T3,55,2,3
P3400,T3,28,1,3
P3401,T3,59,1,2
P3402,T3,69,0,1
P3403,T3,9,0,1
P3404,T3,39,2,4
P3405,T3,47,1,2
P3406,T3,55,0,1
P3407,T3,31,2,3
P3408,T3,58,1,2
P3409,T3,44,0,2
P3410,T3,62,0,1
P3411,T3,68,3,4
P3412,T3,62,1,2
P3413,T3,56,3,4
P3414,T3,15,2,3
P3415,T3,39,2,4
P3416,T3,76,0,1
P3417,T3,75,2,3
P3418,T3,30,0,1
P3419,T3,18,1,2
P3420,T3,28,0,1
P3421,T3,18,2,3
P3422,T3,31,0,1
P3423,T3,51,0,2
P3424,T3,46,1,2
P3425,T3,30,0,1
P3426,T3,6,1,2
P3427,T3,5,0,1
P3428,T3,66,0,1
P3429,T2,10,3,5
P3430,T2,21,1,2
P3431,T2,24,3,5
P3432,T3,5,2,3
P3433,T3,14,0,1
P3434,T3,17,2,3
P3435,T3,54,2,3
P3436,T3,52,0,1
P3437,T3,39,0,1
P3438,T3,37,3,4
P3439,T2,9,1,2
P3440,T3,37,0,1
P3441,T3,60,0,1
P3442,T2,5,1,3
P3443,T3,42,0,1
P3444,T3,50,3,4
P3445,T3,14,0,1
P3446,T2,6,3,4
P3447,T3,17,2,3
P3448,T3,16,2,3
P3449,T3,58,2,4
P3450,T3,9,2,3
P3451,T3,54,3,4
P3452,T3,76,0,1
P3453,T2,10,1,2
P3454,T3,48,1,3
P3455,T3,28,1,3
P3456,T3,76,1,2
P3457,T3,30,0,1
P3458,T2,21,1,2
P3459,T3,54,0,1
P3460,T3,74,1,3
P3461,T3,28,0,1
P3462,T2,17,0,1
P3463,T3,67,1,2
P3464,T3,61,0,1
P3465,T3,10,1,3
P3466,T3,35,0,1
P3467,T3,14,1,2
P3468,T3,23,2,3
P3469,T2,17,0,1
P3470,T3,40,2,3
P3471,T3,76,0,2
P3472,T3,49,1,2
P3473,T3,56,0,2
P3474,T2,6,3,4
P3475,T3,26,0,1
P3476,T3,46,0,1
P3477,T3,68,0,2
P3478,T3,61,0,1
P3479,T3,53,4,5
P3480,T3,49,1,2
P3481,T2,21,1,2
P3482,T3,35,2,3
P3483,T3,59,0,1
P3484,T3,44,2,3
P3485,T3,10,1,3
P3486,T2,6,2,3
P3487,T3,54,2,4
P3488,T3,29,0,1
P3489,T3,31,1,2
P3490,T3,10,1,3
P3491,T1,1,2,3
P3492,T3,60,3,5
P3493,T3,15,2,3
P3494,T3,10,1,3
P3495,T3,62,0,1
P3496,T3,22,2,3
P3497,T3,23,0,1
P3498,T3,73,2,3
P3499,T3,6,1,2
P3500,T2,7,2,3
P3501,T3,66,1,3
P3502,T2,6,2,3
P3503,T3,58,1,2
P3504,T3,45,1,2
P3505,T2,16,0,1
P3506,T2,24,0,1
P3507,T2,16,0,1
P3508,T3,34,2,3
P3509,T3,48,0,1
P3510,T3,54,0,1
P3511,T3,56,2,3
P3512,T2,21,1,2
P3513,T3,75,2,3
P3514,T2,10,3,5
P3515,T3,5,2,3
P3516,T3,52,0,1
P3517,T2,17,3,4
P3518,T3,39,0,1
P3519,T3,54,2,4
P3520,T2,22,4,5
P3521,T2,10,1,2
P3522,T3,5,2,3
P3523,T3,6,1,2
P3524,T3,44,0,2
P3525,T3,52,2,3
P3526,T2,11,1,4
P3527,T3,21,2,3
P3528,T2,3,1,2
P3529,T3,47,1,2
P3530,T3,67,0,1
P3531,T3,20,0,1
P3532,T3,48,0,1
P3533,T3,60,0,1
P3534,T2,21,2,4
P3535,T2,21,2,4
P3536,T3,31,3,4
P3537,T2,21,2,4
P3538,T2,17,0,1
P3539,T2,1,1,2
P3540,T3,24,2,3
P3541,T3,50,0,1
P3542,T3,44,0,1
P3543,T2,8,0,2
P3544,T3,55,0,1
P3545,T3,42,0,1
P3546,T3,60,0,1
P3547,T3,68,0,2
P3548,T3,44,2,3
P3549,T2,7,2,3
P3550,T3,17,2,3
P3551,T3,35,0,2
P3552,T2,23,0,2
P3553,T3,21,2,3
P3554,T3,26,0,1
P3555,T3,46,1,2
P3556,T3,59,1,2
P3557,T2,12,3,4
P3558,T2,5,1,3
P3559,T2,15,1,3
P3560,T2,24,0,1
P3561,T3,65,1,3
P3562,T3,56,3,4
P3563,T3,31,3,4
P3564,T2,15,1,3
P3565,T3,16,2,3
P3566,T3,52,2,3
P3567,T2,11,1,4
P3568,T3,72,2,3
P3569,T1,1,2,3
P3570,T3,76,2,4
P3571,T3,31,1,2
P3572,T3,35,0,1
P3573,T3,14,0,1
P3574,T3,52,0,1
P3575,T3,35,0,2
P3576,T2,17,0,1
P3577,T3,59,1,2
P3578,T3,55,1,3
P3579,T3,56,0,2
P3580,T3,57,1,2
P3581,T3,35,1,3
P3582,T1,1,0,2
P3583,T3,40,1,2
P3584,T2,24,0,1
P3585,T2,3,0,1
P3586,T3,35,0,2
P3587,T3,37,0,1
P3588,T2,17,0,1
P3589,T3,75,0,1
P3590,T3,53,4,5
P3591,T2,22,0,1
P3592,T3,18,0,1
P3593,T3,41,2,4
P3594,T2,17,1,3
P3595,T3,53,0,1
P3596,T3,35,1,3
P3597,T3,50,3,4
P3598,T2,3,0,1
P3599,T3,75,0,1
P3600,T3,63,1,2
P3601,T3,56,0,1
P3602,T3,48,0,1
P3603,T3,29,0,1
P3604,T3,55,1,3
P3605,T3,75,3,4
P3606,T2,15,1,3
P3607,T3,48,1,2
P3608,T2,4,0,3
P3609,T3,62,2,3
P3610,T2,18,0,1
P3611,T3,37,0,1
P3612,T2,18,0,1
P3613,T3,61,0,1
P3614,T3,43,0,1
P3615,T3,20,0,1
P3616,T3,53,1,2
P3617,T3,58,2,4
P3618,T3,24,2,3
P3619,T3,54,1,2
P3620,T3,28,1,3
P3621,T3,62,0,1
P3622,T3,76,1,2
P3623,T3,48,0,1
P3624,T3,30,0,3
P3625,T3,53,0,1
P3626,T3,69,0,1
P3627,T2,10,0,3
P3628,T3,75,2,4
P3629,T2,7,2,3
P3630,T3,44,2,3
P3631,T2,4,0,3
P3632,T3,39,2,4
P3633,T3,59,0,1
P3634,T3,26,0,1
P3635,T2,11,1,4
P3636,T3,30,0,1
P3637,T3,67,0,1
P3638,T3,51,3,4
P3639,T1,1,2,3
P3640,T3,37,0,1
P3641,T3,52,2,3
P3642,T2,23,2,4
P3643,T2,7,1,2
P3644,T2,12,0,1
P3645,T3,40,2,3
P3646,T3,26,2,3
P3647,T2,22,4,5
P3648,T3,62,2,3
P3649,T3,44,0,1
P3650,T3,23,0,1
P3651,T3,26,0,1
P3652,T2,23,0,2
P3653,T2,7,2,3
P3654,T3,5,2,3
P3655,T3,26,0,2
P3656,T2,22,0,1
P3657,T3,26,2,3
P3658,T3,31,0,2
P3659,T3,48,1,3
P3660,T2,7,1,2
P3661,T3,74,1,2
P3662,T2,22,2,4
P3663,T3,50,2,3
P3664,T3,53,0,1
P3665,T3,53,1,2
P3666,T3,75,2,3
P3667,T3,55,3,4
P3668,T3,76,1,2
P3669,T2,3,1,2
P3670,T2,6,3,4
P3671,T3,31,3,4
P3672,T3,32,1,3
P3673,T3,14,1,3
P3674,T2,18,0,1
P3675,T2,12,1,3
P3676,T3,35,0,1
P3677,T3,14,1,3
P3678,T3,75,3,4
P3679,T3,21,2,3
P3680,T3,59,1,2
P3681,T3,75,2,3
P3682,T3,52,2,3
P3683,T3,53,1,2
P3684,T3,26,0,2
P3685,T3,31,0,1
P3686,T3,20,0,1
P3687,T3,67,1,2
P3688,T2,12,3,4
P3689,T3,48,1,3
P3690,T2,11,1,4
P3691,T2,5,1,3
P3692,T3,53,1,2
P3693,T2,21,0,3
P3694,T3,31,0,2
P3695,T3,76,1,2
P3696,T3,54,1,2
P3697,T3,53,4,5
P3698,T3,24,0,2
P3699,T3,75,0,1
P3700,T3,70,2,3
P3701,T1,2,1,3
P3702,T3,28,1,3
P3703,T3,76,0,1
P3704,T3,57,1,2
P3705,T3,16,2,3
P3706,T3,30,0,3
P3707,T3,62,2,3
P3708,T3,36,0,2
P3709,T3,51,2,3
P3710,T3,75,2,3
P3711,T3,44,0,2
P3712,T3,17,1,3
P3713,T3,28,1,3
P3714,T3,25,0,1
P3715,T3,70,2,3
P3716,T2,24,3,5
P3717,T3,67,0,1
P3718,T1,2,0,1
P3719,T3,10,2,3
P3720,T3,28,1,3
P3721,T3,68,0,2
P3722,T3,51,3,4
P3723,T2,11,1,4
P3724,T3,52,2,3
P3725,T3,61,0,1
P3726,T3,18,2,3
P3727,T3,59,0,1
P3728,T3,50,2,3
P3729,T2,1,1,2
P3730,T2,10,0,3
P3731,T3,75,3,4
P3732,T3,74,1,3
P3733,T3,17,1,2
P3734,T3,55,0,1
P3735,T3,35,2,3
P3736,T3,18,2,3
P3737,T3,5,2,3
P3738,T3,40,1,2
P3739,T3,75,3,4
P3740,T3,16,2,3
P3741,T3,69,0,1
P3742,T3,67,3,4
P3743,T3,72,2,3
P3744,T2,2,1,3
P3745,T3,50,3,4
P3746,T3,17,1,3
P3747,T3,35,1,3
P3748,T3,41,1,2
P3749,T3,55,0,1
P3750,T2,1,1,2
P3751,T3,48,0,1
P3752,T3,60,0,1
P3753,T3,73,2,3
P3754,T3,68,3,4
P3755,T3,24,0,2
P3756,T2,8,0,2
P3757,T3,28,0,1
P3758,T2,16,0,1
P3759,T3,50,3,4
P3760,T3,46,0,1
P3761,T2,3,0,1
P3762,T2,22,0,1
P3763,T2,19,0,3
P3764,T2,6,2,3
P3765,T3,26,2,3
P3766,T3,30,1,3
P3767,T3,75,3,4
P3768,T3,14,1,3
P3769,T3,17,1,3
P3770,T3,24,0,2
P3771,T3,76,0,1
P3772,T2,23,2,4
P3773,T2,6,3,4
P3774,T3,54,0,1
P3775,T2,12,0,1
P3776,T3,18,1,2
P3777,T3,67,1,2
P3778,T3,16,1,2
P3779,T3,39,0,1
P3780,T3,56,0,1
P3781,T3,41,1,2
P3782,T3,48,0,1
P3783,T3,48,1,3
P3784,T3,17,2,3
P3785,T2,22,4,5
P3786,T2,21,0,3
P3787,T3,60,1,2
P3788,T3,60,3,5
P3789,T3,62,1,3
P3790,T2,15,1,2
P3791,T3,73,0,2
P3792,T3,5,2,3
P3793,T3,54,0,1
P3794,T3,55,1,3
P3795,T3,54,1,2
P3796,T3,21,2,3
P3797,T3,35,0,1
P3798,T3,31,3,4
P3799,T2,9,0,1
P3800,T3,51,3,4
P3801,T3,50,3,4
P3802,T3,31,2,3
P3803,T3,65,3,4
P3804,T3,50,2,3
P3805,T3,56,3,4
P3806,T3,60,3,5
P3807,T3,61,0,1
P3808,T3,26,0,1
P3809,T3,55,0,1
P3810,T3,56,0,2
P3811,T3,35,0,2
P3812,T3,62,2,3
P3813,T3,54,2,3
P3814,T3,30,0,3
P3815,T2,24,0,1
P3816,T1,2,0,1
P3817,T3,46,0,1
P3818,T3,37,1,4
P3819,T3,37,1,2
P3820,T3,66,1,3
P3821,T3,55,3,4
P3822,T3,59,0,1
P3823,T1,2,0,1
P3824,T3,47,0,2
P3825,T2,22,1,5
P3826,T3,41,2,4
P3827,T3,6,1,2
P3828,T3,60,1,2
P3829,T3,58,1,2
P3830,T3,21,2,3
P3831,T3,55,3,4
P3832,T3,44,2,3
P3833,T2,5,1,3
P3834,T3,60,1,2
P3835,T3,31,3,4
P3836,T3,17,0,1
P3837,T3,40,1,2
P3838,T3,40,1,3
P3839,T3,18,2,3
P3840,T3,56,0,1
P3841,T3,31,2,3
P3842,T2,9,1,2
P3843,T3,35,0,2
P3844,T2,23,0,2
P3845,T2,21,2,4
P3846,T3,67,0,1
P3847,T2,9,0,1
P3848,T3,59,0,1
P3849,T3,35,0,1
P3850,T3,75,0,2
P3851,T3,67,0,1
P3852,T3,35,0,2
P3853,T3,51,3,4
P3854,T2,12,3,4
P3855,T3,19,1,2
P3856,T2,17,0,1
P3857,T2,2,1,4
P3858,T3,75,3,4
P3859,T3,60,0,1
P3860,T1,1,2,3
P3861,T3,68,3,4
P3862,T3,31,0,2
P3863,T3,60,3,5
P3864,T3,51,2,3
P3865,T2,19,3,4
P3866,T2,2,1,3
P3867,T3,30,3,4
P3868,T3,76,0,1
P3869,T3,26,1,2
P3870,T3,55,3,4
P3871,T3,14,1,2
P3872,T2,15,0,1
P3873,T3,53,1,2
P3874,T3,14,1,3
P3875,T3,39,0,1
P3876,T2,3,1,2
P3877,T3,55,0,1
P3878,T3,48,1,2
P3879,T3,28,0,1
P3880,T3,61,0,1
P3881,T3,55,2,3
P3882,T3,9,0,1
P3883,T3,55,3,4
P3884,T3,39,0,1
P3885,T3,75,0,1
P3886,T2,15,1,3
P3887,T3,14,1,3
P3888,T3,39,0,1
P3889,T2,22,0,2
P3890,T2,7,2,3
P3891,T3,30,3,4
P3892,T3,46,0,1
P3893,T3,19,1,2
P3894,T3,35,1,3
P3895,T3,55,0,1
P3896,T2,12,1,3
P3897,T2,22,0,1
P3898,T2,22,0,2
P3899,T3,25,1,2
P3900,T3,75,3,4
P3901,T3,75,3,4
P3902,T3,60,3,5
P3903,T3,75,0,1
P3904,T3,46,1,2
P3905,T2,17,1,3
P3906,T2,3,0,1
P3907,T3,28,1,3
P3908,T3,56,3,4
P3909,T3,52,0,2
P3910,T3,44,2,3
P3911,T3,28,0,1
P3912,T3,60,1,2
P3913,T3,58,2,4
P3914,T3,31,0,2
P3915,T3,65,1,3
P3916,T3,63,1,2
P3917,T3,30,0,3
P3918,T3,55,2,3
P3919,T3,56,3,4
P3920,T2,22,0,2
P3921,T3,45,1,2
P3922,T3,56,2,3
P3923,T2,11,1,4
P3924,T2,2,1,3
P3925,T3,35,0,1
P3926,T1,2,1,3
P3927,T3,28,1,3
P3928,T3,75,3,4
P3929,T3,44,0,1
P3930,T3,54,2,4
P3931,T2,23,2,4
P3932,T3,12,1,2
P3933,T3,46,1,2
P3934,T3,76,2,4
P3935,T3,60,0,1
P3936,T3,21,2,3
P3937,T3,59,0,1
P3938,T3,22,0,1
P3939,T3,17,0,1
P3940,T3,30,0,1
P3941,T2,3,1,2
P3942,T3,45,1,2
P3943,T3,18,1,2
P3944,T2,22,2,4
P3945,T3,13,0,1
P3946,T3,12,1,2
P3947,T3,38,0,2
P3948,T3,5,2,3
P3949,T2,15,1,2
P3950,T3,50,3,4
P3951,T3,61,1,2
P3952,T3,32,1,3
P3953,T3,5,2,3
P3954,T3,51,0,2
P3955,T2,18,0,1
P3956,T3,18,2,3
P3957,T3,39,2,4
P3958,T3,55,3,4
P3959,T3,66,0,1
P3960,T3,65,3,4
P3961,T3,18,0,1
P3962,T3,50,3,4
P3963,T3,70,0,2
P3964,T3,54,1,2
P3965,T2,6,3,4
P3966,T3,75,0,1
P3967,T3,54,2,4
P3968,T3,39,0,1
P3969,T3,38,0,3
P3970,T3,41,0,1
P3971,T3,39,2,4
P3972,T3,51,2,3
P3973,T3,26,0,1
P3974,T2,17,1,3
P3975,T2,21,2,4
P3976,T3,20,1,2
P3977,T3,35,1,3
P3978,T3,62,2,3
P3979,T3,46,1,2
P3980,T3,55,3,4
P3981,T3,14,1,2
P3982,T3,60,0,1
P3983,T2,12,3,4
P3984,T2,4,0,3
P3985,T3,17,0,1
P3986,T3,41,2,4
P3987,T3,37,0,1
P3988,T3,12,1,2
P3989,T3,67,0,1
P3990,T3,61,1,2
P3991,T3,49,1,2
P3992,T3,50,0,1
P3993,T3,68,3,4
P3994,T3,26,0,1
P3995,T3,62,2,3
P3996,T3,48,0,1
P3997,T2,16,1,3
P3998,T3,59,0,1
P3999,T3,45,1,2
P4000,T3,30,3,4
