题目,排名,起点,终点,运输方向,需求人数,需求占比,累计需求占比,人员ID列表
问题1,1,LAND,F021,出海,47,0.029375,0.029375,P0016|P0037|P0056|P0148|P0203|P0209|P0254|P0300|P0311|P0376|P0394|P0415|P0438|P0456|P0501|P0550|P0862|P0975|P0986|P1018|P1339|P1367|P1564|P1580|P1608|P1690|P1801|P1987|P2032|P2038|P2241|P2323|P2514|P2580|P2633|P2637|P2675|P2838|P3305|P3313|P3406|P3544|P3734|P3749|P3809|P3877|P3895
问题1,2,LAND,F022,出海,45,0.028125,0.0575,P0002|P0055|P0058|P0126|P0214|P0268|P0460|P0750|P0782|P0800|P0909|P0992|P1141|P1151|P1188|P1463|P1476|P1481|P1544|P1577|P1627|P1900|P1984|P2051|P2258|P2317|P2333|P2382|P2393|P2425|P2462|P2578|P2597|P2711|P2809|P3042|P3079|P3345|P3509|P3532|P3602|P3623|P3751|P3782|P3996
问题1,3,LAND,F020,出海,44,0.0275,0.085,P0249|P0350|P0421|P0436|P0440|P0458|P0492|P0612|P1119|P1120|P1315|P1329|P1333|P1343|P1358|P1365|P1453|P1671|P1699|P1713|P1790|P1794|P1857|P2034|P2057|P2216|P2287|P2469|P2543|P2657|P2722|P2831|P3026|P3060|P3093|P3278|P3341|P3483|P3633|P3727|P3822|P3848|P3937|P3998
问题1,4,LAND,F001,出海,38,0.02375,0.10875,P0081|P0402|P0512|P0575|P0602|P0607|P0796|P1036|P1100|P1167|P1208|P1229|P1350|P1601|P1609|P1757|P1758|P1759|P1848|P1872|P2039|P2326|P2410|P2416|P2688|P2866|P2928|P2996|P3050|P3077|P3125|P3138|P3362|P3418|P3425|P3457|P3636|P3940
问题1,5,LAND,F002,出海,38,0.02375,0.1325,P0020|P0027|P0659|P0680|P1022|P1395|P1431|P1458|P1509|P1685|P1734|P1954|P2024|P2028|P2030|P2119|P2318|P2506|P2595|P2601|P2665|P2702|P2715|P2717|P2723|P2724|P2829|P2880|P2938|P3025|P3055|P3437|P3518|P3779|P3875|P3884|P3888|P3968
问题1,6,LAND,F036,出海,34,0.02125,0.15375,P0215|P0369|P0388|P0435|P0496|P0552|P0689|P0872|P0888|P0889|P0921|P1122|P1247|P1267|P1308|P1322|P1381|P1517|P1576|P1721|P1847|P2129|P2527|P2538|P2663|P2677|P2974|P3022|P3169|P3330|P3370|P3505|P3507|P3758
问题1,7,LAND,F018,出海,33,0.020625,0.174375,P0138|P0147|P0253|P0371|P0382|P0445|P0472|P0703|P0757|P0792|P1005|P1194|P1213|P1285|P1470|P1504|P1566|P1607|P1752|P1807|P1866|P2088|P2257|P2301|P2614|P2644|P2689|P2904|P3312|P3329|P3381|P3422|P3685
问题1,8,LAND,F019,出海,33,0.020625,0.195,P0045|P0134|P0344|P0493|P0572|P0946|P1099|P1101|P1160|P1164|P1284|P1345|P1500|P1645|P1661|P1664|P1895|P1921|P1982|P2143|P2292|P2471|P2488|P2873|P3264|P3265|P3441|P3533|P3546|P3752|P3859|P3935|P3982
问题1,9,LAND,F034,出海,33,0.020625,0.215625,P0007|P0065|P0066|P0083|P0116|P0305|P0404|P0451|P0743|P0896|P1056|P1133|P1156|P1392|P1423|P1686|P1916|P1994|P2018|P2042|P2243|P2293|P2620|P2853|P2896|P3062|P3282|P3365|P3420|P3461|P3757|P3879|P3911
问题1,10,LAND,F039,出海,31,0.019375,0.235,P0097|P0714|P0855|P1236|P1407|P1474|P1488|P1559|P1725|P1936|P1969|P2166|P2282|P2446|P2490|P2618|P2649|P2721|P2742|P2799|P2828|P2913|P2968|P3067|P3213|P3348|P3462|P3469|P3538|P3588|P3856
问题1,11,LAND,F051,出海,31,0.019375,0.254375,P0102|P0184|P0349|P0446|P0462|P0502|P0530|P0541|P0797|P0904|P0997|P1081|P1684|P1723|P1926|P1962|P2059|P2217|P2218|P2228|P2558|P2562|P2726|P2847|P2930|P2945|P3082|P3167|P3184|P3253|P3947
问题1,12,LAND,F006,出海,30,0.01875,0.273125,P0042|P0044|P0089|P0113|P0151|P0158|P0186|P0244|P0393|P0718|P0863|P1394|P1397|P1399|P1625|P1748|P1846|P2102|P2278|P2372|P2718|P2885|P3088|P3394|P3551|P3575|P3586|P3811|P3843|P3852
问题1,13,LAND,F026,出海,28,0.0175,0.290625,P0029|P0094|P0193|P0304|P0414|P0505|P0511|P0521|P0522|P0620|P0697|P0926|P1071|P1266|P1724|P1793|P2065|P2272|P2573|P2710|P2867|P2971|P3174|P3320|P3582|P3694|P3862|P3914
问题1,14,LAND,F045,出海,28,0.0175,0.308125,P0365|P0430|P0568|P0741|P0776|P0801|P0805|P0826|P0829|P0831|P0894|P0948|P1016|P1025|P1157|P1753|P1884|P2023|P2064|P2365|P2485|P2654|P2801|P2837|P2841|P3257|P3541|P3992
问题1,15,LAND,F049,出海,28,0.0175,0.325625,P0323|P0843|P0869|P0933|P0952|P0994|P1109|P1385|P1497|P1570|P1832|P1959|P2122|P2321|P2647|P2672|P2700|P2759|P2854|P2893|P2922|P3149|P3191|P3205|P3416|P3452|P3771|P3868
问题1,16,LAND,F010,出海,27,0.016875,0.3425,P0028|P0077|P0375|P0395|P0583|P0631|P0642|P0835|P1518|P1549|P1864|P1891|P2077|P2106|P2250|P2265|P2336|P2549|P2577|P2615|P2869|P3075|P3164|P3476|P3760|P3817|P3892
问题1,17,LAND,F012,出海,27,0.016875,0.359375,P0004|P0093|P0228|P0266|P0510|P0525|P0561|P0584|P0641|P0644|P0682|P1000|P1187|P1210|P1319|P1429|P1655|P2283|P2339|P2368|P2503|P2691|P2698|P2741|P3433|P3445|P3573
问题1,18,LAND,F044,出海,27,0.016875,0.37625,P0074|P0259|P0396|P0558|P0566|P0582|P0704|P0728|P0768|P0822|P1103|P1382|P1760|P1960|P2036|P2364|P2667|P2783|P2835|P3008|P3155|P3209|P3325|P3591|P3656|P3762|P3897
问题1,19,LAND,F048,出海,27,0.016875,0.393125,P0255|P1217|P1261|P1569|P1604|P1761|P1870|P2022|P2105|P2156|P2369|P2396|P2419|P2481|P2604|P2619|P2692|P2712|P2776|P2858|P3027|P3589|P3599|P3699|P3885|P3903|P3966
问题1,20,LAND,F013,出海,26,0.01625,0.409375,P0229|P0417|P0453|P0648|P0672|P0785|P0870|P0912|P1139|P1153|P1296|P1897|P1992|P2044|P2061|P2343|P2463|P2807|P3202|P3277|P3466|P3572|P3676|P3797|P3849|P3925
问题1,21,LAND,F027,出海,26,0.01625,0.425625,P0192|P0222|P0288|P0450|P0746|P0751|P0767|P0809|P0857|P1048|P1233|P1528|P1574|P1668|P1904|P1991|P2274|P2346|P2426|P2548|P2564|P3368|P3718|P3816|P3823|P3963
问题1,22,LAND,F028,出海,26,0.01625,0.441875,P0241|P0272|P0289|P0320|P0490|P0559|P0600|P0634|P0700|P0953|P1113|P1179|P1342|P1369|P1445|P1773|P1814|P1841|P2769|P2864|P3283|P3302|P3308|P3326|P3543|P3756
问题1,23,LAND,F033,出海,26,0.01625,0.458125,P0070|P0091|P0216|P0387|P0580|P0599|P0744|P0828|P0955|P1338|P1475|P1541|P1945|P2389|P2457|P2466|P2536|P2820|P2826|P2940|P3002|P3303|P3352|P3542|P3649|P3929
问题1,24,LAND,F014,出海,25,0.015625,0.47375,P0303|P0849|P1095|P1163|P1235|P1805|P1853|P1902|P2120|P2127|P2447|P2512|P2561|P2767|P2844|P2908|P2953|P3160|P3475|P3554|P3634|P3651|P3808|P3973|P3994
问题1,25,LAND,F030,出海,25,0.015625,0.489375,P0169|P0332|P0347|P0357|P0479|P0562|P0661|P1007|P1086|P1200|P1324|P1376|P1739|P1804|P2026|P2086|P2098|P2453|P3096|P3117|P3531|P3615|P3686|P3799|P3847
问题1,26,LAND,F031,出海,25,0.015625,0.505,P0188|P0470|P0845|P1206|P1443|P1467|P1512|P1534|P1772|P1806|P2172|P2224|P2355|P2432|P2642|P2900|P3120|P3344|P3436|P3516|P3574|P3601|P3780|P3840|P3850
问题1,27,LAND,F032,出海,25,0.015625,0.520625,P0099|P0390|P0422|P0616|P0618|P0738|P1254|P1300|P1681|P1811|P1940|P2056|P2104|P2157|P2294|P2422|P2435|P2456|P2493|P2681|P2933|P3171|P3182|P3366|P3791
问题1,28,LAND,F005,出海,24,0.015,0.535625,P0177|P0622|P0879|P0978|P1078|P1307|P1710|P1910|P1933|P2027|P2062|P2096|P2165|P2202|P2334|P2540|P2661|P2725|P3074|P3363|P3624|P3706|P3814|P3917
问题1,29,LAND,F009,出海,24,0.015,0.550625,P0086|P0860|P1085|P1610|P1743|P1763|P1949|P2163|P2295|P2415|P2720|P2794|P2805|P2859|P2982|P2991|P3006|P3280|P3464|P3478|P3613|P3725|P3807|P3880
问题1,30,LAND,F025,出海,24,0.015,0.565625,P0459|P0537|P0696|P1184|P1422|P1682|P1828|P1856|P1867|P1883|P2055|P2171|P2347|P2627|P2848|P2877|P2955|P3136|P3177|P3216|P3506|P3560|P3584|P3815
问题1,31,LAND,F037,出海,24,0.015,0.580625,P0199|P0330|P0911|P0980|P1009|P1221|P1477|P1484|P2045|P2058|P2261|P2275|P2291|P2448|P2450|P2531|P3084|P3156|P3530|P3637|P3717|P3846|P3851|P3989
问题1,32,LAND,F038,出海,24,0.015,0.595625,P0238|P0338|P0385|P0399|P0573|P0655|P0721|P0820|P1135|P1278|P1562|P1612|P1766|P1858|P2611|P2643|P2674|P2901|P3004|P3126|P3225|P3610|P3612|P3955
问题1,33,LAND,F043,出海,24,0.015,0.610625,P0095|P0132|P0520|P0601|P0778|P0965|P1050|P1294|P1316|P1327|P1450|P1615|P1855|P1948|P2206|P2442|P2477|P2648|P2766|P3094|P3459|P3510|P3774|P3793
问题1,34,LAND,F004,出海,23,0.014375,0.625,P0146|P0632|P0908|P1052|P1216|P1264|P1553|P2183|P2362|P2487|P2551|P2669|P2716|P3039|P3053|P3119|P3159|P3243|P3375|P3585|P3598|P3761|P3906
问题1,35,LAND,F011,出海,23,0.014375,0.639375,P0284|P0535|P0707|P0823|P0923|P1529|P1605|P1667|P1688|P1968|P2041|P2495|P2632|P2764|P2768|P2878|P2978|P3198|P3212|P3249|P3250|P3693|P3786
问题1,36,LAND,F052,出海,23,0.014375,0.65375,P0072|P0206|P0773|P0793|P0833|P1201|P1238|P1944|P2017|P2037|P2111|P2145|P2331|P2359|P2785|P2787|P3105|P3227|P3440|P3587|P3611|P3640|P3987
问题1,37,LAND,F007,出海,22,0.01375,0.6675,P0480|P0652|P0685|P0687|P0747|P0851|P0893|P1075|P1118|P1131|P1196|P1243|P1523|P1797|P2586|P2876|P3231|P3292|P3327|P3354|P3714|P3824
问题1,38,LAND,F016,出海,22,0.01375,0.68125,P0275|P0423|P0482|P0647|P0950|P1114|P1347|P1537|P1579|P1582|P1680|P1697|P2185|P2192|P2227|P2731|P2736|P3170|P3192|P3316|P3356|P3427
问题1,39,LAND,F017,出海,22,0.01375,0.695,P0418|P0598|P1380|P1493|P1521|P1745|P2043|P2137|P2139|P2152|P2229|P2499|P2682|P2789|P2825|P2836|P3112|P3240|P3279|P3310|P3655|P3684
问题1,40,LAND,F040,出海,22,0.01375,0.70875,P0367|P0880|P1004|P1567|P1598|P1705|P1908|P2094|P2386|P2555|P2727|P2746|P2775|P2846|P2881|P2935|P3222|P3287|P3322|P3477|P3547|P3721
问题1,41,LAND,F023,出海,21,0.013125,0.721875,P0068|P0111|P0298|P0693|P1031|P1076|P1112|P1335|P1451|P1708|P1906|P1988|P2076|P2230|P2440|P2902|P2943|P3087|P3473|P3579|P3810
问题1,42,LAND,F050,出海,20,0.0125,0.734375,P0166|P0467|P0567|P0916|P0985|P1148|P1452|P1471|P2194|P2253|P2474|P2782|P2839|P3210|P3235|P3443|P3545|P3889|P3898|P3920
问题1,43,LAND,F029,出海,19,0.011875,0.74625,P0159|P0299|P0306|P0449|P0962|P0987|P1077|P1226|P1276|P1738|P1878|P1919|P1956|P2590|P2617|P2796|P3402|P3626|P3741
问题1,44,LAND,F042,出海,19,0.011875,0.758125,P0455|P0617|P0638|P1174|P1268|P1435|P1683|P2031|P2751|P2779|P2786|P2889|P2965|P3028|P3309|P3346|P3428|P3959|P3970
问题1,45,LAND,F046,出海,19,0.011875,0.77,P0191|P0245|P0834|P1082|P1199|P1269|P1552|P1778|P1890|P2186|P2500|P2599|P2824|P2998|P3369|P3595|P3625|P3664|P3763
问题1,46,LAND,F024,出海,18,0.01125,0.78125,P0410|P0475|P0731|P0995|P1068|P1144|P1413|P1447|P1515|P1654|P2433|P2518|P2678|P2907|P2932|P3090|P3488|P3603
问题1,47,LAND,F035,出海,18,0.01125,0.7925,P0428|P0565|P0665|P0677|P0755|P1049|P1124|P1256|P1366|P1575|P1701|P1714|P2079|P2116|P2239|P2413|P3360|P3552
问题1,48,LAND,F041,出海,18,0.01125,0.80375,P0227|P0326|P0377|P0519|P0657|P0794|P1479|P1556|P1742|P1850|P1978|P2178|P2650|P2871|P2966|P3089|P3423|P3954
问题1,49,LAND,F047,出海,18,0.01125,0.815,P0172|P0547|P0610|P0788|P1073|P1092|P1173|P1303|P1357|P1404|P1464|P1613|P1616|P1839|P1981|P2110|P3311|P3909
问题1,50,LAND,F008,出海,17,0.010625,0.825625,P0454|P0628|P0698|P0818|P0821|P1011|P1270|P1461|P1653|P1694|P2400|P2470|P2815|P2990|P3304|P3497|P3650
问题1,51,LAND,F015,出海,17,0.010625,0.83625,P0269|P0409|P0513|P0605|P0969|P0998|P1080|P1364|P1506|P1774|P1782|P2091|P3098|P3234|P3836|P3939|P3985
问题1,52,LAND,F003,出海,15,0.009375,0.845625,P0030|P0033|P0035|P0257|P0715|P0735|P0925|P1108|P2695|P2719|P3063|P3268|P3608|P3631|P3984
问题1,53,A02,F019,出海,11,0.006875,0.8525,P0059|P0542|P0957|P1677|P2598|P2822|P3044|P3288|P3409|P3524|P3711
问题1,54,A02,F024,出海,11,0.006875,0.859375,P0213|P0307|P0433|P0499|P0729|P1905|P2195|P2535|P2572|P3190|P3872
问题1,55,A02,F027,出海,9,0.005625,0.865,P0897|P1854|P2358|P2401|P2571|P2771|P3101|P3104|P3109
问题1,56,A03,F036,出海,8,0.005,0.87,P0401|P0709|P1087|P1650|P1817|P3698|P3755|P3770
问题1,57,A01,F002,出海,7,0.004375,0.874375,P1754|P1771|P2409|P2625|P2819|P3592|P3961
问题1,58,A01,F012,出海,7,0.004375,0.87875,P0049|P0239|P0247|P0619|P2131|P2753|P3211
问题1,59,A03,F038,出海,7,0.004375,0.883125,P0993|P1913|P2047|P2154|P2544|P2912|P3674
问题1,60,A03,F042,出海,7,0.004375,0.8875,P0294|P1203|P1767|P2093|P2521|P2730|P2984
问题1,61,A03,F044,出海,7,0.004375,0.891875,P0386|P0442|P0838|P2843|P3238|P3260|P3334
问题1,62,A03,F045,出海,7,0.004375,0.89625,P0673|P0781|P1640|P1785|P1803|P2939|P3969
问题1,63,A03,F050,出海,7,0.004375,0.900625,P0540|P0643|P0865|P2330|P2972|P3627|P3730
问题1,64,A01,F007,出海,6,0.00375,0.904375,P0057|P0786|P0812|P1703|P1838|P2738
问题1,65,A01,F011,出海,6,0.00375,0.908125,P0174|P0293|P1571|P1718|P3108|P3175
问题1,66,A01,F015,出海,6,0.00375,0.911875,P0476|P0484|P0570|P0637|P1402|P3945
问题1,67,A03,F043,出海,6,0.00375,0.915625,P0588|P0848|P1171|P2636|P3023|P3270
问题1,68,A01,F008,出海,5,0.003125,0.91875,P1310|P1334|P3410|P3495|P3621
问题1,69,A01,F013,出海,5,0.003125,0.921875,P0419|P2464|P3092|P3150|P3176
问题1,70,A01,F017,出海,5,0.003125,0.925,P0137|P1079|P2207|P2309|P2999
问题1,71,A02,F026,出海,5,0.003125,0.928125,P0230|P0574|P2408|P3013|P3658
问题1,72,A02,F029,出海,5,0.003125,0.93125,P0226|P1827|P2101|P2683|P2810
问题1,73,A02,F032,出海,5,0.003125,0.934375,P0379|P0546|P2097|P2351|P3385
问题1,74,A02,F033,出海,5,0.003125,0.9375,P0660|P0761|P1198|P1462|P2397
问题1,75,A03,F040,出海,5,0.003125,0.940625,P0140|P0868|P1715|P1750|P2374
问题1,76,A03,F047,出海,5,0.003125,0.94375,P0040|P1063|P1231|P2315|P2850
问题1,77,A03,F048,出海,5,0.003125,0.946875,P2395|P2743|P2914|P3267|P3471
问题1,78,A03,F049,出海,5,0.003125,0.95,P1520|P2198|P2832|P3276|P3703
问题1,79,A01,F001,出海,4,0.0025,0.9525,P0036|P0918|P2537|P2942
问题1,80,A01,F003,出海,4,0.0025,0.955,P0015|P0528|P2208|P2929
问题1,81,A01,F004,出海,4,0.0025,0.9575,P2173|P2793|P3113|P3938
问题1,82,A01,F006,出海,4,0.0025,0.96,P0240|P0267|P1611|P3271
问题1,83,A01,F010,出海,4,0.0025,0.9625,P1907|P2840|P3644|P3775
问题1,84,A02,F018,出海,4,0.0025,0.965,P2078|P2103|P2517|P3114
问题1,85,A02,F021,出海,4,0.0025,0.9675,P0008|P0124|P1195|P3158
问题1,86,A02,F023,出海,4,0.0025,0.97,P0611|P1482|P2314|P2790
问题1,87,A02,F031,出海,4,0.0025,0.9725,P0221|P1859|P2248|P3041
问题1,88,A02,F034,出海,4,0.0025,0.975,P0799|P0808|P1368|P2778
问题1,89,A03,F037,出海,4,0.0025,0.9775,P0260|P1042|P2048|P2956
问题1,90,A03,F052,出海,4,0.0025,0.98,P0465|P1035|P2138|P2378
问题1,91,A01,F005,出海,3,0.001875,0.981875,P1006|P3403|P3882
问题1,92,A01,F009,出海,3,0.001875,0.98375,P0252|P3118|P3137
问题1,93,A01,F014,出海,3,0.001875,0.985625,P0061|P2969|P3614
问题1,94,A01,F016,出海,3,0.001875,0.9875,P0613|P2472|P2898
问题1,95,A02,F035,出海,3,0.001875,0.989375,P0115|P3652|P3844
问题1,96,A03,F039,出海,3,0.001875,0.99125,P2159|P3048|P3576
问题1,97,A03,F041,出海,3,0.001875,0.993125,P0368|P1137|P2262
问题1,98,A02,F020,出海,2,0.00125,0.994375,P0635|P2429
问题1,99,A02,F025,出海,2,0.00125,0.995625,P1886|P2791
问题1,100,A02,F028,出海,2,0.00125,0.996875,P1729|P2407
问题1,101,A03,F051,出海,2,0.00125,0.998125,P0856|P3708
问题1,102,A02,F022,出海,1,0.000625,0.99875,P3083
问题1,103,A02,F030,出海,1,0.000625,0.999375,P0448
问题1,104,A03,F046,出海,1,0.000625,1.0,P2863
问题2,1,LAND,F021,出海,47,0.01175,0.01175,P0016|P0037|P0056|P0148|P0203|P0209|P0254|P0300|P0311|P0376|P0394|P0415|P0438|P0456|P0501|P0550|P0862|P0975|P0986|P1018|P1339|P1367|P1564|P1580|P1608|P1690|P1801|P1987|P2032|P2038|P2241|P2323|P2514|P2580|P2633|P2637|P2675|P2838|P3305|P3313|P3406|P3544|P3734|P3749|P3809|P3877|P3895
问题2,2,F020,LAND,海返,45,0.01125,0.023,P0050|P0345|P0498|P0589|P0626|P0666|P0695|P0724|P0769|P0811|P0819|P0842|P0930|P0942|P1097|P1211|P1642|P1656|P1779|P1796|P1889|P2008|P2109|P2160|P2387|P2482|P2530|P2547|P2600|P2808|P2906|P2981|P3034|P3106|P3121|P3143|P3255|P3432|P3515|P3522|P3654|P3737|P3792|P3948|P3953
问题2,3,LAND,F022,出海,45,0.01125,0.03425,P0002|P0055|P0058|P0126|P0214|P0268|P0460|P0750|P0782|P0800|P0909|P0992|P1141|P1151|P1188|P1463|P1476|P1481|P1544|P1577|P1627|P1900|P1984|P2051|P2258|P2317|P2333|P2382|P2393|P2425|P2462|P2578|P2597|P2711|P2809|P3042|P3079|P3345|P3509|P3532|P3602|P3623|P3751|P3782|P3996
问题2,4,F021,LAND,海返,44,0.011,0.04525,P0017|P0090|P0219|P0282|P0351|P0532|P0591|P0597|P0640|P0791|P1064|P1069|P1074|P1177|P1186|P1275|P1282|P1432|P1480|P1657|P1674|P1880|P2134|P2366|P2455|P2476|P2652|P2660|P2673|P2739|P2762|P2851|P3086|P3295|P3359|P3377|P3605|P3678|P3731|P3739|P3767|P3900|P3901|P3928
问题2,5,LAND,F020,出海,44,0.011,0.05625,P0249|P0350|P0421|P0436|P0440|P0458|P0492|P0612|P1119|P1120|P1315|P1329|P1333|P1343|P1358|P1365|P1453|P1671|P1699|P1713|P1790|P1794|P1857|P2034|P2057|P2216|P2287|P2469|P2543|P2657|P2722|P2831|P3026|P3060|P3093|P3278|P3341|P3483|P3633|P3727|P3822|P3848|P3937|P3998
问题2,6,F002,LAND,海返,40,0.01,0.06625,P0051|P0062|P0100|P0548|P0684|P0690|P0727|P0789|P0891|P0900|P0924|P1155|P1169|P1465|P1561|P1818|P1845|P1929|P1999|P2235|P2266|P2454|P2458|P2460|P2465|P2507|P2523|P2729|P2875|P2952|P2959|P3035|P3064|P3248|P3387|P3446|P3474|P3670|P3773|P3965
问题2,7,F036,LAND,海返,40,0.01,0.07625,P0248|P0271|P0286|P0609|P0754|P0837|P1032|P1038|P1362|P1457|P1617|P1619|P1636|P1637|P1741|P1755|P1819|P1830|P1941|P2070|P2135|P2142|P2158|P2221|P2245|P2297|P2406|P2478|P2563|P2583|P2679|P2708|P2890|P2997|P3207|P3272|P3342|P3479|P3590|P3697
问题2,8,F022,LAND,海返,39,0.00975,0.086,P0232|P0334|P0427|P0447|P0713|P0844|P1091|P1295|P1538|P1621|P1792|P1835|P1874|P1996|P2000|P2009|P2068|P2075|P2124|P2298|P2361|P2484|P2545|P2616|P2626|P2646|P2680|P2852|P2944|P3128|P3351|P3373|P3454|P3659|P3689|P3783|P3806|P3863|P3902
问题2,9,F019,LAND,海返,38,0.0095,0.0955,P0025|P0041|P0063|P0204|P0278|P0327|P0359|P0412|P0432|P0539|P0846|P1297|P1352|P1434|P1516|P1532|P1812|P2015|P2085|P2179|P2201|P2270|P2325|P2332|P2354|P2399|P2417|P2593|P2872|P2888|P2921|P3010|P3056|P3147|P3398|P3484|P3630|P3832
问题2,10,LAND,F001,出海,38,0.0095,0.105,P0081|P0402|P0512|P0575|P0602|P0607|P0796|P1036|P1100|P1167|P1208|P1229|P1350|P1601|P1609|P1757|P1758|P1759|P1848|P1872|P2039|P2326|P2410|P2416|P2688|P2866|P2928|P2996|P3050|P3077|P3125|P3138|P3362|P3418|P3425|P3457|P3636|P3940
问题2,11,LAND,F002,出海,38,0.0095,0.1145,P0020|P0027|P0659|P0680|P1022|P1395|P1431|P1458|P1509|P1685|P1734|P1954|P2024|P2028|P2030|P2119|P2318|P2506|P2595|P2601|P2665|P2702|P2715|P2717|P2723|P2724|P2829|P2880|P2938|P3025|P3055|P3437|P3518|P3779|P3875|P3884|P3888|P3968
问题2,12,F001,LAND,海返,35,0.00875,0.12325,P0032|P0127|P0157|P0231|P0431|P0464|P0577|P0586|P0699|P0742|P0866|P1029|P1061|P1123|P1214|P1242|P1414|P1472|P1875|P2304|P2307|P2348|P2356|P2684|P2780|P3172|P3217|P3237|P3252|P3527|P3553|P3679|P3796|P3830|P3936
问题2,13,LAND,F036,出海,34,0.0085,0.13175,P0215|P0369|P0388|P0435|P0496|P0552|P0689|P0872|P0888|P0889|P0921|P1122|P1247|P1267|P1308|P1322|P1381|P1517|P1576|P1721|P1847|P2129|P2527|P2538|P2663|P2677|P2974|P3022|P3169|P3330|P3370|P3505|P3507|P3758
问题2,14,F034,LAND,海返,33,0.00825,0.14,P0088|P0142|P0312|P0361|P0362|P0429|P0481|P0534|P0674|P0883|P0910|P1302|P1336|P1466|P1557|P1560|P1706|P1979|P2182|P2204|P2353|P2439|P2608|P2761|P2986|P3400|P3455|P3620|P3702|P3713|P3720|P3907|P3927
问题2,15,LAND,F018,出海,33,0.00825,0.14825,P0138|P0147|P0253|P0371|P0382|P0445|P0472|P0703|P0757|P0792|P1005|P1194|P1213|P1285|P1470|P1504|P1566|P1607|P1752|P1807|P1866|P2088|P2257|P2301|P2614|P2644|P2689|P2904|P3312|P3329|P3381|P3422|P3685
问题2,16,LAND,F019,出海,33,0.00825,0.1565,P0045|P0134|P0344|P0493|P0572|P0946|P1099|P1101|P1160|P1164|P1284|P1345|P1500|P1645|P1661|P1664|P1895|P1921|P1982|P2143|P2292|P2471|P2488|P2873|P3264|P3265|P3441|P3533|P3546|P3752|P3859|P3935|P3982
问题2,17,LAND,F034,出海,33,0.00825,0.16475,P0007|P0065|P0066|P0083|P0116|P0305|P0404|P0451|P0743|P0896|P1056|P1133|P1156|P1392|P1423|P1686|P1916|P1994|P2018|P2042|P2243|P2293|P2620|P2853|P2896|P3062|P3282|P3365|P3420|P3461|P3757|P3879|P3911
问题2,18,F027,LAND,海返,32,0.008,0.17275,P0120|P0723|P0752|P0864|P0958|P0960|P0989|P0991|P1014|P1054|P1165|P1373|P1535|P1663|P1716|P1746|P1882|P1915|P2162|P2312|P2744|P3019|P3187|P3232|P3259|P3667|P3821|P3831|P3870|P3883|P3958|P3980
问题2,19,F044,LAND,海返,31,0.00775,0.1805,P0039|P0119|P0135|P0156|P0265|P0274|P0384|P0503|P0579|P0951|P1125|P1212|P1328|P1396|P1459|P2151|P2169|P2296|P2320|P2327|P2345|P2385|P2713|P2804|P3030|P3065|P3069|P3099|P3183|P3742|P3825
问题2,20,LAND,F039,出海,31,0.00775,0.18825,P0097|P0714|P0855|P1236|P1407|P1474|P1488|P1559|P1725|P1936|P1969|P2166|P2282|P2446|P2490|P2618|P2649|P2721|P2742|P2799|P2828|P2913|P2968|P3067|P3213|P3348|P3462|P3469|P3538|P3588|P3856
问题2,21,LAND,F051,出海,31,0.00775,0.196,P0102|P0184|P0349|P0446|P0462|P0502|P0530|P0541|P0797|P0904|P0997|P1081|P1684|P1723|P1926|P1962|P2059|P2217|P2218|P2228|P2558|P2562|P2726|P2847|P2930|P2945|P3082|P3167|P3184|P3253|P3947
问题2,22,F018,LAND,海返,30,0.0075,0.2035,P0006|P0105|P0176|P0280|P0331|P0363|P0725|P0771|P1152|P1190|P1228|P1448|P1770|P1852|P1964|P2256|P2430|P2532|P2557|P2587|P2697|P2887|P3032|P3047|P3162|P3500|P3549|P3629|P3653|P3890
问题2,23,F048,LAND,海返,30,0.0075,0.211,P0034|P0047|P0316|P0457|P0500|P0787|P0813|P1246|P1281|P1298|P1416|P1446|P1495|P1720|P1834|P1879|P1950|P1986|P2004|P2322|P2515|P2516|P2556|P2817|P2948|P2983|P3024|P3449|P3617|P3913
问题2,24,LAND,F006,出海,30,0.0075,0.2185,P0042|P0044|P0089|P0113|P0151|P0158|P0186|P0244|P0393|P0718|P0863|P1394|P1397|P1399|P1625|P1748|P1846|P2102|P2278|P2372|P2718|P2885|P3088|P3394|P3551|P3575|P3586|P3811|P3843|P3852
问题2,25,F039,LAND,海返,29,0.00725,0.22575,P0084|P0264|P0325|P0364|P0420|P1191|P1197|P1219|P1323|P1485|P1522|P1815|P1824|P1942|P2222|P2305|P2513|P2886|P2987|P3221|P3286|P3333|P3393|P3444|P3597|P3745|P3759|P3801|P3962
问题2,26,F025,LAND,海返,28,0.007,0.23275,P0171|P0185|P0354|P0408|P0533|P0553|P0581|P0653|P0664|P0759|P0774|P1002|P1220|P1486|P1776|P1816|P1927|P2113|P2215|P2249|P2575|P2976|P3081|P3397|P3426|P3499|P3523|P3827
问题2,27,F038,LAND,海返,28,0.007,0.23975,P0010|P0098|P0208|P0425|P0443|P0478|P0676|P0758|P0854|P0968|P1107|P1346|P1398|P1442|P1501|P1700|P1840|P1885|P2117|P2247|P2284|P2357|P2449|P2685|P2856|P2865|P3376|P3451
问题2,28,F049,LAND,海返,28,0.007,0.24675,P0001|P0182|P0224|P0273|P0353|P0712|P0766|P0814|P0824|P0892|P0932|P1040|P1136|P1162|P1170|P1473|P1573|P1868|P1892|P2233|P2340|P2377|P2431|P2638|P3214|P3382|P3580|P3704
问题2,29,LAND,F026,出海,28,0.007,0.25375,P0029|P0094|P0193|P0304|P0414|P0505|P0511|P0521|P0522|P0620|P0697|P0926|P1071|P1266|P1724|P1793|P2065|P2272|P2573|P2710|P2867|P2971|P3174|P3320|P3582|P3694|P3862|P3914
问题2,30,LAND,F045,出海,28,0.007,0.26075,P0365|P0430|P0568|P0741|P0776|P0801|P0805|P0826|P0829|P0831|P0894|P0948|P1016|P1025|P1157|P1753|P1884|P2023|P2064|P2365|P2485|P2654|P2801|P2837|P2841|P3257|P3541|P3992
问题2,31,LAND,F049,出海,28,0.007,0.26775,P0323|P0843|P0869|P0933|P0952|P0994|P1109|P1385|P1497|P1570|P1832|P1959|P2122|P2321|P2647|P2672|P2700|P2759|P2854|P2893|P2922|P3149|P3191|P3205|P3416|P3452|P3771|P3868
问题2,32,F011,LAND,海返,27,0.00675,0.2745,P0342|P0463|P0491|P0636|P1026|P1046|P1248|P1250|P1332|P1412|P1492|P1639|P1702|P1974|P2150|P2268|P2451|P3139|P3145|P3166|P3224|P3372|P3404|P3415|P3632|P3957|P3971
问题2,33,F030,LAND,海返,27,0.00675,0.28125,P0075|P0108|P0406|P0544|P0545|P0922|P1059|P1111|P1189|P1293|P1305|P1543|P1795|P2033|P2132|P2285|P2286|P2576|P2788|P2797|P2950|P2992|P3052|P3233|P3319|P3439|P3842
问题2,34,F033,LAND,海返,27,0.00675,0.288,P0110|P0179|P0256|P0258|P0571|P0608|P0639|P0935|P0936|P1178|P1291|P1330|P1595|P1825|P1837|P1851|P1923|P1957|P2203|P2264|P2525|P2607|P2792|P3367|P3563|P3798|P3835
问题2,35,F037,LAND,海返,27,0.00675,0.29475,P0183|P0283|P0341|P0671|P1251|P1273|P1277|P1314|P1421|P1427|P1646|P1730|P1747|P1808|P1925|P1952|P2087|P2508|P2606|P2781|P2812|P2818|P3371|P3411|P3754|P3861|P3993
问题2,36,F045,LAND,海返,27,0.00675,0.3015,P0125|P0497|P0913|P0983|P1204|P1508|P1511|P1658|P1707|P1731|P1783|P1799|P1947|P2019|P2263|P2403|P2405|P2603|P2640|P2707|P2709|P2802|P3297|P3638|P3722|P3800|P3853
问题2,37,LAND,F010,出海,27,0.00675,0.30825,P0028|P0077|P0375|P0395|P0583|P0631|P0642|P0835|P1518|P1549|P1864|P1891|P2077|P2106|P2250|P2265|P2336|P2549|P2577|P2615|P2869|P3075|P3164|P3476|P3760|P3817|P3892
问题2,38,LAND,F012,出海,27,0.00675,0.315,P0004|P0093|P0228|P0266|P0510|P0525|P0561|P0584|P0641|P0644|P0682|P1000|P1187|P1210|P1319|P1429|P1655|P2283|P2339|P2368|P2503|P2691|P2698|P2741|P3433|P3445|P3573
问题2,39,LAND,F044,出海,27,0.00675,0.32175,P0074|P0259|P0396|P0558|P0566|P0582|P0704|P0728|P0768|P0822|P1103|P1382|P1760|P1960|P2036|P2364|P2667|P2783|P2835|P3008|P3155|P3209|P3325|P3591|P3656|P3762|P3897
问题2,40,LAND,F048,出海,27,0.00675,0.3285,P0255|P1217|P1261|P1569|P1604|P1761|P1870|P2022|P2105|P2156|P2369|P2396|P2419|P2481|P2604|P2619|P2692|P2712|P2776|P2858|P3027|P3589|P3599|P3699|P3885|P3903|P3966
问题2,41,F005,LAND,海返,26,0.0065,0.335,P0018|P0416|P0515|P0538|P0899|P0939|P1088|P1280|P1426|P1689|P2021|P2502|P2509|P2641|P2656|P2668|P2748|P2770|P2916|P3116|P3163|P3719|P3857|P3867|P3891|P4000
问题2,42,F006,LAND,海返,26,0.0065,0.3415,P0144|P0170|P0292|P0411|P0441|P0518|P0564|P0717|P0804|P0807|P1060|P1143|P1558|P1676|P1961|P2238|P2244|P2313|P2424|P2903|P3014|P3142|P3189|P3269|P3482|P3735
问题2,43,F010,LAND,海返,26,0.0065,0.348,P0121|P0343|P0397|P0424|P0444|P0720|P0817|P0887|P1003|P1024|P1370|P1455|P1602|P1740|P2191|P2197|P2585|P2909|P3229|P3296|P3306|P3424|P3555|P3904|P3933|P3979
问题2,44,LAND,F013,出海,26,0.0065,0.3545,P0229|P0417|P0453|P0648|P0672|P0785|P0870|P0912|P1139|P1153|P1296|P1897|P1992|P2044|P2061|P2343|P2463|P2807|P3202|P3277|P3466|P3572|P3676|P3797|P3849|P3925
问题2,45,LAND,F027,出海,26,0.0065,0.361,P0192|P0222|P0288|P0450|P0746|P0751|P0767|P0809|P0857|P1048|P1233|P1528|P1574|P1668|P1904|P1991|P2274|P2346|P2426|P2548|P2564|P3368|P3718|P3816|P3823|P3963
问题2,46,LAND,F028,出海,26,0.0065,0.3675,P0241|P0272|P0289|P0320|P0490|P0559|P0600|P0634|P0700|P0953|P1113|P1179|P1342|P1369|P1445|P1773|P1814|P1841|P2769|P2864|P3283|P3302|P3308|P3326|P3543|P3756
问题2,47,LAND,F033,出海,26,0.0065,0.374,P0070|P0091|P0216|P0387|P0580|P0599|P0744|P0828|P0955|P1338|P1475|P1541|P1945|P2389|P2457|P2466|P2536|P2820|P2826|P2940|P3002|P3303|P3352|P3542|P3649|P3929
问题2,48,F012,LAND,海返,25,0.00625,0.38025,P0235|P0630|P0668|P0919|P0977|P1257|P1337|P1378|P1444|P1733|P1937|P1939|P2011|P2014|P2299|P3188|P3226|P3450|P3485|P3494|P3673|P3677|P3768|P3874|P3887
问题2,49,F017,LAND,海返,25,0.00625,0.3865,P0130|P0243|P0625|P0694|P0901|P1065|P1182|P1290|P1340|P1390|P1865|P2133|P2246|P2329|P2414|P2491|P2539|P2582|P2664|P2784|P2910|P3095|P3646|P3657|P3765
问题2,50,F032,LAND,海返,25,0.00625,0.39275,P0013|P0139|P0164|P0217|P0407|P0756|P1223|P1589|P1756|P1998|P2007|P2180|P2226|P2251|P2533|P2589|P2733|P3102|P3218|P3242|P3413|P3562|P3805|P3908|P3919
问题2,51,LAND,F014,出海,25,0.00625,0.399,P0303|P0849|P1095|P1163|P1235|P1805|P1853|P1902|P2120|P2127|P2447|P2512|P2561|P2767|P2844|P2908|P2953|P3160|P3475|P3554|P3634|P3651|P3808|P3973|P3994
问题2,52,LAND,F030,出海,25,0.00625,0.40525,P0169|P0332|P0347|P0357|P0479|P0562|P0661|P1007|P1086|P1200|P1324|P1376|P1739|P1804|P2026|P2086|P2098|P2453|P3096|P3117|P3531|P3615|P3686|P3799|P3847
问题2,53,LAND,F031,出海,25,0.00625,0.4115,P0188|P0470|P0845|P1206|P1443|P1467|P1512|P1534|P1772|P1806|P2172|P2224|P2355|P2432|P2642|P2900|P3120|P3344|P3436|P3516|P3574|P3601|P3780|P3840|P3850
问题2,54,LAND,F032,出海,25,0.00625,0.41775,P0099|P0390|P0422|P0616|P0618|P0738|P1254|P1300|P1681|P1811|P1940|P2056|P2104|P2157|P2294|P2422|P2435|P2456|P2493|P2681|P2933|P3171|P3182|P3366|P3791
问题2,55,F013,LAND,海返,24,0.006,0.42375,P0112|P0195|P0413|P0506|P0722|P0734|P1053|P1147|P1205|P1377|P1563|P1623|P2310|P2371|P2496|P2980|P3273|P3395|P3508|P3581|P3596|P3747|P3894|P3977
问题2,56,F014,LAND,海返,24,0.006,0.42975,P0736|P0780|P0790|P0959|P1027|P1159|P1624|P1781|P2189|P2209|P2273|P2279|P2777|P2849|P2917|P3127|P3146|P3293|P3526|P3567|P3635|P3690|P3723|P3923
问题2,57,F026,LAND,海返,24,0.006,0.43575,P0452|P0656|P0706|P1008|P1249|P1260|P1286|P1341|P1597|P1769|P1775|P1935|P2438|P2552|P2568|P2756|P2874|P2988|P3005|P3012|P3133|P3157|P3350|P3860
问题2,58,F028,LAND,海返,24,0.006,0.44175,P0403|P0654|P1202|P1245|P1353|P1379|P1388|P1424|P1490|P1596|P1672|P1678|P1696|P1842|P1966|P2052|P2212|P2498|P2581|P2735|P2937|P3009|P3361|P3468
问题2,59,F051,LAND,海返,24,0.006,0.44775,P0023|P0043|P0060|P0197|P0333|P0646|P0667|P0956|P0999|P1149|P1355|P1494|P1632|P1800|P2219|P2373|P2411|P2714|P2860|P2926|P3487|P3519|P3930|P3967
问题2,60,LAND,F005,出海,24,0.006,0.45375,P0177|P0622|P0879|P0978|P1078|P1307|P1710|P1910|P1933|P2027|P2062|P2096|P2165|P2202|P2334|P2540|P2661|P2725|P3074|P3363|P3624|P3706|P3814|P3917
问题2,61,LAND,F009,出海,24,0.006,0.45975,P0086|P0860|P1085|P1610|P1743|P1763|P1949|P2163|P2295|P2415|P2720|P2794|P2805|P2859|P2982|P2991|P3006|P3280|P3464|P3478|P3613|P3725|P3807|P3880
问题2,62,LAND,F025,出海,24,0.006,0.46575,P0459|P0537|P0696|P1184|P1422|P1682|P1828|P1856|P1867|P1883|P2055|P2171|P2347|P2627|P2848|P2877|P2955|P3136|P3177|P3216|P3506|P3560|P3584|P3815
问题2,63,LAND,F037,出海,24,0.006,0.47175,P0199|P0330|P0911|P0980|P1009|P1221|P1477|P1484|P2045|P2058|P2261|P2275|P2291|P2448|P2450|P2531|P3084|P3156|P3530|P3637|P3717|P3846|P3851|P3989
问题2,64,LAND,F038,出海,24,0.006,0.47775,P0238|P0338|P0385|P0399|P0573|P0655|P0721|P0820|P1135|P1278|P1562|P1612|P1766|P1858|P2611|P2643|P2674|P2901|P3004|P3126|P3225|P3610|P3612|P3955
问题2,65,LAND,F043,出海,24,0.006,0.48375,P0095|P0132|P0520|P0601|P0778|P0965|P1050|P1294|P1316|P1327|P1450|P1615|P1855|P1948|P2206|P2442|P2477|P2648|P2766|P3094|P3459|P3510|P3774|P3793
问题2,66,F004,LAND,海返,23,0.00575,0.4895,P0009|P0107|P0223|P0319|P0621|P1225|P1279|P1469|P1519|P1536|P1863|P1997|P2149|P2259|P2594|P2610|P2740|P2754|P3220|P3726|P3736|P3839|P3956
问题2,67,F007,LAND,海返,23,0.00575,0.49525,P0096|P0202|P0337|P0679|P0745|P0762|P0832|P1017|P1044|P1129|P1207|P1393|P2360|P2520|P2811|P2985|P3097|P3140|P3289|P3557|P3688|P3854|P3983
问题2,68,F009,LAND,海返,23,0.00575,0.501,P0078|P0194|P0633|P0972|P0982|P1051|P1271|P1374|P1425|P1524|P2054|P2092|P2306|P2560|P2662|P2800|P2816|P3256|P3374|P3434|P3447|P3550|P3784
问题2,69,F024,LAND,海返,23,0.00575,0.50675,P0076|P0340|P0355|P0563|P0587|P1311|P1321|P1687|P2276|P2376|P2421|P2486|P2827|P3061|P3123|P3244|P3294|P3414|P3493|P3559|P3564|P3606|P3886
问题2,70,F029,LAND,海返,23,0.00575,0.5125,P0374|P0555|P0596|P0691|P0815|P0954|P1084|P1158|P1227|P1244|P1401|P1591|P1635|P1679|P1722|P2126|P2205|P2949|P2961|P3058|P3144|P3460|P3732
问题2,71,F031,LAND,海返,23,0.00575,0.51825,P0011|P0024|P0928|P0938|P1110|P1138|P1183|P1259|P1262|P1489|P1547|P1692|P1973|P2089|P2114|P2420|P2628|P3018|P3066|P3154|P3236|P3285|P3628
问题2,72,F043,LAND,海返,23,0.00575,0.524,P0175|P0495|P0529|P0590|P0624|P0730|P1304|P1441|P1791|P1860|P1989|P2046|P2115|P2141|P2427|P2480|P2592|P2612|P2645|P2687|P3520|P3647|P3785
问题2,73,LAND,F004,出海,23,0.00575,0.52975,P0146|P0632|P0908|P1052|P1216|P1264|P1553|P2183|P2362|P2487|P2551|P2669|P2716|P3039|P3053|P3119|P3159|P3243|P3375|P3585|P3598|P3761|P3906
问题2,74,LAND,F011,出海,23,0.00575,0.5355,P0284|P0535|P0707|P0823|P0923|P1529|P1605|P1667|P1688|P1968|P2041|P2495|P2632|P2764|P2768|P2878|P2978|P3198|P3212|P3249|P3250|P3693|P3786
问题2,75,LAND,F052,出海,23,0.00575,0.54125,P0072|P0206|P0773|P0793|P0833|P1201|P1238|P1944|P2017|P2037|P2111|P2145|P2331|P2359|P2785|P2787|P3105|P3227|P3440|P3587|P3611|P3640|P3987
问题2,76,F016,LAND,海返,22,0.0055,0.54675,P0106|P0348|P0524|P0882|P1215|P1603|P1749|P1820|P1844|P1943|P2074|P2489|P2546|P2554|P2868|P2927|P3100|P3332|P3448|P3565|P3705|P3740
问题2,77,F023,LAND,海返,22,0.0055,0.55225,P0114|P0131|P0141|P0190|P0297|P0543|P0615|P0711|P0719|P0881|P0971|P1128|P1253|P1439|P1990|P2053|P2501|P2734|P3003|P3223|P3431|P3716
问题2,78,F035,LAND,海返,22,0.0055,0.55775,P0085|P0154|P0301|P0352|P0594|P1241|P1265|P1483|P1551|P1555|P1762|P1985|P2170|P2254|P2418|P2752|P2757|P2918|P3161|P3642|P3772|P3931
问题2,79,F040,LAND,海返,22,0.0055,0.56325,P0012|P0514|P0726|P0858|P0915|P1161|P1728|P1751|P1768|P1780|P1822|P1869|P1980|P2176|P2324|P2452|P2892|P3180|P3230|P3593|P3826|P3986
问题2,80,F052,LAND,海返,22,0.0055,0.56875,P0003|P0022|P0153|P0187|P0483|P0973|P1045|P1736|P1826|P1914|P2095|P2220|P2237|P2302|P2380|P2402|P2630|P3029|P3151|P3254|P3517|P3818
问题2,81,LAND,F007,出海,22,0.0055,0.57425,P0480|P0652|P0685|P0687|P0747|P0851|P0893|P1075|P1118|P1131|P1196|P1243|P1523|P1797|P2586|P2876|P3231|P3292|P3327|P3354|P3714|P3824
问题2,82,LAND,F016,出海,22,0.0055,0.57975,P0275|P0423|P0482|P0647|P0950|P1114|P1347|P1537|P1579|P1582|P1680|P1697|P2185|P2192|P2227|P2731|P2736|P3170|P3192|P3316|P3356|P3427
问题2,83,LAND,F017,出海,22,0.0055,0.58525,P0418|P0598|P1380|P1493|P1521|P1745|P2043|P2137|P2139|P2152|P2229|P2499|P2682|P2789|P2825|P2836|P3112|P3240|P3279|P3310|P3655|P3684
问题2,84,LAND,F040,出海,22,0.0055,0.59075,P0367|P0880|P1004|P1567|P1598|P1705|P1908|P2094|P2386|P2555|P2727|P2746|P2775|P2846|P2881|P2935|P3222|P3287|P3322|P3477|P3547|P3721
问题2,85,LAND,F023,出海,21,0.00525,0.596,P0068|P0111|P0298|P0693|P1031|P1076|P1112|P1335|P1451|P1708|P1906|P1988|P2076|P2230|P2440|P2902|P2943|P3087|P3473|P3579|P3810
问题2,86,LAND,F050,出海,20,0.005,0.601,P0166|P0467|P0567|P0916|P0985|P1148|P1452|P1471|P2194|P2253|P2474|P2782|P2839|P3210|P3235|P3443|P3545|P3889|P3898|P3920
问题2,87,F003,F007,穿梭,19,0.00475,0.60575,P0225|P0489|P0578|P0623|P0740|P0753|P0890|P0895|P0927|P1066|P1409|P1498|P1787|P2434|P2676|P2823|P3266|P3600|P3916
问题2,88,F004,F007,穿梭,19,0.00475,0.6105,P0392|P0527|P0702|P0760|P0867|P0871|P0885|P1062|P1318|P1695|P1901|P2428|P2706|P2894|P3134|P3528|P3669|P3876|P3941
问题2,89,F015,LAND,海返,19,0.00475,0.61525,P0321|P0380|P0595|P1089|P1454|P1499|P1583|P1810|P1972|P2080|P2260|P2526|P2696|P2834|P3000|P3262|P3712|P3746|P3769
问题2,90,F038,F039,穿梭,19,0.00475,0.62,P0080|P0373|P0389|P1013|P1037|P1527|P1735|P1932|P2002|P2118|P2308|P2328|P2728|P3284|P3314|P3336|P3663|P3728|P3804
问题2,91,F038,F045,穿梭,19,0.00475,0.62475,P0270|P0681|P1629|P1647|P1704|P1789|P1876|P1931|P1963|P2200|P2931|P2963|P3020|P3103|P3206|P3347|P3472|P3480|P3991
问题2,92,F042,LAND,海返,19,0.00475,0.6295,P0026|P0069|P0220|P0914|P1309|P1468|P1503|P1709|P1849|P1965|P2020|P2281|P2655|P2882|P2936|P2995|P3337|P3379|P3384
问题2,93,F043,F051,穿梭,19,0.00475,0.63425,P0064|P0178|P0569|P0764|P0816|P0920|P1106|P1130|P1288|P1641|P1719|P1888|P2352|P2947|P3392|P3619|P3696|P3795|P3964
问题2,94,LAND,F029,出海,19,0.00475,0.639,P0159|P0299|P0306|P0449|P0962|P0987|P1077|P1226|P1276|P1738|P1878|P1919|P1956|P2590|P2617|P2796|P3402|P3626|P3741
问题2,95,LAND,F042,出海,19,0.00475,0.64375,P0455|P0617|P0638|P1174|P1268|P1435|P1683|P2031|P2751|P2779|P2786|P2889|P2965|P3028|P3309|P3346|P3428|P3959|P3970
问题2,96,LAND,F046,出海,19,0.00475,0.6485,P0191|P0245|P0834|P1082|P1199|P1269|P1552|P1778|P1890|P2186|P2500|P2599|P2824|P2998|P3369|P3595|P3625|P3664|P3763
问题2,97,F001,F016,穿梭,18,0.0045,0.653,P0201|P0281|P0604|P0678|P0903|P1320|P1550|P1917|P2303|P2341|P2444|P2541|P2891|P2960|P3037|P3040|P3339|P3778
问题2,98,F017,F014,穿梭,18,0.0045,0.6575,P0439|P0486|P0737|P1252|P1893|P2005|P2236|P2269|P2311|P2342|P2370|P2704|P3091|P3324|P3504|P3921|P3942|P3999
问题2,99,F030,F026,穿梭,18,0.0045,0.662,P0014|P0019|P0052|P0071|P0295|P0732|P1209|P1418|P1717|P1788|P2069|P2072|P2148|P2210|P2392|P3281|P3307|P3976
问题2,100,F039,F048,穿梭,18,0.0045,0.6665,P0048|P0087|P0210|P0261|P0262|P0381|P0473|P0549|P0733|P0777|P1436|P1584|P1909|P2267|P2671|P3408|P3503|P3829
问题2,101,F046,F047,穿梭,18,0.0045,0.671,P0645|P0795|P0827|P0898|P0961|P1312|P1331|P1786|P1918|P2497|P2845|P3318|P3338|P3616|P3665|P3683|P3692|P3873
问题2,102,F047,LAND,海返,18,0.0045,0.6755,P0155|P0236|P0251|P0290|P0504|P0649|P0686|P0716|P1533|P1614|P2108|P2147|P2699|P2964|P3135|P3153|P3855|P3893
问题2,103,F048,F039,穿梭,18,0.0045,0.68,P0196|P0335|P0466|P0494|P0593|P0984|P1094|P1313|P1606|P1643|P1673|P1732|P1953|P2199|P2223|P2772|P3570|P3934
问题2,104,F050,LAND,海返,18,0.0045,0.6845,P0277|P0360|P0536|P0976|P0996|P1020|P1237|P1274|P1565|P1862|P2174|P2255|P2335|P2639|P3353|P3380|P3429|P3514
问题2,105,LAND,F024,出海,18,0.0045,0.689,P0410|P0475|P0731|P0995|P1068|P1144|P1413|P1447|P1515|P1654|P2433|P2518|P2678|P2907|P2932|P3090|P3488|P3603
问题2,106,LAND,F035,出海,18,0.0045,0.6935,P0428|P0565|P0665|P0677|P0755|P1049|P1124|P1256|P1366|P1575|P1701|P1714|P2079|P2116|P2239|P2413|P3360|P3552
问题2,107,LAND,F041,出海,18,0.0045,0.698,P0227|P0326|P0377|P0519|P0657|P0794|P1479|P1556|P1742|P1850|P1978|P2178|P2650|P2871|P2966|P3089|P3423|P3954
问题2,108,LAND,F047,出海,18,0.0045,0.7025,P0172|P0547|P0610|P0788|P1073|P1092|P1173|P1303|P1357|P1404|P1464|P1613|P1616|P1839|P1981|P2110|P3311|P3909
问题2,109,F003,LAND,海返,17,0.00425,0.70675,P0136|P0160|P1408|P1620|P1634|P2040|P2082|P2651|P3275|P3323|P3355|P3609|P3648|P3707|P3812|P3978|P3995
问题2,110,F041,LAND,海返,17,0.00425,0.711,P0683|P0825|P0853|P0884|P1491|P1542|P1967|P1995|P2609|P2798|P3131|P3203|P3239|P3349|P3386|P3391|P3960
问题2,111,F042,F040,穿梭,17,0.00425,0.71525,P0092|P0313|P0669|P0861|P0934|P1224|P1272|P1449|P1572|P2025|P2144|P2167|P2763|P2899|P3115|P3748|P3781
问题2,112,F052,F048,穿梭,17,0.00425,0.7195,P0263|P0309|P0366|P0434|P0658|P1021|P1115|P1230|P1430|P1821|P1829|P1831|P2522|P2579|P2951|P3076|P3819
问题2,113,LAND,F008,出海,17,0.00425,0.72375,P0454|P0628|P0698|P0818|P0821|P1011|P1270|P1461|P1653|P1694|P2400|P2470|P2815|P2990|P3304|P3497|P3650
问题2,114,LAND,F015,出海,17,0.00425,0.728,P0269|P0409|P0513|P0605|P0969|P0998|P1080|P1364|P1506|P1774|P1782|P2091|P3098|P3234|P3836|P3939|P3985
问题2,115,F007,F002,穿梭,16,0.004,0.732,P0031|P0237|P0474|P0841|P1168|P1526|P1652|P1744|P2193|P2384|P2445|P2479|P2883|P2920|P3300|P3899
问题2,116,F008,LAND,海返,16,0.004,0.736,P0779|P0949|P1176|P1546|P1693|P1727|P1833|P2035|P2542|P2629|P2745|P3534|P3535|P3537|P3845|P3975
问题2,117,F010,F007,穿梭,16,0.004,0.74,P0167|P0670|P0878|P1010|P1096|P1317|P1712|P1836|P1993|P2100|P2437|P2693|P2994|P3199|P3675|P3896
问题2,118,F013,F002,穿梭,16,0.004,0.744,P0650|P0798|P0966|P1263|P1487|P2316|P2443|P2946|P2989|P3201|P3298|P3357|P3378|P3486|P3502|P3764
问题2,119,F028,F018,穿梭,16,0.004,0.748,P0873|P1039|P1325|P1372|P1578|P1764|P1955|P2130|P2155|P2232|P2559|P2670|P3193|P3340|P3643|P3660
问题2,120,F031,F021,穿梭,16,0.004,0.752,P0082|P0218|P0875|P1548|P1666|P2125|P2441|P2550|P2747|P2934|P3001|P3417|P3513|P3666|P3681|P3710
问题2,121,F041,F045,穿梭,16,0.004,0.756,P0477|P0783|P0940|P1041|P1043|P1239|P1433|P1977|P2349|P2350|P2391|P2634|P3258|P3709|P3864|P3972
问题2,122,F019,F033,穿梭,15,0.00375,0.75975,P0067|P0211|P0675|P1015|P1588|P1903|P2690|P2925|P2993|P3110|P3261|P3787|P3828|P3834|P3912
问题2,123,F020,F019,穿梭,15,0.00375,0.7635,P0180|P0886|P1326|P1354|P1419|P1456|P1507|P1670|P1877|P2468|P2862|P3401|P3556|P3577|P3680
问题2,124,F023,F032,穿梭,15,0.00375,0.76725,P0173|P0318|P0322|P1090|P1117|P1218|P1400|P1651|P1698|P1726|P2099|P2584|P3073|P3511|P3922
问题2,125,F026,F033,穿梭,15,0.00375,0.771,P0053|P0358|P0592|P0710|P0943|P1033|P1460|P2190|P2588|P2884|P2958|P3036|P3407|P3802|P3841
问题2,126,F040,F041,穿梭,15,0.00375,0.77475,P0285|P0296|P0963|P0990|P1911|P1934|P2136|P2211|P2234|P2919|P3016|P3078|P3129|P3561|P3915
问题2,127,F047,F049,穿梭,15,0.00375,0.7785,P0378|P0836|P0840|P0970|P1028|P1386|P1922|P2050|P2870|P3321|P3525|P3566|P3641|P3682|P3724
问题2,128,F050,F043,穿梭,15,0.00375,0.78225,P0383|P0507|P0772|P1359|P1375|P1403|P1587|P2128|P2161|P2459|P3080|P3204|P3251|P3662|P3944
问题2,129,F051,F038,穿梭,15,0.00375,0.786,P0291|P0302|P0339|P0461|P0688|P0876|P0967|P1258|P1415|P1525|P1585|P2012|P3017|P3435|P3813
问题2,130,LAND,F003,出海,15,0.00375,0.78975,P0030|P0033|P0035|P0257|P0715|P0735|P0925|P1108|P2695|P2719|P3063|P3268|P3608|P3631|P3984
问题2,131,F003,F008,穿梭,14,0.0035,0.79325,P0705|P0806|P1116|P1348|P1951|P2461|P2941|P3045|P3148|P3389|P3430|P3458|P3481|P3512
问题2,132,F009,F003,穿梭,14,0.0035,0.79675,P1057|P1098|P1102|P1289|P1306|P1411|P1599|P1896|P2412|P2694|P2855|P3290|P3951|P3990
问题2,133,F012,F015,穿梭,14,0.0035,0.80025,P0907|P0945|P0947|P1539|P1971|P2168|P2177|P2483|P2602|P2635|P2806|P3467|P3871|P3981
问题2,134,F016,F005,穿梭,14,0.0035,0.80375,P0161|P0437|P0560|P1019|P1067|P1083|P1150|P1530|P2107|P2367|P3186|P3539|P3729|P3750
问题2,135,F021,F027,穿梭,14,0.0035,0.80725,P0308|P0739|P0839|P0852|P1140|P1405|P2013|P2214|P2749|P3015|P3246|P3578|P3604|P3794
问题2,136,F032,F025,穿梭,14,0.0035,0.81075,P0485|P0692|P0931|P0941|P1154|P1240|P1356|P1691|P1809|P2613|P2631|P3219|P3498|P3753
问题2,137,F037,F040,穿梭,14,0.0035,0.81425,P0509|P0988|P1502|P1630|P1861|P2063|P2289|P2379|P2553|P2596|P2979|P3463|P3687|P3777
问题2,138,F037,F044,穿梭,14,0.0035,0.81775,P0315|P0336|P0356|P0426|P0516|P0603|P1255|P1292|P1363|P1540|P1737|P3583|P3738|P3837
问题2,139,F046,LAND,海返,14,0.0035,0.82125,P0149|P0163|P0200|P0551|P0874|P1344|P2175|P2475|P2574|P2773|P3130|P3179|P3196|P3865
问题2,140,F049,F048,穿梭,14,0.0035,0.82475,P0152|P0556|P0784|P1437|P1590|P1659|P1912|P2505|P2666|P3070|P3456|P3622|P3668|P3695
问题2,141,F008,F003,穿梭,13,0.00325,0.828,P0118|P0317|P1180|P1410|P1531|P2067|P2225|P2288|P2534|P2821|P2911|P3031|P3412
问题2,142,F015,F009,穿梭,13,0.00325,0.83125,P0117|P0614|P0765|P0902|P1121|P1222|P1360|P1510|P2112|P2277|P2510|P3173|P3733
问题2,143,F039,F052,穿梭,13,0.00325,0.8345,P0234|P1193|P1371|P1505|P1823|P3051|P3141|P3178|P3228|P3299|P3594|P3905|P3974
问题2,144,F045,F048,穿梭,13,0.00325,0.83775,P0905|P1391|P1406|P1765|P2737|P2758|P2954|P3038|P3343|P3442|P3558|P3691|P3833
问题2,145,F024,F027,穿梭,12,0.003,0.84075,P0145|P1023|P1070|P1105|P1924|P2123|P2795|P2879|P2895|P3046|P3790|P3949
问题2,146,F036,F049,穿梭,12,0.003,0.84375,P0276|P0328|P1055|P1496|P1813|P1843|P1928|P2842|P3124|P3168|P3364|P3997
问题2,147,A02,F019,出海,11,0.00275,0.8465,P0059|P0542|P0957|P1677|P2598|P2822|P3044|P3288|P3409|P3524|P3711
问题2,148,A02,F024,出海,11,0.00275,0.84925,P0213|P0307|P0433|P0499|P0729|P1905|P2195|P2535|P2572|P3190|P3872
问题2,149,F001,F005,穿梭,11,0.00275,0.852,P1618|P1631|P1777|P1802|P2060|P2081|P2404|P2504|P2623|P3033|P3766
问题2,150,F002,F004,穿梭,11,0.00275,0.85475,P0079|P1030|P1568|P1669|P2066|P2188|P2388|P2686|P3419|P3776|P3943
问题2,151,F006,F007,穿梭,11,0.00275,0.8575,P0974|P1592|P1711|P2090|P2164|P2337|P3068|P3165|P3245|P3405|P3529
问题2,152,F011,F015,穿梭,11,0.00275,0.86025,P0205|P0663|P0701|P0847|P1181|P1185|P1389|P1920|P3932|P3946|P3988
问题2,153,F018,F026,穿梭,11,0.00275,0.863,P0150|P0585|P0662|P1145|P1881|P2084|P2196|P2240|P2524|P3489|P3571
问题2,154,F025,F027,穿梭,11,0.00275,0.86575,P0122|P0398|P1938|P2567|P2897|P3195|P3335|P3390|P3399|P3881|P3918
问题2,155,F027,F021,穿梭,11,0.00275,0.8685,P0287|P0749|P1798|P2181|P2624|P2701|P2765|P2813|P2814|P3701|P3926
问题2,156,F044,F037,穿梭,11,0.00275,0.87125,P0526|P0770|P0802|P1349|P1514|P1975|P2121|P3054|P3057|P3453|P3521
问题2,157,F022,F033,穿梭,10,0.0025,0.87375,P0005|P0850|P1438|P1581|P1628|P2242|P3011|P3358|P3607|P3878
问题2,158,F029,F021,穿梭,10,0.0025,0.87625,P0168|P0207|P0346|P0400|P0576|P1127|P1586|P2184|P2760|P3661
问题2,159,F036,F046,穿梭,10,0.0025,0.87875,P0038|P0937|P0981|P1146|P1894|P2187|P2957|P3122|P3672|P3952
问题2,160,A02,F027,出海,9,0.00225,0.881,P0897|P1854|P2358|P2401|P2571|P2771|P3101|P3104|P3109
问题2,161,F002,F003,穿梭,9,0.00225,0.88325,P0133|P0143|P0181|P1232|P1513|P1633|P2003|P2383|P3152
问题2,162,F005,F017,穿梭,9,0.00225,0.8855,P0021|P0212|P0279|P0708|P1034|P1554|P3744|P3866|P3924
问题2,163,F014,F017,穿梭,9,0.00225,0.88775,P1072|P1142|P2071|P2605|P2774|P3007|P3383|P3388|P3869
问题2,164,F021,A02,海返,9,0.00225,0.89,P0310|P0627|P1958|P2300|P2375|P2529|P2924|P3072|P3858
问题2,165,A03,F036,出海,8,0.002,0.892,P0401|P0709|P1087|P1650|P1817|P3698|P3755|P3770
问题2,166,F012,A01,海返,8,0.002,0.894,P0101|P1175|P2006|P2083|P2344|P3132|P3465|P3490
问题2,167,F026,A02,海返,8,0.002,0.896,P0488|P1287|P2010|P2073|P2394|P3491|P3569|P3639
问题2,168,F031,A02,海返,8,0.002,0.898,P0198|P0468|P0929|P0979|P2146|P2570|P2653|P3181
问题2,169,A01,F002,出海,7,0.00175,0.89975,P1754|P1771|P2409|P2625|P2819|P3592|P3961
问题2,170,A01,F012,出海,7,0.00175,0.9015,P0049|P0239|P0247|P0619|P2131|P2753|P3211
问题2,171,A03,F038,出海,7,0.00175,0.90325,P0993|P1913|P2047|P2154|P2544|P2912|P3674
问题2,172,A03,F042,出海,7,0.00175,0.905,P0294|P1203|P1767|P2093|P2521|P2730|P2984
问题2,173,A03,F044,出海,7,0.00175,0.90675,P0386|P0442|P0838|P2843|P3238|P3260|P3334
问题2,174,A03,F045,出海,7,0.00175,0.9085,P0673|P0781|P1640|P1785|P1803|P2939|P3969
问题2,175,A03,F050,出海,7,0.00175,0.91025,P0540|P0643|P0865|P2330|P2972|P3627|P3730
问题2,176,F040,A03,海返,7,0.00175,0.912,P0123|P0329|P2252|P2381|P2423|P2857|P3085
问题2,177,F043,A03,海返,7,0.00175,0.91375,P0165|P0748|P1873|P2029|P2861|P3241|P3274
问题2,178,F045,A03,海返,7,0.00175,0.9155,P0103|P0391|P0859|P2231|P2398|P2659|P2977
问题2,179,A01,F007,出海,6,0.0015,0.917,P0057|P0786|P0812|P1703|P1838|P2738
问题2,180,A01,F011,出海,6,0.0015,0.9185,P0174|P0293|P1571|P1718|P3108|P3175
问题2,181,A01,F015,出海,6,0.0015,0.92,P0476|P0484|P0570|P0637|P1402|P3945
问题2,182,A03,F043,出海,6,0.0015,0.9215,P0588|P0848|P1171|P2636|P3023|P3270
问题2,183,F007,A01,海返,6,0.0015,0.923,P0508|P1047|P1301|P1983|P2363|P3496
问题2,184,F014,A01,海返,6,0.0015,0.9245,P0370|P1383|P1946|P1970|P2703|P2975
问题2,185,F018,A02,海返,6,0.0015,0.926,P0054|P2271|P2705|P3021|P3247|P3331
问题2,186,F019,A02,海返,6,0.0015,0.9275,P0917|P2280|P2390|P2622|P3548|P3910
问题2,187,F022,A02,海返,6,0.0015,0.929,P0104|P0531|P0629|P1871|P3492|P3788
问题2,188,F023,A02,海返,6,0.0015,0.9305,P0073|P1058|P2140|P3215|P3568|P3743
问题2,189,F036,A03,海返,6,0.0015,0.932,P0162|P0314|P0830|P1012|P3540|P3618
问题2,190,F038,A03,海返,6,0.0015,0.9335,P0523|P0557|P1440|P2519|P2915|P3438
问题2,191,F039,A03,海返,6,0.0015,0.935,P0189|P0471|P1192|P1234|P2511|P3950
问题2,192,F050,A03,海返,6,0.0015,0.9365,P0405|P1126|P1660|P2591|P2973|P3071
问题2,193,F051,A03,海返,6,0.0015,0.938,P0324|P0763|P1626|P2338|P2755|P2970
问题2,194,A01,F008,出海,5,0.00125,0.93925,P1310|P1334|P3410|P3495|P3621
问题2,195,A01,F013,出海,5,0.00125,0.9405,P0419|P2464|P3092|P3150|P3176
问题2,196,A01,F017,出海,5,0.00125,0.94175,P0137|P1079|P2207|P2309|P2999
问题2,197,A02,F026,出海,5,0.00125,0.943,P0230|P0574|P2408|P3013|P3658
问题2,198,A02,F029,出海,5,0.00125,0.94425,P0226|P1827|P2101|P2683|P2810
问题2,199,A02,F032,出海,5,0.00125,0.9455,P0379|P0546|P2097|P2351|P3385
问题2,200,A02,F033,出海,5,0.00125,0.94675,P0660|P0761|P1198|P1462|P2397
问题2,201,A03,F040,出海,5,0.00125,0.948,P0140|P0868|P1715|P1750|P2374
问题2,202,A03,F047,出海,5,0.00125,0.94925,P0040|P1063|P1231|P2315|P2850
问题2,203,A03,F048,出海,5,0.00125,0.9505,P2395|P2743|P2914|P3267|P3471
问题2,204,A03,F049,出海,5,0.00125,0.95175,P1520|P2198|P2832|P3276|P3703
问题2,205,F001,A01,海返,5,0.00125,0.953,P1299|P1387|P1600|P2213|P3208
问题2,206,F006,A01,海返,5,0.00125,0.95425,P1420|P1545|P1899|P2049|P2803
问题2,207,F024,A02,海返,5,0.00125,0.9555,P0810|P0964|P1898|P2153|P2923
问题2,208,F028,A02,海返,5,0.00125,0.95675,P1283|P1675|P2473|P2962|P3200
问题2,209,F033,A02,海返,5,0.00125,0.958,P0242|P0877|P2905|P3536|P3671
问题2,210,F042,A03,海返,5,0.00125,0.95925,P0944|P1638|P2319|P3501|P3820
问题2,211,F046,A03,海返,5,0.00125,0.9605,P0129|P0246|P2492|P2528|P3043
问题2,212,A01,F001,出海,4,0.001,0.9615,P0036|P0918|P2537|P2942
问题2,213,A01,F003,出海,4,0.001,0.9625,P0015|P0528|P2208|P2929
问题2,214,A01,F004,出海,4,0.001,0.9635,P2173|P2793|P3113|P3938
问题2,215,A01,F006,出海,4,0.001,0.9645,P0240|P0267|P1611|P3271
问题2,216,A01,F010,出海,4,0.001,0.9655,P1907|P2840|P3644|P3775
问题2,217,A02,F018,出海,4,0.001,0.9665,P2078|P2103|P2517|P3114
问题2,218,A02,F021,出海,4,0.001,0.9675,P0008|P0124|P1195|P3158
问题2,219,A02,F023,出海,4,0.001,0.9685,P0611|P1482|P2314|P2790
问题2,220,A02,F031,出海,4,0.001,0.9695,P0221|P1859|P2248|P3041
问题2,221,A02,F034,出海,4,0.001,0.9705,P0799|P0808|P1368|P2778
问题2,222,A03,F037,出海,4,0.001,0.9715,P0260|P1042|P2048|P2956
问题2,223,A03,F052,出海,4,0.001,0.9725,P0465|P1035|P2138|P2378
问题2,224,F002,A01,海返,4,0.001,0.9735,P0046|P1134|P1887|P2833
问题2,225,F005,A01,海返,4,0.001,0.9745,P1384|P1478|P1593|P2750
问题2,226,F008,A01,海返,4,0.001,0.9755,P2732|P3059|P3197|P3789
问题2,227,F015,A01,海返,4,0.001,0.9765,P1172|P1784|P2467|P3315
问题2,228,F016,A01,海返,4,0.001,0.9775,P0233|P0906|P1417|P3291
问题2,229,F020,A02,海返,4,0.001,0.9785,P0109|P0554|P1166|P3194
问题2,230,F027,A02,海返,4,0.001,0.9795,P1001|P2967|P3700|P3715
问题2,231,F032,A02,海返,4,0.001,0.9805,P0487|P3111|P3317|P3328
问题2,232,F044,A03,海返,4,0.001,0.9815,P0469|P3301|P3470|P3645
问题2,233,F052,A03,海返,4,0.001,0.9825,P0372|P0651|P1649|P3263
问题2,234,A01,F005,出海,3,0.00075,0.98325,P1006|P3403|P3882
问题2,235,A01,F009,出海,3,0.00075,0.984,P0252|P3118|P3137
问题2,236,A01,F014,出海,3,0.00075,0.98475,P0061|P2969|P3614
问题2,237,A01,F016,出海,3,0.00075,0.9855,P0613|P2472|P2898
问题2,238,A02,F035,出海,3,0.00075,0.98625,P0115|P3652|P3844
问题2,239,A03,F039,出海,3,0.00075,0.987,P2159|P3048|P3576
问题2,240,A03,F041,出海,3,0.00075,0.98775,P0368|P1137|P2262
问题2,241,F003,A01,海返,3,0.00075,0.9885,P0606|P0775|P1132
问题2,242,F004,A01,海返,3,0.00075,0.98925,P2566|P2658|P3421
问题2,243,F009,A01,海返,3,0.00075,0.99,P1644|P2565|P3185
问题2,244,F010,A01,海返,3,0.00075,0.99075,P0250|P1351|P1622
问题2,245,F011,A01,海返,3,0.00075,0.9915,P1104|P1662|P1930
问题2,246,F017,A01,海返,3,0.00075,0.99225,P0128|P1648|P2001
问题2,247,F030,A02,海返,3,0.00075,0.993,P2016|P2290|P2494
问题2,248,F034,A02,海返,3,0.00075,0.99375,P0803|P3049|P3396
问题2,249,F041,A03,海返,3,0.00075,0.9945,P1361|P1976|P3803
问题2,250,F048,A03,海返,3,0.00075,0.99525,P0517|P1594|P2569
问题2,251,A02,F020,出海,2,0.0005,0.99575,P0635|P2429
问题2,252,A02,F025,出海,2,0.0005,0.99625,P1886|P2791
问题2,253,A02,F028,出海,2,0.0005,0.99675,P1729|P2407
问题2,254,A03,F051,出海,2,0.0005,0.99725,P0856|P3708
问题2,255,F049,A03,海返,2,0.0005,0.99775,P2621|P3107
问题2,256,A02,F022,出海,1,0.00025,0.998,P3083
问题2,257,A02,F030,出海,1,0.00025,0.99825,P0448
问题2,258,A03,F046,出海,1,0.00025,0.9985,P2863
问题2,259,F013,A01,海返,1,0.00025,0.99875,P2436
问题2,260,F025,A02,海返,1,0.00025,0.999,P1428
问题2,261,F029,A02,海返,1,0.00025,0.99925,P1665
问题2,262,F035,A02,海返,1,0.00025,0.9995,P1093
问题2,263,F037,A03,海返,1,0.00025,0.99975,P3838
问题2,264,F047,A03,海返,1,0.00025,1.0,P2830
