stage,global_iteration,iteration,elapsed_seconds,operator,destroyed_routes,destroyed_passengers,removed_aircraft_time_minutes,repair_variants,repaired_routes,accepted,improved_current,new_global_best,current_aircraft_time_minutes,best_aircraft_time_minutes,current_passenger_time_minutes,best_passenger_time_minutes,current_flights,best_flights,temperature
1,1,1,2.113643,low_utilization,2,29,307,75,2,1,0,0,15371,15371,120870,120870,95,95,0.002
1,2,2,4.199176,worst_time_per_person,3,48,716,71,3,1,0,0,15371,15371,120870,120870,95,95,0.00197
1,3,3,4.444261,related_routes,2,31,370,9,2,1,0,0,15371,15371,120870,120870,95,95,0.00194045
1,4,4,5.588568,related_routes,2,33,228,36,2,1,0,0,15371,15371,120870,120870,95,95,0.0019113432500000001
1,5,5,7.478894,worst_time_per_person,2,32,483,67,2,1,0,0,15371,15371,120870,120870,95,95,0.00188267310125
1,6,6,7.744768,related_routes,2,35,389,9,2,1,0,0,15371,15371,120870,120870,95,95,0.00185443300473125
1,7,7,8.737567,low_utilization,2,30,294,34,2,1,0,0,15371,15371,120870,120870,95,95,0.0018266165096602813
1,8,8,10.612092,random_routes,3,52,472,75,3,1,0,0,15371,15371,120870,120870,95,95,0.0017992172620153772
1,9,9,13.051711,land_reassignment,2,35,261,81,2,1,1,1,15361,15361,120836,120836,95,95,0.0017722290030851465
1,10,10,13.442431,low_utilization,2,27,406,30,2,1,0,0,15361,15361,120836,120836,95,95,0.0017456455680388693
1,11,11,16.536229,random_routes,3,50,509,130,3,1,0,0,15361,15361,120836,120836,95,95,0.0017194608845182862
1,12,12,17.726498,land_reassignment,2,38,304,36,2,1,0,0,15361,15361,120836,120836,95,95,0.0016936689712505118
1,13,13,21.893729,low_utilization,3,39,443,136,3,1,0,0,15361,15361,120836,120836,95,95,0.0016682639366817542
1,14,14,23.023095,worst_time_per_person,3,51,724,75,3,1,0,0,15361,15361,120836,120836,95,95,0.001643239977631528
1,15,15,26.703306,worst_time_per_person,3,46,644,130,3,1,0,0,15361,15361,120836,120836,95,95,0.001618591377967055
1,16,16,26.743935,related_routes,2,32,419,34,2,1,0,0,15361,15361,120836,120836,95,95,0.001594312507297549
1,17,17,27.948739,related_routes,3,55,469,36,3,1,0,0,15361,15361,120836,120836,95,95,0.001570397819688086
1,18,18,30.44829,land_reassignment,3,55,480,81,3,1,0,0,15361,15361,120836,120836,95,95,0.0015468418523927646
1,19,19,33.739921,low_utilization,3,44,467,130,3,1,0,0,15361,15361,120836,120836,95,95,0.001523639224606873
1,20,20,36.330771,land_reassignment,3,54,428,79,3,1,0,0,15361,15361,120836,120836,95,95,0.00150078463623777
1,21,21,36.33844,land_reassignment,2,38,296,9,2,1,0,0,15361,15361,120836,120836,95,95,0.0014782728666942035
1,22,22,36.352462,land_reassignment,2,35,280,35,2,1,0,0,15361,15361,120836,120836,95,95,0.0014560987736937903
1,23,23,36.366414,land_reassignment,2,35,280,35,2,1,0,0,15361,15361,120836,120836,95,95,0.0014342572920883834
1,24,24,37.165582,worst_time_per_person,3,51,759,124,3,1,0,0,15361,15361,120836,120836,95,95,0.0014127434327070576
1,25,25,39.421182,related_routes,3,51,343,81,3,1,1,1,15361,15361,120829,120829,95,95,0.0013915522812164517
1,26,26,40.249574,land_reassignment,2,38,286,36,2,1,0,0,15361,15361,120829,120829,95,95,0.0013706789969982049
1,27,27,42.885206,low_utilization,3,41,433,132,3,1,0,0,15361,15361,120829,120829,95,95,0.0013501188120432317
1,28,28,44.43402,random_routes,3,49,449,73,3,1,0,0,15361,15361,120829,120829,95,95,0.001329867029862583
1,29,29,44.449224,land_reassignment,3,57,454,36,3,1,0,0,15361,15361,120829,120829,95,95,0.0013099190244146442
1,30,30,44.461285,land_reassignment,2,38,300,9,2,1,0,0,15361,15361,120829,120829,95,95,0.0012902702390484245
1,31,31,44.836659,low_utilization,3,41,433,132,3,1,0,0,15361,15361,120829,120829,95,95,0.0012709161854626981
1,32,32,46.168428,related_routes,3,53,508,81,3,1,0,0,15361,15361,120829,120829,95,95,0.0012518524426807576
1,33,33,49.533151,random_routes,3,53,595,185,3,1,0,0,15361,15361,120829,120829,95,95,0.0012330746560405463
1,34,34,52.450698,random_routes,3,51,485,140,3,1,0,0,15361,15361,120829,120829,95,95,0.0012145785361999382
1,35,35,52.796694,related_routes,3,53,820,34,3,1,0,0,15361,15361,120829,120829,95,95,0.001196359858156939
1,36,36,53.146049,land_reassignment,3,53,820,34,3,1,0,0,15361,15361,120829,120829,95,95,0.001178414460284585
1,37,37,53.169258,worst_time_per_person,2,31,530,34,2,1,0,0,15361,15361,120829,120829,95,95,0.0011607382433803163
1,38,38,54.160251,related_routes,3,47,520,36,3,1,1,1,15361,15361,120549,120549,95,95,0.0011433271697296114
1,39,39,54.16902,land_reassignment,2,37,316,36,2,1,0,0,15361,15361,120549,120549,95,95,0.0011261772621836673
1,40,40,54.718556,related_routes,2,32,360,36,2,1,0,0,15361,15361,120549,120549,95,95,0.0011092846032509122
1,41,41,54.735517,low_utilization,2,30,307,75,2,1,0,0,15361,15361,120549,120549,95,95,0.0010926453342021485
1,42,42,56.567355,random_routes,2,32,319,140,2,1,0,0,15361,15361,120549,120549,95,95,0.0010762556541891162
1,43,43,58.271201,low_utilization,3,45,480,195,3,1,0,0,15361,15361,120549,120549,95,95,0.0010601118193762794
1,44,44,59.60545,low_utilization,3,43,459,138,3,1,0,0,15361,15361,120549,120549,95,95,0.0010442101420856352
1,45,45,60.294558,worst_time_per_person,2,31,510,30,2,1,0,0,15361,15361,120549,120549,95,95,0.0010285469899543507
1,46,46,61.781154,random_routes,3,51,524,75,3,1,0,0,15361,15361,120549,120549,95,95,0.0010131187851050354
1,47,47,61.792668,land_reassignment,2,38,296,9,2,1,0,0,15361,15361,120549,120549,95,95,0.0009979220033284597
1,48,48,62.610244,related_routes,3,46,368,36,3,1,0,0,15361,15361,120549,120549,95,95,0.0009829531732785328
1,49,49,65.400333,random_routes,3,54,652,126,3,1,0,0,15361,15361,120549,120549,95,95,0.0009682088756793548
1,50,50,65.452848,worst_time_per_person,3,45,694,63,3,1,0,0,15361,15361,120549,120549,95,95,0.0009536857425441644
1,51,51,65.813469,related_routes,2,32,368,9,2,1,0,0,15361,15361,120549,120549,95,95,0.0009393804564060019
1,52,52,65.822974,land_reassignment,2,38,286,36,2,1,0,0,15361,15361,120549,120549,95,95,0.0009252897495599119
1,53,53,65.884168,worst_time_per_person,2,31,542,71,2,1,0,0,15361,15361,120549,120549,95,95,0.0009114104033165132
1,54,54,66.355978,worst_time_per_person,3,47,729,63,3,1,0,0,15361,15361,120549,120549,95,95,0.0008977392472667655
1,55,55,68.204138,related_routes,2,35,258,36,2,1,0,0,15361,15361,120549,120549,95,95,0.000884273158557764
1,56,56,70.36454,random_routes,3,44,537,75,3,1,0,0,15361,15361,120549,120549,95,95,0.0008710090611793975
1,57,57,71.148802,worst_time_per_person,3,50,763,71,3,1,0,0,15361,15361,120549,120549,95,95,0.0008579439252617066
1,58,58,77.846379,related_routes,3,48,417,81,3,1,0,0,15361,15361,120549,120549,95,95,0.0008450747663827809
1,59,59,77.908439,related_routes,2,32,405,36,2,1,0,0,15361,15361,120549,120549,95,95,0.0008323986448870392
1,60,60,78.906989,land_reassignment,3,50,398,36,3,1,0,0,15361,15361,120549,120549,95,95,0.0008199126652137336
1,61,61,82.180564,random_routes,3,50,491,130,3,1,0,0,15361,15361,120549,120549,95,95,0.0008076139752355276
1,62,62,82.216092,related_routes,2,34,313,30,2,1,0,0,15361,15361,120549,120549,95,95,0.0007954997656069948
1,63,63,82.285709,related_routes,3,46,368,36,3,1,0,0,15361,15361,120549,120549,95,95,0.0007835672691228899
1,64,64,82.307908,land_reassignment,3,57,440,36,3,1,0,0,15361,15361,120549,120549,95,95,0.0007718137600860465
1,65,65,84.407676,related_routes,3,44,737,67,3,1,0,0,15361,15361,120549,120549,95,95,0.0007602365536847558
1,66,66,86.556715,random_routes,3,51,494,79,3,1,0,0,15361,15361,120549,120549,95,95,0.0007488330053794845
1,67,67,88.570438,low_utilization,3,43,439,138,3,1,0,0,15361,15361,120549,120549,95,95,0.0007376005102987922
1,68,68,90.034714,related_routes,3,51,391,81,3,1,0,0,15361,15361,120549,120549,95,95,0.0007265365026443104
1,69,69,90.059632,low_utilization,2,28,291,75,2,1,0,0,15361,15361,120549,120549,95,95,0.0007156384551046457
1,70,70,90.092716,related_routes,2,38,267,36,2,1,0,0,15361,15361,120549,120549,95,95,0.000704903878278076
1,71,71,90.129517,land_reassignment,2,35,277,36,2,1,0,0,15361,15361,120549,120549,95,95,0.0006943303201039049
1,72,72,90.168933,related_routes,2,35,331,28,2,1,0,0,15361,15361,120549,120549,95,95,0.0006839153653023463
1,73,73,90.275935,low_utilization,2,28,325,75,2,1,0,0,15361,15361,120549,120549,95,95,0.0006736566348228111
1,74,74,91.140063,random_routes,2,38,300,36,2,1,0,0,15361,15361,120549,120549,95,95,0.0006635517853004689
1,75,75,91.150657,related_routes,2,35,258,36,2,1,0,0,15361,15361,120549,120549,95,95,0.0006535985085209619
1,76,76,91.177369,land_reassignment,3,57,434,36,3,1,0,0,15361,15361,120549,120549,95,95,0.0006437945308931474
1,77,77,97.36232,related_routes,3,52,481,216,3,1,0,0,15361,15361,120549,120549,95,95,0.0006341376129297503
1,78,78,98.874584,random_routes,2,38,297,81,2,1,0,0,15361,15361,120549,120549,95,95,0.0006246255487358039
1,79,79,99.533271,random_routes,2,34,359,32,2,1,0,0,15361,15361,120549,120549,95,95,0.0006152561655047669
1,80,80,99.866436,worst_time_per_person,3,47,784,34,3,1,0,0,15361,15361,120549,120549,95,95,0.0006060273230221954
1,81,81,100.632921,land_reassignment,3,50,481,36,3,1,0,0,15361,15361,120549,120549,95,95,0.0005969369131768625
1,82,82,105.617951,related_routes,3,49,513,314,3,1,0,0,15361,15361,120549,120549,95,95,0.0005879828594792096
1,83,83,106.828202,land_reassignment,3,55,463,36,3,1,0,0,15361,15361,120549,120549,95,95,0.0005791631165870214
1,84,84,107.800798,random_routes,2,31,344,36,2,1,0,0,15361,15361,120549,120549,95,95,0.0005704756698382161
1,85,85,107.817602,land_reassignment,2,38,300,9,2,1,0,0,15361,15361,120549,120549,95,95,0.0005619185347906429
1,86,86,110.199286,worst_time_per_person,3,44,667,120,3,1,0,0,15361,15361,120549,120549,95,95,0.0005534897567687833
1,87,87,111.72969,random_routes,2,32,367,63,2,1,0,0,15361,15361,120549,120549,95,95,0.0005451874104172515
1,88,88,112.71228,random_routes,2,34,358,36,2,1,0,0,15361,15361,120549,120549,95,95,0.0005370095992609928
1,89,89,112.743332,related_routes,3,54,469,34,3,1,0,0,15361,15361,120549,120549,95,95,0.0005289544552720778
1,90,90,116.494565,random_routes,3,54,499,124,3,1,0,0,15361,15361,120549,120549,95,95,0.0005210201384429966
1,91,91,118.990423,land_reassignment,3,54,408,81,3,1,0,0,15361,15361,120549,120549,95,95,0.0005132048363663517
1,92,92,120.879532,random_routes,2,35,354,75,2,1,0,0,15361,15361,120549,120549,95,95,0.0005055067638208564
1,93,93,124.796559,related_routes,3,45,500,81,3,1,0,0,15361,15361,120549,120549,95,95,0.0004979241623635435
1,94,94,124.824233,worst_time_per_person,3,43,764,30,3,1,0,0,15361,15361,120549,120549,95,95,0.0004904552999280903
1,95,95,126.218073,related_routes,3,47,796,71,3,1,0,0,15361,15361,120549,120549,95,95,0.00048309847042916893
1,96,96,126.238531,related_routes,2,35,327,36,2,1,0,0,15361,15361,120549,120549,95,95,0.0004758519933727314
1,97,97,127.137932,worst_time_per_person,2,35,517,124,2,1,0,0,15361,15361,120549,120549,95,95,0.0004687142134721404
1,98,98,127.95306,random_routes,2,35,328,36,2,1,0,0,15361,15361,120549,120549,95,95,0.0004616835002700583
1,99,99,127.976172,low_utilization,2,29,290,36,2,1,0,0,15361,15361,120549,120549,95,95,0.0004547582477660074
1,100,100,127.996484,land_reassignment,2,38,296,9,2,1,0,0,15361,15361,120549,120549,95,95,0.0004479368740495173
1,101,101,129.071704,worst_time_per_person,3,46,702,67,3,1,0,0,15361,15361,120549,120549,95,95,0.0004412178209387745
1,102,102,129.104913,low_utilization,2,31,321,71,2,1,0,0,15361,15361,120549,120549,95,95,0.0004345995536246929
1,103,103,129.11995,land_reassignment,3,57,434,36,3,1,0,0,15361,15361,120549,120549,95,95,0.0004280805603203225
1,104,104,129.130962,related_routes,2,38,286,36,2,1,0,0,15361,15361,120549,120549,95,95,0.0004216593519155176
1,105,105,129.831052,random_routes,2,31,438,34,2,1,0,0,15361,15361,120549,120549,95,95,0.00041533446163678485
1,106,106,130.741214,related_routes,2,38,341,36,2,1,0,0,15361,15361,120549,120549,95,95,0.00040910444471223305
1,107,107,132.94895,land_reassignment,3,52,481,199,3,1,0,0,15361,15361,120549,120549,95,95,0.0004029678780415496
1,108,108,132.9744,related_routes,2,30,368,9,2,1,0,0,15361,15361,120549,120549,95,95,0.00039692335987092633
1,109,109,133.043629,land_reassignment,3,55,463,36,3,1,0,0,15361,15361,120549,120549,95,95,0.0003909695094728624
1,110,110,133.064538,related_routes,3,50,398,36,3,1,0,0,15361,15361,120549,120549,95,95,0.00038510496683076946
1,111,111,135.047178,worst_time_per_person,3,51,694,75,3,1,0,0,15361,15361,120549,120549,95,95,0.00037932839232830793
1,112,112,140.812311,related_routes,3,51,378,144,3,1,0,0,15361,15361,120549,120549,95,95,0.0003736384664433833
1,113,113,140.875649,low_utilization,3,44,473,138,3,1,0,0,15361,15361,120549,120549,95,95,0.00036803388944673255
1,114,114,140.916573,land_reassignment,2,38,564,34,2,1,0,0,15361,15361,120549,120549,95,95,0.00036251338110503156
1,115,115,141.843028,land_reassignment,3,53,820,34,3,1,0,0,15361,15361,120549,120549,95,95,0.00035707568038845607
1,116,116,144.798651,low_utilization,2,29,315,75,2,1,0,0,15361,15361,120549,120549,95,95,0.00035171954518262925
1,117,117,146.180677,random_routes,2,34,387,36,2,1,0,0,15361,15361,120549,120549,95,95,0.0003464437520048898
1,118,118,146.199633,land_reassignment,2,38,296,9,2,1,0,0,15361,15361,120549,120549,95,95,0.00034124709572481645
1,119,119,146.239088,related_routes,2,35,265,36,2,1,0,0,15361,15361,120549,120549,95,95,0.0003361283892889442
1,120,120,148.959005,random_routes,3,53,503,79,3,1,0,0,15361,15361,120549,120549,95,95,0.00033108646344961004
1,121,121,151.47556,worst_time_per_person,3,45,709,63,3,1,0,0,15361,15361,120549,120549,95,95,0.0003261201664978659
2,122,1,154.864291,related_routes,4,62,1052,71,4,0,0,0,15361,15361,120549,120549,95,95,0.002
2,123,2,159.128153,related_routes,3,52,481,216,3,1,0,0,15361,15361,120549,120549,95,95,0.00197
2,124,3,160.468157,low_utilization,3,43,446,79,3,1,0,0,15361,15361,120549,120549,95,95,0.00194045
2,125,4,160.497029,land_reassignment,3,50,481,36,3,1,0,0,15361,15361,120549,120549,95,95,0.0019113432500000001
2,126,5,160.541838,worst_time_per_person,3,49,689,132,3,1,0,0,15361,15361,120549,120549,95,95,0.00188267310125
2,127,6,162.084649,worst_time_per_person,3,42,667,120,3,1,0,0,15361,15361,120549,120549,95,95,0.00185443300473125
2,128,7,163.805763,land_reassignment,4,68,535,75,4,1,0,0,15361,15361,120549,120549,95,95,0.0018266165096602813
2,129,8,163.88935,land_reassignment,3,56,463,36,3,1,0,0,15361,15361,120549,120549,95,95,0.0017992172620153772
2,130,9,163.929696,land_reassignment,3,57,440,36,3,1,0,0,15361,15361,120549,120549,95,95,0.0017722290030851465
2,131,10,172.493783,worst_time_per_person,4,62,805,314,4,1,0,0,15361,15361,120549,120549,95,95,0.0017456455680388693
2,132,11,185.571192,worst_time_per_person,4,62,807,419,4,1,0,0,15361,15361,120549,120549,95,95,0.0017194608845182862
2,133,12,198.813821,low_utilization,4,58,642,294,4,1,0,0,15361,15361,120549,120549,95,95,0.0016936689712505118
2,134,13,198.83843,land_reassignment,4,75,594,81,4,1,0,0,15361,15361,120549,120549,95,95,0.0016682639366817542
2,135,14,199.118333,worst_time_per_person,3,50,818,71,3,1,0,0,15361,15361,120549,120549,95,95,0.001643239977631528
2,136,15,199.167111,worst_time_per_person,3,50,786,71,3,1,0,0,15361,15361,120549,120549,95,95,0.001618591377967055
2,137,16,202.571633,land_reassignment,4,68,641,73,4,1,1,1,15361,15361,120539,120539,95,95,0.001594312507297549
2,138,17,202.61773,worst_time_per_person,3,49,679,75,3,1,0,0,15361,15361,120539,120539,95,95,0.001570397819688086
2,139,18,202.657122,land_reassignment,3,56,463,36,3,1,0,0,15361,15361,120539,120539,95,95,0.0015468418523927646
2,140,19,205.693249,related_routes,3,54,477,79,3,1,0,0,15361,15361,120539,120539,95,95,0.001523639224606873
2,141,20,211.963252,related_routes,4,64,702,81,4,1,0,0,15361,15361,120539,120539,95,95,0.00150078463623777
2,142,21,215.11195,low_utilization,3,38,382,79,3,1,0,0,15361,15361,120539,120539,95,95,0.0014782728666942035
2,143,22,221.34031,worst_time_per_person,4,60,936,122,4,0,0,0,15361,15361,120539,120539,95,95,0.0014560987736937903
2,144,23,225.308543,land_reassignment,3,52,465,81,3,1,0,0,15361,15361,120539,120539,95,95,0.0014342572920883834
2,145,24,225.392851,related_routes,3,54,469,34,3,1,0,0,15361,15361,120539,120539,95,95,0.0014127434327070576
2,146,25,232.878614,related_routes,4,64,743,219,4,1,0,0,15361,15361,120539,120539,95,95,0.0013915522812164517
2,147,26,243.078576,land_reassignment,4,68,633,314,4,1,0,0,15361,15361,120539,120539,95,95,0.0013706789969982049
2,148,27,251.675993,low_utilization,3,45,458,211,3,1,0,0,15361,15361,120539,120539,95,95,0.0013501188120432317
2,149,28,253.393886,worst_time_per_person,3,47,761,120,3,1,0,0,15361,15361,120539,120539,95,95,0.001329867029862583
2,150,29,253.592889,worst_time_per_person,4,65,913,124,4,1,0,0,15361,15361,120539,120539,95,95,0.0013099190244146442
2,151,30,256.919071,related_routes,3,54,412,80,3,1,0,0,15361,15361,120539,120539,95,95,0.0012902702390484245
2,152,31,262.142676,low_utilization,4,58,734,280,4,1,0,0,15361,15361,120539,120539,95,95,0.0012709161854626981
2,153,32,262.175418,land_reassignment,4,73,558,81,4,1,0,0,15361,15361,120539,120539,95,95,0.0012518524426807576
2,154,33,265.808108,land_reassignment,4,66,516,81,4,1,0,0,15361,15361,120539,120539,95,95,0.0012330746560405463
2,155,34,265.871148,related_routes,3,51,378,144,3,1,0,0,15361,15361,120539,120539,95,95,0.0012145785361999382
2,156,35,265.897803,land_reassignment,4,76,578,81,4,1,0,0,15361,15361,120539,120539,95,95,0.001196359858156939
2,157,36,265.922942,land_reassignment,3,57,434,36,3,1,0,0,15361,15361,120539,120539,95,95,0.001178414460284585
2,158,37,266.528394,related_routes,4,65,680,36,4,1,0,0,15361,15361,120539,120539,95,95,0.0011607382433803163
2,159,38,266.587575,land_reassignment,3,54,428,79,3,1,0,0,15361,15361,120539,120539,95,95,0.0011433271697296114
2,160,39,266.637077,land_reassignment,4,73,576,79,4,1,0,0,15361,15361,120539,120539,95,95,0.0011261772621836673
2,161,40,281.751229,low_utilization,4,59,634,318,4,1,0,0,15367,15361,120601,120539,95,95,0.0011092846032509122
2,162,41,287.633586,worst_time_per_person,4,67,922,294,4,1,0,0,15367,15361,120601,120539,95,95,0.0010926453342021485
2,163,42,287.84548,land_reassignment,4,75,617,81,4,1,0,0,15367,15361,120601,120539,95,95,0.0010762556541891162
2,164,43,287.870638,land_reassignment,3,54,408,81,3,1,0,0,15367,15361,120601,120539,95,95,0.0010601118193762794
2,165,44,293.59415,random_routes,3,54,453,140,3,1,1,0,15367,15361,120464,120539,95,95,0.0010442101420856352
2,166,45,303.729698,low_utilization,4,60,616,225,4,1,0,0,15367,15361,120464,120539,95,95,0.0010285469899543507
