origin,destination,direction,demand_count,person_ids
A01,F001,outbound,4,P0036|P0918|P2537|P2942
A01,F002,outbound,7,P1754|P1771|P2409|P2625|P2819|P3592|P3961
A01,F003,outbound,4,P0015|P0528|P2208|P2929
A01,F004,outbound,4,P2173|P2793|P3113|P3938
A01,F005,outbound,3,P1006|P3403|P3882
A01,F006,outbound,4,P0240|P0267|P1611|P3271
A01,F007,outbound,6,P0057|P0786|P0812|P1703|P1838|P2738
A01,F008,outbound,5,P1310|P1334|P3410|P3495|P3621
A01,F009,outbound,3,P0252|P3118|P3137
A01,F010,outbound,4,P1907|P2840|P3644|P3775
A01,F011,outbound,6,P0174|P0293|P1571|P1718|P3108|P3175
A01,F012,outbound,7,P0049|P0239|P0247|P0619|P2131|P2753|P3211
A01,F013,outbound,5,P0419|P2464|P3092|P3150|P3176
A01,F014,outbound,3,P0061|P2969|P3614
A01,F015,outbound,6,P0476|P0484|P0570|P0637|P1402|P3945
A01,F016,outbound,3,P0613|P2472|P2898
A01,F017,outbound,5,P0137|P1079|P2207|P2309|P2999
A02,F018,outbound,4,P2078|P2103|P2517|P3114
A02,F019,outbound,11,P0059|P0542|P0957|P1677|P2598|P2822|P3044|P3288|P3409|P3524|P3711
A02,F020,outbound,2,P0635|P2429
A02,F021,outbound,4,P0008|P0124|P1195|P3158
A02,F022,outbound,1,P3083
A02,F023,outbound,4,P0611|P1482|P2314|P2790
A02,F024,outbound,11,P0213|P0307|P0433|P0499|P0729|P1905|P2195|P2535|P2572|P3190|P3872
A02,F025,outbound,2,P1886|P2791
A02,F026,outbound,5,P0230|P0574|P2408|P3013|P3658
A02,F027,outbound,9,P0897|P1854|P2358|P2401|P2571|P2771|P3101|P3104|P3109
A02,F028,outbound,2,P1729|P2407
A02,F029,outbound,5,P0226|P1827|P2101|P2683|P2810
A02,F030,outbound,1,P0448
A02,F031,outbound,4,P0221|P1859|P2248|P3041
A02,F032,outbound,5,P0379|P0546|P2097|P2351|P3385
A02,F033,outbound,5,P0660|P0761|P1198|P1462|P2397
A02,F034,outbound,4,P0799|P0808|P1368|P2778
A02,F035,outbound,3,P0115|P3652|P3844
A03,F036,outbound,8,P0401|P0709|P1087|P1650|P1817|P3698|P3755|P3770
A03,F037,outbound,4,P0260|P1042|P2048|P2956
A03,F038,outbound,7,P0993|P1913|P2047|P2154|P2544|P2912|P3674
A03,F039,outbound,3,P2159|P3048|P3576
A03,F040,outbound,5,P0140|P0868|P1715|P1750|P2374
A03,F041,outbound,3,P0368|P1137|P2262
A03,F042,outbound,7,P0294|P1203|P1767|P2093|P2521|P2730|P2984
A03,F043,outbound,6,P0588|P0848|P1171|P2636|P3023|P3270
A03,F044,outbound,7,P0386|P0442|P0838|P2843|P3238|P3260|P3334
A03,F045,outbound,7,P0673|P0781|P1640|P1785|P1803|P2939|P3969
A03,F046,outbound,1,P2863
A03,F047,outbound,5,P0040|P1063|P1231|P2315|P2850
A03,F048,outbound,5,P2395|P2743|P2914|P3267|P3471
A03,F049,outbound,5,P1520|P2198|P2832|P3276|P3703
A03,F050,outbound,7,P0540|P0643|P0865|P2330|P2972|P3627|P3730
A03,F051,outbound,2,P0856|P3708
A03,F052,outbound,4,P0465|P1035|P2138|P2378
LAND,F001,outbound,38,P0081|P0402|P0512|P0575|P0602|P0607|P0796|P1036|P1100|P1167|P1208|P1229|P1350|P1601|P1609|P1757|P1758|P1759|P1848|P1872|P2039|P2326|P2410|P2416|P2688|P2866|P2928|P2996|P3050|P3077|P3125|P3138|P3362|P3418|P3425|P3457|P3636|P3940
LAND,F002,outbound,38,P0020|P0027|P0659|P0680|P1022|P1395|P1431|P1458|P1509|P1685|P1734|P1954|P2024|P2028|P2030|P2119|P2318|P2506|P2595|P2601|P2665|P2702|P2715|P2717|P2723|P2724|P2829|P2880|P2938|P3025|P3055|P3437|P3518|P3779|P3875|P3884|P3888|P3968
LAND,F003,outbound,15,P0030|P0033|P0035|P0257|P0715|P0735|P0925|P1108|P2695|P2719|P3063|P3268|P3608|P3631|P3984
LAND,F004,outbound,23,P0146|P0632|P0908|P1052|P1216|P1264|P1553|P2183|P2362|P2487|P2551|P2669|P2716|P3039|P3053|P3119|P3159|P3243|P3375|P3585|P3598|P3761|P3906
LAND,F005,outbound,24,P0177|P0622|P0879|P0978|P1078|P1307|P1710|P1910|P1933|P2027|P2062|P2096|P2165|P2202|P2334|P2540|P2661|P2725|P3074|P3363|P3624|P3706|P3814|P3917
LAND,F006,outbound,30,P0042|P0044|P0089|P0113|P0151|P0158|P0186|P0244|P0393|P0718|P0863|P1394|P1397|P1399|P1625|P1748|P1846|P2102|P2278|P2372|P2718|P2885|P3088|P3394|P3551|P3575|P3586|P3811|P3843|P3852
LAND,F007,outbound,22,P0480|P0652|P0685|P0687|P0747|P0851|P0893|P1075|P1118|P1131|P1196|P1243|P1523|P1797|P2586|P2876|P3231|P3292|P3327|P3354|P3714|P3824
LAND,F008,outbound,17,P0454|P0628|P0698|P0818|P0821|P1011|P1270|P1461|P1653|P1694|P2400|P2470|P2815|P2990|P3304|P3497|P3650
LAND,F009,outbound,24,P0086|P0860|P1085|P1610|P1743|P1763|P1949|P2163|P2295|P2415|P2720|P2794|P2805|P2859|P2982|P2991|P3006|P3280|P3464|P3478|P3613|P3725|P3807|P3880
LAND,F010,outbound,27,P0028|P0077|P0375|P0395|P0583|P0631|P0642|P0835|P1518|P1549|P1864|P1891|P2077|P2106|P2250|P2265|P2336|P2549|P2577|P2615|P2869|P3075|P3164|P3476|P3760|P3817|P3892
LAND,F011,outbound,23,P0284|P0535|P0707|P0823|P0923|P1529|P1605|P1667|P1688|P1968|P2041|P2495|P2632|P2764|P2768|P2878|P2978|P3198|P3212|P3249|P3250|P3693|P3786
LAND,F012,outbound,27,P0004|P0093|P0228|P0266|P0510|P0525|P0561|P0584|P0641|P0644|P0682|P1000|P1187|P1210|P1319|P1429|P1655|P2283|P2339|P2368|P2503|P2691|P2698|P2741|P3433|P3445|P3573
LAND,F013,outbound,26,P0229|P0417|P0453|P0648|P0672|P0785|P0870|P0912|P1139|P1153|P1296|P1897|P1992|P2044|P2061|P2343|P2463|P2807|P3202|P3277|P3466|P3572|P3676|P3797|P3849|P3925
LAND,F014,outbound,25,P0303|P0849|P1095|P1163|P1235|P1805|P1853|P1902|P2120|P2127|P2447|P2512|P2561|P2767|P2844|P2908|P2953|P3160|P3475|P3554|P3634|P3651|P3808|P3973|P3994
LAND,F015,outbound,17,P0269|P0409|P0513|P0605|P0969|P0998|P1080|P1364|P1506|P1774|P1782|P2091|P3098|P3234|P3836|P3939|P3985
LAND,F016,outbound,22,P0275|P0423|P0482|P0647|P0950|P1114|P1347|P1537|P1579|P1582|P1680|P1697|P2185|P2192|P2227|P2731|P2736|P3170|P3192|P3316|P3356|P3427
LAND,F017,outbound,22,P0418|P0598|P1380|P1493|P1521|P1745|P2043|P2137|P2139|P2152|P2229|P2499|P2682|P2789|P2825|P2836|P3112|P3240|P3279|P3310|P3655|P3684
LAND,F018,outbound,33,P0138|P0147|P0253|P0371|P0382|P0445|P0472|P0703|P0757|P0792|P1005|P1194|P1213|P1285|P1470|P1504|P1566|P1607|P1752|P1807|P1866|P2088|P2257|P2301|P2614|P2644|P2689|P2904|P3312|P3329|P3381|P3422|P3685
LAND,F019,outbound,33,P0045|P0134|P0344|P0493|P0572|P0946|P1099|P1101|P1160|P1164|P1284|P1345|P1500|P1645|P1661|P1664|P1895|P1921|P1982|P2143|P2292|P2471|P2488|P2873|P3264|P3265|P3441|P3533|P3546|P3752|P3859|P3935|P3982
LAND,F020,outbound,44,P0249|P0350|P0421|P0436|P0440|P0458|P0492|P0612|P1119|P1120|P1315|P1329|P1333|P1343|P1358|P1365|P1453|P1671|P1699|P1713|P1790|P1794|P1857|P2034|P2057|P2216|P2287|P2469|P2543|P2657|P2722|P2831|P3026|P3060|P3093|P3278|P3341|P3483|P3633|P3727|P3822|P3848|P3937|P3998
LAND,F021,outbound,47,P0016|P0037|P0056|P0148|P0203|P0209|P0254|P0300|P0311|P0376|P0394|P0415|P0438|P0456|P0501|P0550|P0862|P0975|P0986|P1018|P1339|P1367|P1564|P1580|P1608|P1690|P1801|P1987|P2032|P2038|P2241|P2323|P2514|P2580|P2633|P2637|P2675|P2838|P3305|P3313|P3406|P3544|P3734|P3749|P3809|P3877|P3895
LAND,F022,outbound,45,P0002|P0055|P0058|P0126|P0214|P0268|P0460|P0750|P0782|P0800|P0909|P0992|P1141|P1151|P1188|P1463|P1476|P1481|P1544|P1577|P1627|P1900|P1984|P2051|P2258|P2317|P2333|P2382|P2393|P2425|P2462|P2578|P2597|P2711|P2809|P3042|P3079|P3345|P3509|P3532|P3602|P3623|P3751|P3782|P3996
LAND,F023,outbound,21,P0068|P0111|P0298|P0693|P1031|P1076|P1112|P1335|P1451|P1708|P1906|P1988|P2076|P2230|P2440|P2902|P2943|P3087|P3473|P3579|P3810
LAND,F024,outbound,18,P0410|P0475|P0731|P0995|P1068|P1144|P1413|P1447|P1515|P1654|P2433|P2518|P2678|P2907|P2932|P3090|P3488|P3603
LAND,F025,outbound,24,P0459|P0537|P0696|P1184|P1422|P1682|P1828|P1856|P1867|P1883|P2055|P2171|P2347|P2627|P2848|P2877|P2955|P3136|P3177|P3216|P3506|P3560|P3584|P3815
LAND,F026,outbound,28,P0029|P0094|P0193|P0304|P0414|P0505|P0511|P0521|P0522|P0620|P0697|P0926|P1071|P1266|P1724|P1793|P2065|P2272|P2573|P2710|P2867|P2971|P3174|P3320|P3582|P3694|P3862|P3914
LAND,F027,outbound,26,P0192|P0222|P0288|P0450|P0746|P0751|P0767|P0809|P0857|P1048|P1233|P1528|P1574|P1668|P1904|P1991|P2274|P2346|P2426|P2548|P2564|P3368|P3718|P3816|P3823|P3963
LAND,F028,outbound,26,P0241|P0272|P0289|P0320|P0490|P0559|P0600|P0634|P0700|P0953|P1113|P1179|P1342|P1369|P1445|P1773|P1814|P1841|P2769|P2864|P3283|P3302|P3308|P3326|P3543|P3756
LAND,F029,outbound,19,P0159|P0299|P0306|P0449|P0962|P0987|P1077|P1226|P1276|P1738|P1878|P1919|P1956|P2590|P2617|P2796|P3402|P3626|P3741
LAND,F030,outbound,25,P0169|P0332|P0347|P0357|P0479|P0562|P0661|P1007|P1086|P1200|P1324|P1376|P1739|P1804|P2026|P2086|P2098|P2453|P3096|P3117|P3531|P3615|P3686|P3799|P3847
LAND,F031,outbound,25,P0188|P0470|P0845|P1206|P1443|P1467|P1512|P1534|P1772|P1806|P2172|P2224|P2355|P2432|P2642|P2900|P3120|P3344|P3436|P3516|P3574|P3601|P3780|P3840|P3850
LAND,F032,outbound,25,P0099|P0390|P0422|P0616|P0618|P0738|P1254|P1300|P1681|P1811|P1940|P2056|P2104|P2157|P2294|P2422|P2435|P2456|P2493|P2681|P2933|P3171|P3182|P3366|P3791
LAND,F033,outbound,26,P0070|P0091|P0216|P0387|P0580|P0599|P0744|P0828|P0955|P1338|P1475|P1541|P1945|P2389|P2457|P2466|P2536|P2820|P2826|P2940|P3002|P3303|P3352|P3542|P3649|P3929
LAND,F034,outbound,33,P0007|P0065|P0066|P0083|P0116|P0305|P0404|P0451|P0743|P0896|P1056|P1133|P1156|P1392|P1423|P1686|P1916|P1994|P2018|P2042|P2243|P2293|P2620|P2853|P2896|P3062|P3282|P3365|P3420|P3461|P3757|P3879|P3911
LAND,F035,outbound,18,P0428|P0565|P0665|P0677|P0755|P1049|P1124|P1256|P1366|P1575|P1701|P1714|P2079|P2116|P2239|P2413|P3360|P3552
LAND,F036,outbound,34,P0215|P0369|P0388|P0435|P0496|P0552|P0689|P0872|P0888|P0889|P0921|P1122|P1247|P1267|P1308|P1322|P1381|P1517|P1576|P1721|P1847|P2129|P2527|P2538|P2663|P2677|P2974|P3022|P3169|P3330|P3370|P3505|P3507|P3758
LAND,F037,outbound,24,P0199|P0330|P0911|P0980|P1009|P1221|P1477|P1484|P2045|P2058|P2261|P2275|P2291|P2448|P2450|P2531|P3084|P3156|P3530|P3637|P3717|P3846|P3851|P3989
LAND,F038,outbound,24,P0238|P0338|P0385|P0399|P0573|P0655|P0721|P0820|P1135|P1278|P1562|P1612|P1766|P1858|P2611|P2643|P2674|P2901|P3004|P3126|P3225|P3610|P3612|P3955
LAND,F039,outbound,31,P0097|P0714|P0855|P1236|P1407|P1474|P1488|P1559|P1725|P1936|P1969|P2166|P2282|P2446|P2490|P2618|P2649|P2721|P2742|P2799|P2828|P2913|P2968|P3067|P3213|P3348|P3462|P3469|P3538|P3588|P3856
LAND,F040,outbound,22,P0367|P0880|P1004|P1567|P1598|P1705|P1908|P2094|P2386|P2555|P2727|P2746|P2775|P2846|P2881|P2935|P3222|P3287|P3322|P3477|P3547|P3721
LAND,F041,outbound,18,P0227|P0326|P0377|P0519|P0657|P0794|P1479|P1556|P1742|P1850|P1978|P2178|P2650|P2871|P2966|P3089|P3423|P3954
LAND,F042,outbound,19,P0455|P0617|P0638|P1174|P1268|P1435|P1683|P2031|P2751|P2779|P2786|P2889|P2965|P3028|P3309|P3346|P3428|P3959|P3970
LAND,F043,outbound,24,P0095|P0132|P0520|P0601|P0778|P0965|P1050|P1294|P1316|P1327|P1450|P1615|P1855|P1948|P2206|P2442|P2477|P2648|P2766|P3094|P3459|P3510|P3774|P3793
LAND,F044,outbound,27,P0074|P0259|P0396|P0558|P0566|P0582|P0704|P0728|P0768|P0822|P1103|P1382|P1760|P1960|P2036|P2364|P2667|P2783|P2835|P3008|P3155|P3209|P3325|P3591|P3656|P3762|P3897
LAND,F045,outbound,28,P0365|P0430|P0568|P0741|P0776|P0801|P0805|P0826|P0829|P0831|P0894|P0948|P1016|P1025|P1157|P1753|P1884|P2023|P2064|P2365|P2485|P2654|P2801|P2837|P2841|P3257|P3541|P3992
LAND,F046,outbound,19,P0191|P0245|P0834|P1082|P1199|P1269|P1552|P1778|P1890|P2186|P2500|P2599|P2824|P2998|P3369|P3595|P3625|P3664|P3763
LAND,F047,outbound,18,P0172|P0547|P0610|P0788|P1073|P1092|P1173|P1303|P1357|P1404|P1464|P1613|P1616|P1839|P1981|P2110|P3311|P3909
LAND,F048,outbound,27,P0255|P1217|P1261|P1569|P1604|P1761|P1870|P2022|P2105|P2156|P2369|P2396|P2419|P2481|P2604|P2619|P2692|P2712|P2776|P2858|P3027|P3589|P3599|P3699|P3885|P3903|P3966
LAND,F049,outbound,28,P0323|P0843|P0869|P0933|P0952|P0994|P1109|P1385|P1497|P1570|P1832|P1959|P2122|P2321|P2647|P2672|P2700|P2759|P2854|P2893|P2922|P3149|P3191|P3205|P3416|P3452|P3771|P3868
LAND,F050,outbound,20,P0166|P0467|P0567|P0916|P0985|P1148|P1452|P1471|P2194|P2253|P2474|P2782|P2839|P3210|P3235|P3443|P3545|P3889|P3898|P3920
LAND,F051,outbound,31,P0102|P0184|P0349|P0446|P0462|P0502|P0530|P0541|P0797|P0904|P0997|P1081|P1684|P1723|P1926|P1962|P2059|P2217|P2218|P2228|P2558|P2562|P2726|P2847|P2930|P2945|P3082|P3167|P3184|P3253|P3947
LAND,F052,outbound,23,P0072|P0206|P0773|P0793|P0833|P1201|P1238|P1944|P2017|P2037|P2111|P2145|P2331|P2359|P2785|P2787|P3105|P3227|P3440|P3587|P3611|P3640|P3987
