name,ranker,candidate_mode,pair_budget,total_aircraft_time_minutes,total_passenger_travel_time_minutes,total_flights,total_fuel_consumption_kg,seat_utilization,served_passengers,unserved_optional_passengers,search_generated_pairs,search_evaluated_pairs,search_evaluated_routes,search_feasible_pairs,search_improving_pairs,search_accepted_merges,search_primary_improvement_minutes,search_technical_stop_searches,search_augmentation_cache_hits,search_mean_feasible_saving_minutes,search_median_feasible_saving_minutes,search_ranker,search_candidate_mode,search_pair_budget,cluster_fit_seconds,solve_seconds,end_to_end_seconds,gate_pass,metrics_match,timing_repeats,median_end_to_end_seconds,minimum_end_to_end_seconds,maximum_end_to_end_seconds
legacy-reproduction,raw_distance,legacy,all,15743,120396,100,128562.3,0.46756730896618726,1600,0,776,738,2112,738,738,10,1479,382,1736,91.8970189701897,93.0,raw_distance,legacy,,0.0,43.366954,43.366954,True,True,1,43.366954,43.366954,43.366954
raw-b25,raw_distance,global,25,15683,120949,99,128016.7,0.4696693575794591,1600,0,774,226,636,226,226,11,1539,178,458,100.3141592920354,98.5,raw_distance,global,25,0.0,27.448652,27.448652,True,True,1,27.448652,27.448652,27.448652
raw-b50,raw_distance,global,50,15743,120396,100,128562.3,0.46756730896618726,1600,0,776,393,1192,393,393,10,1479,274,918,98.79898218829517,98,raw_distance,global,50,0.0,43.096965,43.096965,True,True,5,24.221992,24.173245,43.096965
raw-b75,raw_distance,global,75,15743,120396,100,128562.3,0.46756730896618726,1600,0,776,543,1620,543,543,10,1479,332,1288,95.85635359116021,95,raw_distance,global,75,0.0,51.265701,51.265701,True,True,1,51.265701,51.265701,51.265701
cluster_pam_k2-b50,cluster_pam_k2,global,50,15743,120396,100,128562.3,0.46756730896618726,1600,0,776,393,1228,393,393,10,1479,278,950,98.61323155216284,98,cluster_pam_k2,global,50,2.035739,40.776618,42.812357,True,True,1,42.812357,42.812357,42.812357
cluster_average_k2-b50,cluster_average_k2,global,50,15743,120396,100,128562.3,0.46756730896618726,1600,0,776,393,1194,393,393,10,1479,280,914,98.67684478371501,98,cluster_average_k2,global,50,2.035739,44.927167,46.962906,True,True,1,46.962906,46.962906,46.962906
cluster_pam_k2-b25,cluster_pam_k2,global,25,15683,120949,99,128016.7,0.4696693575794591,1600,0,774,226,658,226,226,11,1539,198,460,99.39823008849558,98.0,cluster_pam_k2,global,25,2.035739,31.519947,33.555686,True,True,1,33.555686,33.555686,33.555686
cluster_pam_k2-b75,cluster_pam_k2,global,75,15743,120396,100,128562.3,0.46756730896618726,1600,0,776,543,1664,543,543,10,1479,338,1326,94.51012891344384,94,cluster_pam_k2,global,75,2.035739,54.746368,56.782107,True,True,1,56.782107,56.782107,56.782107
cluster_average_k2-b25,cluster_average_k2,global,25,15683,120949,99,128016.7,0.4696693575794591,1600,0,774,226,642,226,226,11,1539,186,456,100.39823008849558,98.0,cluster_average_k2,global,25,2.035739,30.267342,32.303081,True,True,1,32.303081,32.303081,32.303081
cluster_average_k2-b75,cluster_average_k2,global,75,15743,120396,100,128562.3,0.46756730896618726,1600,0,776,543,1638,543,543,10,1479,332,1306,95.1841620626151,94,cluster_average_k2,global,75,2.035739,54.496029,56.531768,True,True,1,56.531768,56.531768,56.531768
cluster_pam_k3-b50,cluster_pam_k3,global,50,15743,120396,100,128562.3,0.46756730896618726,1600,0,776,393,1138,393,393,10,1479,268,870,97.44783715012723,98,cluster_pam_k3,global,50,3.015011,39.925103,42.940114,True,True,5,27.041999,26.960182,42.940114
cluster_pam_k4-b50,cluster_pam_k4,global,50,15743,120396,100,128562.3,0.46756730896618726,1600,0,776,393,1206,393,393,10,1479,268,938,98.5089058524173,98,cluster_pam_k4,global,50,3.015011,42.841368,45.856379,True,True,1,45.856379,45.856379,45.856379
cluster_pam_k5-b50,cluster_pam_k5,global,50,15775,120692,100,128655.0,0.46776550848101855,1600,0,750,393,1178,393,393,10,1447,284,894,97.53689567430025,98,cluster_pam_k5,global,50,3.015011,45.648596,48.663606,True,True,1,48.663606,48.663606,48.663606
cluster_pam_k6-b50,cluster_pam_k6,global,50,15775,120692,100,128655.0,0.46776550848101855,1600,0,750,393,1178,393,393,10,1447,268,910,95.33587786259542,94,cluster_pam_k6,global,50,3.015011,39.728584,42.743594,True,True,1,42.743594,42.743594,42.743594
cluster_pam_k7-b50,cluster_pam_k7,global,50,15775,120692,100,128655.0,0.46776550848101855,1600,0,750,393,1174,393,393,10,1447,280,894,96.46055979643766,95,cluster_pam_k7,global,50,3.015011,30.319293,33.334304,True,True,1,33.334304,33.334304,33.334304
cluster_pam_k10-b50,cluster_pam_k10,global,50,15743,120396,100,128562.3,0.46756730896618726,1600,0,776,393,1186,393,393,10,1479,272,914,98.92111959287531,98,cluster_pam_k10,global,50,3.015011,24.5627,27.577711,True,True,1,27.577711,27.577711,27.577711
cluster_average_k3-b50,cluster_average_k3,global,50,15683,120949,99,128016.7,0.4696693575794591,1600,0,774,398,1196,398,398,11,1539,278,918,97.05527638190955,95.0,cluster_average_k3,global,50,3.015011,25.270843,28.285854,True,True,5,27.822106,27.610153,29.598122
cluster_average_k4-b50,cluster_average_k4,global,50,15775,120692,100,128655.0,0.46776550848101855,1600,0,750,393,1182,393,393,10,1447,298,884,98.39440203562341,98,cluster_average_k4,global,50,3.015011,26.765801,29.780812,True,True,1,29.780812,29.780812,29.780812
cluster_average_k5-b50,cluster_average_k5,global,50,15775,120692,100,128655.0,0.46776550848101855,1600,0,750,393,1170,393,393,10,1447,286,884,97.74809160305344,98,cluster_average_k5,global,50,3.015011,46.777463,49.792474,True,True,1,49.792474,49.792474,49.792474
cluster_average_k6-b50,cluster_average_k6,global,50,15743,120396,100,128562.3,0.46756730896618726,1600,0,768,393,1208,393,393,10,1479,270,938,97.25445292620866,98,cluster_average_k6,global,50,3.015011,44.219473,47.234484,True,True,1,47.234484,47.234484,47.234484
cluster_average_k7-b50,cluster_average_k7,global,50,15743,120396,100,128562.3,0.46756730896618726,1600,0,776,393,1184,393,393,10,1479,272,912,98.59541984732824,98,cluster_average_k7,global,50,3.015011,46.101956,49.116966,True,True,1,49.116966,49.116966,49.116966
cluster_pam_k3-b25,cluster_pam_k3,global,25,15683,120949,99,128016.7,0.4696693575794591,1600,0,774,226,612,226,226,11,1539,158,454,98.79646017699115,98.0,cluster_pam_k3,global,25,3.015011,23.827219,26.84223,True,True,1,26.84223,26.84223,26.84223
cluster_pam_k3-b75,cluster_pam_k3,global,75,15743,120396,100,128562.3,0.46756730896618726,1600,0,776,543,1564,543,543,10,1479,362,1202,95.8158379373849,97,cluster_pam_k3,global,75,3.015011,34.190032,37.205042,True,True,1,37.205042,37.205042,37.205042
cluster_average_k3-b25,cluster_average_k3,global,25,15683,120949,99,128016.7,0.4696693575794591,1600,0,774,226,642,226,226,11,1539,186,456,100.19469026548673,98.0,cluster_average_k3,global,25,3.015011,18.522668,21.537679,True,True,1,21.537679,21.537679,21.537679
cluster_average_k3-b75,cluster_average_k3,global,75,15775,120692,100,128655.0,0.46776550848101855,1600,0,750,543,1642,543,543,10,1447,332,1310,92.21731123388582,92,cluster_average_k3,global,75,3.015011,44.715314,47.730324,True,True,1,47.730324,47.730324,47.730324
raw-full,raw_distance,global,all,15743,120396,100,128562.3,0.46756730896618726,1600,0,776,776,2320,776,776,10,1479,422,1906,91.93427835051547,93.0,raw_distance,global,,0.0,56.327155,56.327155,True,True,1,56.327155,56.327155,56.327155
cluster_pam_k3-full,cluster_pam_k3,global,all,15743,120396,100,128562.3,0.46756730896618726,1600,0,776,776,2320,776,776,10,1479,422,1906,91.93427835051547,93.0,cluster_pam_k3,global,,3.015011,36.658646,39.673657,True,True,1,39.673657,39.673657,39.673657
cluster_average_k3-full,cluster_average_k3,global,all,15743,120396,100,128562.3,0.46756730896618726,1600,0,776,776,2320,776,776,10,1479,422,1906,91.93427835051547,93.0,cluster_average_k3,global,,3.015011,36.979141,39.994151,True,True,1,39.994151,39.994151,39.994151
