method,k,facility,cluster,medoid,distance_to_medoid_km
pam,2,F001,0,F005,50.0
pam,2,F002,0,F005,151.0
pam,2,F003,0,F005,99.0
pam,2,F004,0,F005,119.0
pam,2,F005,0,F005,0.0
pam,2,F006,0,F005,128.0
pam,2,F007,0,F005,138.0
pam,2,F008,0,F005,88.0
pam,2,F009,0,F005,57.0
pam,2,F010,0,F005,102.0
pam,2,F011,0,F005,55.0
pam,2,F012,0,F005,18.0
pam,2,F013,0,F005,169.0
pam,2,F014,0,F005,37.0
pam,2,F015,0,F005,25.0
pam,2,F016,0,F005,25.0
pam,2,F017,0,F005,40.0
pam,2,F018,0,F005,17.0
pam,2,F019,0,F005,60.0
pam,2,F020,0,F005,44.0
pam,2,F021,1,F052,97.0
pam,2,F022,0,F005,46.0
pam,2,F023,1,F052,58.0
pam,2,F024,0,F005,89.0
pam,2,F025,1,F052,97.0
pam,2,F026,0,F005,31.0
pam,2,F027,0,F005,87.0
pam,2,F028,0,F005,51.0
pam,2,F029,0,F005,103.0
pam,2,F030,0,F005,35.0
pam,2,F031,1,F052,55.0
pam,2,F032,1,F052,70.0
pam,2,F033,0,F005,66.0
pam,2,F034,0,F005,96.0
pam,2,F035,1,F052,94.0
pam,2,F036,1,F052,75.0
pam,2,F037,1,F052,157.0
pam,2,F038,1,F052,37.0
pam,2,F039,1,F052,44.0
pam,2,F040,1,F052,130.0
pam,2,F041,1,F052,80.0
pam,2,F042,1,F052,155.0
pam,2,F043,1,F052,82.0
pam,2,F044,1,F052,103.0
pam,2,F045,1,F052,67.0
pam,2,F046,1,F052,38.0
pam,2,F047,1,F052,33.0
pam,2,F048,1,F052,23.0
pam,2,F049,1,F052,22.0
pam,2,F050,1,F052,194.0
pam,2,F051,1,F052,47.0
pam,2,F052,1,F052,0.0
pam,3,F001,0,F024,50.0
pam,3,F002,1,F011,99.0
pam,3,F003,1,F011,49.0
pam,3,F004,1,F011,69.0
pam,3,F005,1,F011,55.0
pam,3,F006,1,F011,73.0
pam,3,F007,1,F011,83.0
pam,3,F008,1,F011,33.0
pam,3,F009,1,F011,35.0
pam,3,F010,1,F011,47.0
pam,3,F011,1,F011,0.0
pam,3,F012,1,F011,59.0
pam,3,F013,1,F011,115.0
pam,3,F014,1,F011,44.0
pam,3,F015,1,F011,31.0
pam,3,F016,0,F024,67.0
pam,3,F017,1,F011,80.0
pam,3,F018,1,F011,71.0
pam,3,F019,0,F024,30.0
pam,3,F020,0,F024,57.0
pam,3,F021,0,F024,32.0
pam,3,F022,0,F024,43.0
pam,3,F023,0,F024,87.0
pam,3,F024,0,F024,0.0
pam,3,F025,0,F024,39.0
pam,3,F026,0,F024,62.0
pam,3,F027,0,F024,20.0
pam,3,F028,1,F011,20.0
pam,3,F029,0,F024,16.0
pam,3,F030,1,F011,57.0
pam,3,F031,0,F024,75.0
pam,3,F032,0,F024,90.0
pam,3,F033,0,F024,40.0
pam,3,F034,0,F024,38.0
pam,3,F035,0,F024,57.0
pam,3,F036,0,F024,57.0
pam,3,F037,2,F051,110.0
pam,3,F038,2,F051,17.0
pam,3,F039,2,F051,60.0
pam,3,F040,2,F051,83.0
pam,3,F041,2,F051,36.0
pam,3,F042,2,F051,110.0
pam,3,F043,2,F051,35.0
pam,3,F044,2,F051,56.0
pam,3,F045,2,F051,32.0
pam,3,F046,2,F051,82.0
pam,3,F047,2,F051,80.0
pam,3,F048,2,F051,33.0
pam,3,F049,2,F051,65.0
pam,3,F050,2,F051,149.0
pam,3,F051,2,F051,0.0
pam,3,F052,2,F051,47.0
pam,4,F001,0,F022,26.0
pam,4,F002,1,F010,56.0
pam,4,F003,1,F010,26.0
pam,4,F004,1,F010,34.0
pam,4,F005,0,F022,46.0
pam,4,F006,1,F010,27.0
pam,4,F007,1,F010,37.0
pam,4,F008,1,F010,19.0
pam,4,F009,1,F010,62.0
pam,4,F010,1,F010,0.0
pam,4,F011,1,F010,47.0
pam,4,F012,0,F022,49.0
pam,4,F013,1,F010,72.0
pam,4,F014,0,F022,75.0
pam,4,F015,0,F022,71.0
pam,4,F016,0,F022,25.0
pam,4,F017,0,F022,49.0
pam,4,F018,0,F022,31.0
pam,4,F019,0,F022,15.0
pam,4,F020,0,F022,24.0
pam,4,F021,2,F047,64.0
pam,4,F022,0,F022,0.0
pam,4,F023,2,F047,39.0
pam,4,F024,0,F022,43.0
pam,4,F025,2,F047,65.0
pam,4,F026,0,F022,23.0
pam,4,F027,0,F022,42.0
pam,4,F028,1,F010,59.0
pam,4,F029,0,F022,57.0
pam,4,F030,0,F022,65.0
pam,4,F031,2,F047,25.0
pam,4,F032,2,F047,53.0
pam,4,F033,0,F022,33.0
pam,4,F034,0,F022,58.0
pam,4,F035,2,F047,66.0
pam,4,F036,2,F047,42.0
pam,4,F037,3,F044,54.0
pam,4,F038,2,F047,68.0
pam,4,F039,2,F047,55.0
pam,4,F040,3,F044,28.0
pam,4,F041,3,F044,39.0
pam,4,F042,3,F044,56.0
pam,4,F043,3,F044,21.0
pam,4,F044,3,F044,0.0
pam,4,F045,3,F044,58.0
pam,4,F046,2,F047,15.0
pam,4,F047,2,F047,0.0
pam,4,F048,2,F047,51.0
pam,4,F049,2,F047,19.0
pam,4,F050,3,F044,95.0
pam,4,F051,3,F044,56.0
pam,4,F052,2,F047,33.0
pam,5,F001,0,F018,34.0
pam,5,F002,1,F010,56.0
pam,5,F003,1,F010,26.0
pam,5,F004,1,F010,34.0
pam,5,F005,0,F018,17.0
pam,5,F006,1,F010,27.0
pam,5,F007,1,F010,37.0
pam,5,F008,1,F010,19.0
pam,5,F009,1,F010,62.0
pam,5,F010,1,F010,0.0
pam,5,F011,1,F010,47.0
pam,5,F012,0,F018,19.0
pam,5,F013,1,F010,72.0
pam,5,F014,0,F018,52.0
pam,5,F015,0,F018,41.0
pam,5,F016,0,F018,17.0
pam,5,F017,0,F018,43.0
pam,5,F018,0,F018,0.0
pam,5,F019,0,F018,44.0
pam,5,F020,0,F018,36.0
pam,5,F021,2,F021,0.0
pam,5,F022,0,F018,31.0
pam,5,F023,2,F021,60.0
pam,5,F024,2,F021,32.0
pam,5,F025,2,F021,17.0
pam,5,F026,0,F018,14.0
pam,5,F027,2,F021,37.0
pam,5,F028,1,F010,59.0
pam,5,F029,2,F021,17.0
pam,5,F030,0,F018,46.0
pam,5,F031,2,F021,44.0
pam,5,F032,2,F021,66.0
pam,5,F033,0,F018,49.0
pam,5,F034,2,F021,57.0
pam,5,F035,2,F021,41.0
pam,5,F036,2,F021,26.0
pam,5,F037,3,F040,27.0
pam,5,F038,4,F048,17.0
pam,5,F039,4,F048,31.0
pam,5,F040,3,F040,0.0
pam,5,F041,4,F048,60.0
pam,5,F042,3,F040,28.0
pam,5,F043,3,F040,48.0
pam,5,F044,3,F040,28.0
pam,5,F045,4,F048,45.0
pam,5,F046,4,F048,50.0
pam,5,F047,4,F048,51.0
pam,5,F048,4,F048,0.0
pam,5,F049,4,F048,34.0
pam,5,F050,3,F040,67.0
pam,5,F051,4,F048,33.0
pam,5,F052,4,F048,23.0
pam,6,F001,0,F018,34.0
pam,6,F002,1,F010,56.0
pam,6,F003,1,F010,26.0
pam,6,F004,1,F010,34.0
pam,6,F005,0,F018,17.0
pam,6,F006,1,F010,27.0
pam,6,F007,1,F010,37.0
pam,6,F008,1,F010,19.0
pam,6,F009,1,F010,62.0
pam,6,F010,1,F010,0.0
pam,6,F011,1,F010,47.0
pam,6,F012,0,F018,19.0
pam,6,F013,1,F010,72.0
pam,6,F014,0,F018,52.0
pam,6,F015,0,F018,41.0
pam,6,F016,0,F018,17.0
pam,6,F017,0,F018,43.0
pam,6,F018,0,F018,0.0
pam,6,F019,2,F024,30.0
pam,6,F020,0,F018,36.0
pam,6,F021,2,F024,32.0
pam,6,F022,0,F018,31.0
pam,6,F023,3,F031,25.0
pam,6,F024,2,F024,0.0
pam,6,F025,2,F024,39.0
pam,6,F026,0,F018,14.0
pam,6,F027,2,F024,20.0
pam,6,F028,1,F010,59.0
pam,6,F029,2,F024,16.0
pam,6,F030,0,F018,46.0
pam,6,F031,3,F031,0.0
pam,6,F032,3,F031,38.0
pam,6,F033,2,F024,40.0
pam,6,F034,2,F024,38.0
pam,6,F035,3,F031,42.0
pam,6,F036,3,F031,29.0
pam,6,F037,4,F042,18.0
pam,6,F038,5,F038,0.0
pam,6,F039,5,F038,42.0
pam,6,F040,4,F042,28.0
pam,6,F041,5,F038,44.0
pam,6,F042,4,F042,0.0
pam,6,F043,5,F038,51.0
pam,6,F044,4,F042,56.0
pam,6,F045,5,F038,31.0
pam,6,F046,3,F031,34.0
pam,6,F047,3,F031,25.0
pam,6,F048,5,F038,17.0
pam,6,F049,3,F031,44.0
pam,6,F050,4,F042,40.0
pam,6,F051,5,F038,17.0
pam,6,F052,5,F038,37.0
pam,7,F001,0,F016,41.0
pam,7,F002,1,F007,30.0
pam,7,F003,1,F007,48.0
pam,7,F004,1,F007,36.0
pam,7,F005,0,F016,25.0
pam,7,F006,1,F007,14.0
pam,7,F007,1,F007,0.0
pam,7,F008,2,F011,33.0
pam,7,F009,2,F011,35.0
pam,7,F010,1,F007,37.0
pam,7,F011,2,F011,0.0
pam,7,F012,0,F016,36.0
pam,7,F013,1,F007,46.0
pam,7,F014,2,F011,44.0
pam,7,F015,2,F011,31.0
pam,7,F016,0,F016,0.0
pam,7,F017,0,F016,29.0
pam,7,F018,0,F016,17.0
pam,7,F019,3,F024,30.0
pam,7,F020,0,F016,20.0
pam,7,F021,3,F024,32.0
pam,7,F022,0,F016,25.0
pam,7,F023,4,F031,25.0
pam,7,F024,3,F024,0.0
pam,7,F025,3,F024,39.0
pam,7,F026,0,F016,24.0
pam,7,F027,3,F024,20.0
pam,7,F028,2,F011,20.0
pam,7,F029,3,F024,16.0
pam,7,F030,0,F016,40.0
pam,7,F031,4,F031,0.0
pam,7,F032,4,F031,38.0
pam,7,F033,3,F024,40.0
pam,7,F034,3,F024,38.0
pam,7,F035,4,F031,42.0
pam,7,F036,4,F031,29.0
pam,7,F037,5,F042,18.0
pam,7,F038,6,F038,0.0
pam,7,F039,6,F038,42.0
pam,7,F040,5,F042,28.0
pam,7,F041,6,F038,44.0
pam,7,F042,5,F042,0.0
pam,7,F043,6,F038,51.0
pam,7,F044,5,F042,56.0
pam,7,F045,6,F038,31.0
pam,7,F046,4,F031,34.0
pam,7,F047,4,F031,25.0
pam,7,F048,6,F038,17.0
pam,7,F049,4,F031,44.0
pam,7,F050,5,F042,40.0
pam,7,F051,6,F038,17.0
pam,7,F052,6,F038,37.0
pam,8,F001,0,F016,41.0
pam,8,F002,1,F007,30.0
pam,8,F003,1,F007,48.0
pam,8,F004,1,F007,36.0
pam,8,F005,0,F016,25.0
pam,8,F006,1,F007,14.0
pam,8,F007,1,F007,0.0
pam,8,F008,2,F011,33.0
pam,8,F009,2,F011,35.0
pam,8,F010,1,F007,37.0
pam,8,F011,2,F011,0.0
pam,8,F012,0,F016,36.0
pam,8,F013,1,F007,46.0
pam,8,F014,2,F011,44.0
pam,8,F015,2,F011,31.0
pam,8,F016,0,F016,0.0
pam,8,F017,0,F016,29.0
pam,8,F018,0,F016,17.0
pam,8,F019,3,F024,30.0
pam,8,F020,0,F016,20.0
pam,8,F021,3,F024,32.0
pam,8,F022,0,F016,25.0
pam,8,F023,4,F031,25.0
pam,8,F024,3,F024,0.0
pam,8,F025,3,F024,39.0
pam,8,F026,0,F016,24.0
pam,8,F027,3,F024,20.0
pam,8,F028,2,F011,20.0
pam,8,F029,3,F024,16.0
pam,8,F030,0,F016,40.0
pam,8,F031,4,F031,0.0
pam,8,F032,4,F031,38.0
pam,8,F033,3,F024,40.0
pam,8,F034,3,F024,38.0
pam,8,F035,4,F031,42.0
pam,8,F036,4,F031,29.0
pam,8,F037,5,F042,18.0
pam,8,F038,6,F048,17.0
pam,8,F039,6,F048,31.0
pam,8,F040,5,F042,28.0
pam,8,F041,7,F041,0.0
pam,8,F042,5,F042,0.0
pam,8,F043,7,F041,28.0
pam,8,F044,7,F041,39.0
pam,8,F045,7,F041,20.0
pam,8,F046,4,F031,34.0
pam,8,F047,4,F031,25.0
pam,8,F048,6,F048,0.0
pam,8,F049,6,F048,34.0
pam,8,F050,5,F042,40.0
pam,8,F051,6,F048,33.0
pam,8,F052,6,F048,23.0
pam,9,F001,0,F033,16.0
pam,9,F002,1,F007,30.0
pam,9,F003,1,F007,48.0
pam,9,F004,1,F007,36.0
pam,9,F005,2,F016,25.0
pam,9,F006,1,F007,14.0
pam,9,F007,1,F007,0.0
pam,9,F008,3,F011,33.0
pam,9,F009,3,F011,35.0
pam,9,F010,1,F007,37.0
pam,9,F011,3,F011,0.0
pam,9,F012,2,F016,36.0
pam,9,F013,1,F007,46.0
pam,9,F014,3,F011,44.0
pam,9,F015,3,F011,31.0
pam,9,F016,2,F016,0.0
pam,9,F017,2,F016,29.0
pam,9,F018,2,F016,17.0
pam,9,F019,0,F033,24.0
pam,9,F020,2,F016,20.0
pam,9,F021,4,F029,17.0
pam,9,F022,2,F016,25.0
pam,9,F023,5,F023,0.0
pam,9,F024,4,F029,16.0
pam,9,F025,4,F029,24.0
pam,9,F026,2,F016,24.0
pam,9,F027,4,F029,22.0
pam,9,F028,3,F011,20.0
pam,9,F029,4,F029,0.0
pam,9,F030,2,F016,40.0
pam,9,F031,5,F023,25.0
pam,9,F032,5,F023,14.0
pam,9,F033,0,F033,0.0
pam,9,F034,0,F033,31.0
pam,9,F035,5,F023,38.0
pam,9,F036,4,F029,41.0
pam,9,F037,6,F042,18.0
pam,9,F038,7,F041,44.0
pam,9,F039,8,F049,36.0
pam,9,F040,6,F042,28.0
pam,9,F041,7,F041,0.0
pam,9,F042,6,F042,0.0
pam,9,F043,7,F041,28.0
pam,9,F044,7,F041,39.0
pam,9,F045,7,F041,20.0
pam,9,F046,8,F049,17.0
pam,9,F047,8,F049,19.0
pam,9,F048,8,F049,34.0
pam,9,F049,8,F049,0.0
pam,9,F050,6,F042,40.0
pam,9,F051,7,F041,36.0
pam,9,F052,8,F049,22.0
pam,10,F001,0,F033,16.0
pam,10,F002,1,F007,30.0
pam,10,F003,2,F008,38.0
pam,10,F004,1,F007,36.0
pam,10,F005,3,F018,17.0
pam,10,F006,1,F007,14.0
pam,10,F007,1,F007,0.0
pam,10,F008,2,F008,0.0
pam,10,F009,4,F014,24.0
pam,10,F010,2,F008,19.0
pam,10,F011,2,F008,33.0
pam,10,F012,3,F018,19.0
pam,10,F013,1,F007,46.0
pam,10,F014,4,F014,0.0
pam,10,F015,4,F014,27.0
pam,10,F016,3,F018,17.0
pam,10,F017,4,F014,38.0
pam,10,F018,3,F018,0.0
pam,10,F019,0,F033,24.0
pam,10,F020,3,F018,36.0
pam,10,F021,5,F029,17.0
pam,10,F022,3,F018,31.0
pam,10,F023,6,F023,0.0
pam,10,F024,5,F029,16.0
pam,10,F025,5,F029,24.0
pam,10,F026,3,F018,14.0
pam,10,F027,5,F029,22.0
pam,10,F028,2,F008,41.0
pam,10,F029,5,F029,0.0
pam,10,F030,4,F014,14.0
pam,10,F031,6,F023,25.0
pam,10,F032,6,F023,14.0
pam,10,F033,0,F033,0.0
pam,10,F034,0,F033,31.0
pam,10,F035,6,F023,38.0
pam,10,F036,5,F029,41.0
pam,10,F037,7,F042,18.0
pam,10,F038,8,F041,44.0
pam,10,F039,9,F049,36.0
pam,10,F040,7,F042,28.0
pam,10,F041,8,F041,0.0
pam,10,F042,7,F042,0.0
pam,10,F043,8,F041,28.0
pam,10,F044,8,F041,39.0
pam,10,F045,8,F041,20.0
pam,10,F046,9,F049,17.0
pam,10,F047,9,F049,19.0
pam,10,F048,9,F049,34.0
pam,10,F049,9,F049,0.0
pam,10,F050,7,F042,40.0
pam,10,F051,8,F041,36.0
pam,10,F052,9,F049,22.0
average,2,F001,0,F015,73.0
average,2,F002,0,F015,127.0
average,2,F003,0,F015,74.0
average,2,F004,0,F015,95.0
average,2,F005,0,F015,25.0
average,2,F006,0,F015,104.0
average,2,F007,0,F015,113.0
average,2,F008,0,F015,64.0
average,2,F009,0,F015,38.0
average,2,F010,0,F015,77.0
average,2,F011,0,F015,31.0
average,2,F012,0,F015,33.0
average,2,F013,0,F015,145.0
average,2,F014,0,F015,27.0
average,2,F015,0,F015,0.0
average,2,F016,0,F015,48.0
average,2,F017,0,F015,53.0
average,2,F018,0,F015,41.0
average,2,F019,0,F015,84.0
average,2,F020,0,F015,66.0
average,2,F021,1,F052,97.0
average,2,F022,0,F015,71.0
average,2,F023,1,F052,58.0
average,2,F024,1,F052,130.0
average,2,F025,1,F052,97.0
average,2,F026,0,F015,55.0
average,2,F027,1,F052,131.0
average,2,F028,0,F015,32.0
average,2,F029,1,F052,114.0
average,2,F030,0,F015,35.0
average,2,F031,1,F052,55.0
average,2,F032,1,F052,70.0
average,2,F033,0,F015,89.0
average,2,F034,0,F015,120.0
average,2,F035,1,F052,94.0
average,2,F036,1,F052,75.0
average,2,F037,1,F052,157.0
average,2,F038,1,F052,37.0
average,2,F039,1,F052,44.0
average,2,F040,1,F052,130.0
average,2,F041,1,F052,80.0
average,2,F042,1,F052,155.0
average,2,F043,1,F052,82.0
average,2,F044,1,F052,103.0
average,2,F045,1,F052,67.0
average,2,F046,1,F052,38.0
average,2,F047,1,F052,33.0
average,2,F048,1,F052,23.0
average,2,F049,1,F052,22.0
average,2,F050,1,F052,194.0
average,2,F051,1,F052,47.0
average,2,F052,1,F052,0.0
average,3,F001,0,F015,73.0
average,3,F002,0,F015,127.0
average,3,F003,0,F015,74.0
average,3,F004,0,F015,95.0
average,3,F005,0,F015,25.0
average,3,F006,0,F015,104.0
average,3,F007,0,F015,113.0
average,3,F008,0,F015,64.0
average,3,F009,0,F015,38.0
average,3,F010,0,F015,77.0
average,3,F011,0,F015,31.0
average,3,F012,0,F015,33.0
average,3,F013,0,F015,145.0
average,3,F014,0,F015,27.0
average,3,F015,0,F015,0.0
average,3,F016,0,F015,48.0
average,3,F017,0,F015,53.0
average,3,F018,0,F015,41.0
average,3,F019,0,F015,84.0
average,3,F020,0,F015,66.0
average,3,F021,1,F047,64.0
average,3,F022,0,F015,71.0
average,3,F023,1,F047,39.0
average,3,F024,1,F047,97.0
average,3,F025,1,F047,65.0
average,3,F026,0,F015,55.0
average,3,F027,1,F047,98.0
average,3,F028,0,F015,32.0
average,3,F029,1,F047,81.0
average,3,F030,0,F015,35.0
average,3,F031,1,F047,25.0
average,3,F032,1,F047,53.0
average,3,F033,0,F015,89.0
average,3,F034,0,F015,120.0
average,3,F035,1,F047,66.0
average,3,F036,1,F047,42.0
average,3,F037,2,F042,18.0
average,3,F038,1,F047,68.0
average,3,F039,1,F047,55.0
average,3,F040,2,F042,28.0
average,3,F041,1,F047,111.0
average,3,F042,2,F042,0.0
average,3,F043,1,F047,115.0
average,3,F044,1,F047,136.0
average,3,F045,1,F047,96.0
average,3,F046,1,F047,15.0
average,3,F047,1,F047,0.0
average,3,F048,1,F047,51.0
average,3,F049,1,F047,19.0
average,3,F050,2,F042,40.0
average,3,F051,1,F047,80.0
average,3,F052,1,F047,33.0
average,4,F001,0,F018,34.0
average,4,F002,1,F006,43.0
average,4,F003,1,F006,45.0
average,4,F004,1,F006,40.0
average,4,F005,0,F018,17.0
average,4,F006,1,F006,0.0
average,4,F007,1,F006,14.0
average,4,F008,1,F006,41.0
average,4,F009,0,F018,73.0
average,4,F010,1,F006,27.0
average,4,F011,0,F018,71.0
average,4,F012,0,F018,19.0
average,4,F013,1,F006,46.0
average,4,F014,0,F018,52.0
average,4,F015,0,F018,41.0
average,4,F016,0,F018,17.0
average,4,F017,0,F018,43.0
average,4,F018,0,F018,0.0
average,4,F019,0,F018,44.0
average,4,F020,0,F018,36.0
average,4,F021,2,F047,64.0
average,4,F022,0,F018,31.0
average,4,F023,2,F047,39.0
average,4,F024,2,F047,97.0
average,4,F025,2,F047,65.0
average,4,F026,0,F018,14.0
average,4,F027,2,F047,98.0
average,4,F028,0,F018,65.0
average,4,F029,2,F047,81.0
average,4,F030,0,F018,46.0
average,4,F031,2,F047,25.0
average,4,F032,2,F047,53.0
average,4,F033,0,F018,49.0
average,4,F034,0,F018,80.0
average,4,F035,2,F047,66.0
average,4,F036,2,F047,42.0
average,4,F037,3,F042,18.0
average,4,F038,2,F047,68.0
average,4,F039,2,F047,55.0
average,4,F040,3,F042,28.0
average,4,F041,2,F047,111.0
average,4,F042,3,F042,0.0
average,4,F043,2,F047,115.0
average,4,F044,2,F047,136.0
average,4,F045,2,F047,96.0
average,4,F046,2,F047,15.0
average,4,F047,2,F047,0.0
average,4,F048,2,F047,51.0
average,4,F049,2,F047,19.0
average,4,F050,3,F042,40.0
average,4,F051,2,F047,80.0
average,4,F052,2,F047,33.0
average,5,F001,0,F018,34.0
average,5,F002,1,F006,43.0
average,5,F003,1,F006,45.0
average,5,F004,1,F006,40.0
average,5,F005,0,F018,17.0
average,5,F006,1,F006,0.0
average,5,F007,1,F006,14.0
average,5,F008,1,F006,41.0
average,5,F009,0,F018,73.0
average,5,F010,1,F006,27.0
average,5,F011,0,F018,71.0
average,5,F012,0,F018,19.0
average,5,F013,1,F006,46.0
average,5,F014,0,F018,52.0
average,5,F015,0,F018,41.0
average,5,F016,0,F018,17.0
average,5,F017,0,F018,43.0
average,5,F018,0,F018,0.0
average,5,F019,0,F018,44.0
average,5,F020,0,F018,36.0
average,5,F021,2,F021,0.0
average,5,F022,0,F018,31.0
average,5,F023,2,F021,60.0
average,5,F024,2,F021,32.0
average,5,F025,2,F021,17.0
average,5,F026,0,F018,14.0
average,5,F027,2,F021,37.0
average,5,F028,0,F018,65.0
average,5,F029,2,F021,17.0
average,5,F030,0,F018,46.0
average,5,F031,2,F021,44.0
average,5,F032,2,F021,66.0
average,5,F033,0,F018,49.0
average,5,F034,0,F018,80.0
average,5,F035,2,F021,41.0
average,5,F036,2,F021,26.0
average,5,F037,3,F042,18.0
average,5,F038,4,F038,0.0
average,5,F039,4,F038,42.0
average,5,F040,3,F042,28.0
average,5,F041,4,F038,44.0
average,5,F042,3,F042,0.0
average,5,F043,4,F038,51.0
average,5,F044,4,F038,71.0
average,5,F045,4,F038,31.0
average,5,F046,4,F038,67.0
average,5,F047,4,F038,68.0
average,5,F048,4,F038,17.0
average,5,F049,4,F038,51.0
average,5,F050,3,F042,40.0
average,5,F051,4,F038,17.0
average,5,F052,4,F038,37.0
average,6,F001,0,F018,34.0
average,6,F002,1,F006,43.0
average,6,F003,1,F006,45.0
average,6,F004,1,F006,40.0
average,6,F005,0,F018,17.0
average,6,F006,1,F006,0.0
average,6,F007,1,F006,14.0
average,6,F008,1,F006,41.0
average,6,F009,0,F018,73.0
average,6,F010,1,F006,27.0
average,6,F011,0,F018,71.0
average,6,F012,0,F018,19.0
average,6,F013,1,F006,46.0
average,6,F014,0,F018,52.0
average,6,F015,0,F018,41.0
average,6,F016,0,F018,17.0
average,6,F017,0,F018,43.0
average,6,F018,0,F018,0.0
average,6,F019,0,F018,44.0
average,6,F020,0,F018,36.0
average,6,F021,2,F021,0.0
average,6,F022,0,F018,31.0
average,6,F023,2,F021,60.0
average,6,F024,2,F021,32.0
average,6,F025,2,F021,17.0
average,6,F026,0,F018,14.0
average,6,F027,2,F021,37.0
average,6,F028,0,F018,65.0
average,6,F029,2,F021,17.0
average,6,F030,0,F018,46.0
average,6,F031,2,F021,44.0
average,6,F032,2,F021,66.0
average,6,F033,0,F018,49.0
average,6,F034,0,F018,80.0
average,6,F035,2,F021,41.0
average,6,F036,2,F021,26.0
average,6,F037,3,F042,18.0
average,6,F038,4,F051,17.0
average,6,F039,5,F049,36.0
average,6,F040,3,F042,28.0
average,6,F041,4,F051,36.0
average,6,F042,3,F042,0.0
average,6,F043,4,F051,35.0
average,6,F044,4,F051,56.0
average,6,F045,4,F051,32.0
average,6,F046,5,F049,17.0
average,6,F047,5,F049,19.0
average,6,F048,4,F051,33.0
average,6,F049,5,F049,0.0
average,6,F050,3,F042,40.0
average,6,F051,4,F051,0.0
average,6,F052,5,F049,22.0
average,7,F001,0,F026,20.0
average,7,F002,1,F006,43.0
average,7,F003,1,F006,45.0
average,7,F004,1,F006,40.0
average,7,F005,0,F026,31.0
average,7,F006,1,F006,0.0
average,7,F007,1,F006,14.0
average,7,F008,1,F006,41.0
average,7,F009,2,F015,38.0
average,7,F010,1,F006,27.0
average,7,F011,2,F015,31.0
average,7,F012,0,F026,27.0
average,7,F013,1,F006,46.0
average,7,F014,2,F015,27.0
average,7,F015,2,F015,0.0
average,7,F016,0,F026,24.0
average,7,F017,0,F026,53.0
average,7,F018,0,F026,14.0
average,7,F019,0,F026,32.0
average,7,F020,0,F026,37.0
average,7,F021,3,F021,0.0
average,7,F022,0,F026,23.0
average,7,F023,3,F021,60.0
average,7,F024,3,F021,32.0
average,7,F025,3,F021,17.0
average,7,F026,0,F026,0.0
average,7,F027,3,F021,37.0
average,7,F028,2,F015,32.0
average,7,F029,3,F021,17.0
average,7,F030,2,F015,35.0
average,7,F031,3,F021,44.0
average,7,F032,3,F021,66.0
average,7,F033,0,F026,35.0
average,7,F034,0,F026,66.0
average,7,F035,3,F021,41.0
average,7,F036,3,F021,26.0
average,7,F037,4,F042,18.0
average,7,F038,5,F051,17.0
average,7,F039,6,F049,36.0
average,7,F040,4,F042,28.0
average,7,F041,5,F051,36.0
average,7,F042,4,F042,0.0
average,7,F043,5,F051,35.0
average,7,F044,5,F051,56.0
average,7,F045,5,F051,32.0
average,7,F046,6,F049,17.0
average,7,F047,6,F049,19.0
average,7,F048,5,F051,33.0
average,7,F049,6,F049,0.0
average,7,F050,4,F042,40.0
average,7,F051,5,F051,0.0
average,7,F052,6,F049,22.0
average,8,F001,0,F026,20.0
average,8,F002,1,F010,56.0
average,8,F003,1,F010,26.0
average,8,F004,1,F010,34.0
average,8,F005,0,F026,31.0
average,8,F006,1,F010,27.0
average,8,F007,1,F010,37.0
average,8,F008,1,F010,19.0
average,8,F009,2,F015,38.0
average,8,F010,1,F010,0.0
average,8,F011,2,F015,31.0
average,8,F012,0,F026,27.0
average,8,F013,3,F013,0.0
average,8,F014,2,F015,27.0
average,8,F015,2,F015,0.0
average,8,F016,0,F026,24.0
average,8,F017,0,F026,53.0
average,8,F018,0,F026,14.0
average,8,F019,0,F026,32.0
average,8,F020,0,F026,37.0
average,8,F021,4,F021,0.0
average,8,F022,0,F026,23.0
average,8,F023,4,F021,60.0
average,8,F024,4,F021,32.0
average,8,F025,4,F021,17.0
average,8,F026,0,F026,0.0
average,8,F027,4,F021,37.0
average,8,F028,2,F015,32.0
average,8,F029,4,F021,17.0
average,8,F030,2,F015,35.0
average,8,F031,4,F021,44.0
average,8,F032,4,F021,66.0
average,8,F033,0,F026,35.0
average,8,F034,0,F026,66.0
average,8,F035,4,F021,41.0
average,8,F036,4,F021,26.0
average,8,F037,5,F042,18.0
average,8,F038,6,F051,17.0
average,8,F039,7,F049,36.0
average,8,F040,5,F042,28.0
average,8,F041,6,F051,36.0
average,8,F042,5,F042,0.0
average,8,F043,6,F051,35.0
average,8,F044,6,F051,56.0
average,8,F045,6,F051,32.0
average,8,F046,7,F049,17.0
average,8,F047,7,F049,19.0
average,8,F048,6,F051,33.0
average,8,F049,7,F049,0.0
average,8,F050,5,F042,40.0
average,8,F051,6,F051,0.0
average,8,F052,7,F049,22.0
average,9,F001,0,F026,20.0
average,9,F002,1,F010,56.0
average,9,F003,1,F010,26.0
average,9,F004,1,F010,34.0
average,9,F005,0,F026,31.0
average,9,F006,1,F010,27.0
average,9,F007,1,F010,37.0
average,9,F008,1,F010,19.0
average,9,F009,2,F015,38.0
average,9,F010,1,F010,0.0
average,9,F011,2,F015,31.0
average,9,F012,0,F026,27.0
average,9,F013,3,F013,0.0
average,9,F014,2,F015,27.0
average,9,F015,2,F015,0.0
average,9,F016,0,F026,24.0
average,9,F017,0,F026,53.0
average,9,F018,0,F026,14.0
average,9,F019,0,F026,32.0
average,9,F020,0,F026,37.0
average,9,F021,4,F029,17.0
average,9,F022,0,F026,23.0
average,9,F023,5,F023,0.0
average,9,F024,4,F029,16.0
average,9,F025,4,F029,24.0
average,9,F026,0,F026,0.0
average,9,F027,4,F029,22.0
average,9,F028,2,F015,32.0
average,9,F029,4,F029,0.0
average,9,F030,2,F015,35.0
average,9,F031,5,F023,25.0
average,9,F032,5,F023,14.0
average,9,F033,0,F026,35.0
average,9,F034,0,F026,66.0
average,9,F035,5,F023,38.0
average,9,F036,4,F029,41.0
average,9,F037,6,F042,18.0
average,9,F038,7,F051,17.0
average,9,F039,8,F049,36.0
average,9,F040,6,F042,28.0
average,9,F041,7,F051,36.0
average,9,F042,6,F042,0.0
average,9,F043,7,F051,35.0
average,9,F044,7,F051,56.0
average,9,F045,7,F051,32.0
average,9,F046,8,F049,17.0
average,9,F047,8,F049,19.0
average,9,F048,7,F051,33.0
average,9,F049,8,F049,0.0
average,9,F050,6,F042,40.0
average,9,F051,7,F051,0.0
average,9,F052,8,F049,22.0
average,10,F001,0,F033,16.0
average,10,F002,1,F010,56.0
average,10,F003,1,F010,26.0
average,10,F004,1,F010,34.0
average,10,F005,2,F018,17.0
average,10,F006,1,F010,27.0
average,10,F007,1,F010,37.0
average,10,F008,1,F010,19.0
average,10,F009,3,F015,38.0
average,10,F010,1,F010,0.0
average,10,F011,3,F015,31.0
average,10,F012,2,F018,19.0
average,10,F013,4,F013,0.0
average,10,F014,3,F015,27.0
average,10,F015,3,F015,0.0
average,10,F016,2,F018,17.0
average,10,F017,2,F018,43.0
average,10,F018,2,F018,0.0
average,10,F019,0,F033,24.0
average,10,F020,2,F018,36.0
average,10,F021,5,F029,17.0
average,10,F022,0,F033,33.0
average,10,F023,6,F023,0.0
average,10,F024,5,F029,16.0
average,10,F025,5,F029,24.0
average,10,F026,2,F018,14.0
average,10,F027,5,F029,22.0
average,10,F028,3,F015,32.0
average,10,F029,5,F029,0.0
average,10,F030,3,F015,35.0
average,10,F031,6,F023,25.0
average,10,F032,6,F023,14.0
average,10,F033,0,F033,0.0
average,10,F034,0,F033,31.0
average,10,F035,6,F023,38.0
average,10,F036,5,F029,41.0
average,10,F037,7,F042,18.0
average,10,F038,8,F051,17.0
average,10,F039,9,F049,36.0
average,10,F040,7,F042,28.0
average,10,F041,8,F051,36.0
average,10,F042,7,F042,0.0
average,10,F043,8,F051,35.0
average,10,F044,8,F051,56.0
average,10,F045,8,F051,32.0
average,10,F046,9,F049,17.0
average,10,F047,9,F049,19.0
average,10,F048,8,F051,33.0
average,10,F049,9,F049,0.0
average,10,F050,7,F042,40.0
average,10,F051,8,F051,0.0
average,10,F052,9,F049,22.0
