left,right,consensus
F001,F002,0.242949657316875
F001,F003,0.242949657316875
F001,F004,0.242949657316875
F001,F005,0.8509166882080255
F001,F006,0.242949657316875
F001,F007,0.242949657316875
F001,F008,0.242949657316875
F001,F009,0.4807360643988245
F001,F010,0.242949657316875
F001,F011,0.4807360643988245
F001,F012,0.8509166882080255
F001,F013,0.242949657316875
F001,F014,0.7058224433035845
F001,F015,0.7058224433035845
F001,F016,0.9294506967326246
F001,F017,0.8509166882080255
F001,F018,0.8509166882080255
F001,F019,0.8643391615585597
F001,F020,0.9294506967326246
F001,F021,0.07853400852459914
F001,F022,0.9294506967326246
F001,F023,0.07853400852459914
F001,F024,0.23871436012781846
F001,F025,0.07853400852459914
F001,F026,0.9294506967326246
F001,F027,0.23871436012781846
F001,F028,0.4807360643988245
F001,F029,0.23871436012781846
F001,F030,0.7765772544434841
F001,F031,0.07853400852459914
F001,F032,0.07853400852459914
F001,F033,0.8643391615585597
F001,F034,0.7833559424529347
F001,F035,0.07853400852459914
F001,F036,0.07853400852459914
F001,F037,0.0
F001,F038,0.0
F001,F039,0.0
F001,F040,0.0
F001,F041,0.0
F001,F042,0.0
F001,F043,0.0
F001,F044,0.0
F001,F045,0.0
F001,F046,0.0
F001,F047,0.0
F001,F048,0.0
F001,F049,0.0
F001,F050,0.0
F001,F051,0.0
F001,F052,0.0
F002,F003,0.9294506967326246
F002,F004,1.0
F002,F005,0.32148366584147414
F002,F006,1.0
F002,F007,1.0
F002,F008,0.8586958855927248
F002,F009,0.546570044746234
F002,F010,0.9294506967326246
F002,F011,0.546570044746234
F002,F012,0.32148366584147414
F002,F013,1.0
F002,F014,0.32148366584147414
F002,F015,0.32148366584147414
F002,F016,0.242949657316875
F002,F017,0.32148366584147414
F002,F018,0.32148366584147414
F002,F019,0.242949657316875
F002,F020,0.242949657316875
F002,F021,0.0
F002,F022,0.242949657316875
F002,F023,0.0
F002,F024,0.080983219105625
F002,F025,0.0
F002,F026,0.242949657316875
F002,F027,0.080983219105625
F002,F028,0.546570044746234
F002,F029,0.080983219105625
F002,F030,0.32148366584147414
F002,F031,0.0
F002,F032,0.0
F002,F033,0.242949657316875
F002,F034,0.242949657316875
F002,F035,0.0
F002,F036,0.0
F002,F037,0.0
F002,F038,0.0
F002,F039,0.0
F002,F040,0.0
F002,F041,0.0
F002,F042,0.0
F002,F043,0.0
F002,F044,0.0
F002,F045,0.0
F002,F046,0.0
F002,F047,0.0
F002,F048,0.0
F002,F049,0.0
F002,F050,0.0
F002,F051,0.0
F002,F052,0.0
F003,F004,0.9294506967326246
F003,F005,0.32148366584147414
F003,F006,0.9294506967326246
F003,F007,0.9294506967326246
F003,F008,0.9292451888601003
F003,F009,0.546570044746234
F003,F010,1.0
F003,F011,0.6171193480136096
F003,F012,0.32148366584147414
F003,F013,0.9294506967326246
F003,F014,0.32148366584147414
F003,F015,0.32148366584147414
F003,F016,0.242949657316875
F003,F017,0.32148366584147414
F003,F018,0.32148366584147414
F003,F019,0.242949657316875
F003,F020,0.242949657316875
F003,F021,0.0
F003,F022,0.242949657316875
F003,F023,0.0
F003,F024,0.080983219105625
F003,F025,0.0
F003,F026,0.242949657316875
F003,F027,0.080983219105625
F003,F028,0.6171193480136096
F003,F029,0.080983219105625
F003,F030,0.32148366584147414
F003,F031,0.0
F003,F032,0.0
F003,F033,0.242949657316875
F003,F034,0.242949657316875
F003,F035,0.0
F003,F036,0.0
F003,F037,0.0
F003,F038,0.0
F003,F039,0.0
F003,F040,0.0
F003,F041,0.0
F003,F042,0.0
F003,F043,0.0
F003,F044,0.0
F003,F045,0.0
F003,F046,0.0
F003,F047,0.0
F003,F048,0.0
F003,F049,0.0
F003,F050,0.0
F003,F051,0.0
F003,F052,0.0
F004,F005,0.32148366584147414
F004,F006,1.0
F004,F007,1.0
F004,F008,0.8586958855927248
F004,F009,0.546570044746234
F004,F010,0.9294506967326246
F004,F011,0.546570044746234
F004,F012,0.32148366584147414
F004,F013,1.0
F004,F014,0.32148366584147414
F004,F015,0.32148366584147414
F004,F016,0.242949657316875
F004,F017,0.32148366584147414
F004,F018,0.32148366584147414
F004,F019,0.242949657316875
F004,F020,0.242949657316875
F004,F021,0.0
F004,F022,0.242949657316875
F004,F023,0.0
F004,F024,0.080983219105625
F004,F025,0.0
F004,F026,0.242949657316875
F004,F027,0.080983219105625
F004,F028,0.546570044746234
F004,F029,0.080983219105625
F004,F030,0.32148366584147414
F004,F031,0.0
F004,F032,0.0
F004,F033,0.242949657316875
F004,F034,0.242949657316875
F004,F035,0.0
F004,F036,0.0
F004,F037,0.0
F004,F038,0.0
F004,F039,0.0
F004,F040,0.0
F004,F041,0.0
F004,F042,0.0
F004,F043,0.0
F004,F044,0.0
F004,F045,0.0
F004,F046,0.0
F004,F047,0.0
F004,F048,0.0
F004,F049,0.0
F004,F050,0.0
F004,F051,0.0
F004,F052,0.0
F005,F006,0.32148366584147414
F005,F007,0.32148366584147414
F005,F008,0.32148366584147414
F005,F009,0.5592700729234237
F005,F010,0.32148366584147414
F005,F011,0.5592700729234237
F005,F012,1.0
F005,F013,0.32148366584147414
F005,F014,0.7843564518281836
F005,F015,0.7843564518281836
F005,F016,0.9214659914754009
F005,F017,0.9294506967326246
F005,F018,1.0
F005,F019,0.7152558497665851
F005,F020,0.9214659914754009
F005,F021,0.0
F005,F022,0.9214659914754009
F005,F023,0.0
F005,F024,0.16018035160321933
F005,F025,0.0
F005,F026,0.9214659914754009
F005,F027,0.16018035160321933
F005,F028,0.5592700729234237
F005,F029,0.16018035160321933
F005,F030,0.8551112629680833
F005,F031,0.0
F005,F032,0.0
F005,F033,0.7152558497665851
F005,F034,0.6342726306609602
F005,F035,0.0
F005,F036,0.0
F005,F037,0.0
F005,F038,0.0
F005,F039,0.0
F005,F040,0.0
F005,F041,0.0
F005,F042,0.0
F005,F043,0.0
F005,F044,0.0
F005,F045,0.0
F005,F046,0.0
F005,F047,0.0
F005,F048,0.0
F005,F049,0.0
F005,F050,0.0
F005,F051,0.0
F005,F052,0.0
F006,F007,1.0
F006,F008,0.8586958855927248
F006,F009,0.546570044746234
F006,F010,0.9294506967326246
F006,F011,0.546570044746234
F006,F012,0.32148366584147414
F006,F013,1.0
F006,F014,0.32148366584147414
F006,F015,0.32148366584147414
F006,F016,0.242949657316875
F006,F017,0.32148366584147414
F006,F018,0.32148366584147414
F006,F019,0.242949657316875
F006,F020,0.242949657316875
F006,F021,0.0
F006,F022,0.242949657316875
F006,F023,0.0
F006,F024,0.080983219105625
F006,F025,0.0
F006,F026,0.242949657316875
F006,F027,0.080983219105625
F006,F028,0.546570044746234
F006,F029,0.080983219105625
F006,F030,0.32148366584147414
F006,F031,0.0
F006,F032,0.0
F006,F033,0.242949657316875
F006,F034,0.242949657316875
F006,F035,0.0
F006,F036,0.0
F006,F037,0.0
F006,F038,0.0
F006,F039,0.0
F006,F040,0.0
F006,F041,0.0
F006,F042,0.0
F006,F043,0.0
F006,F044,0.0
F006,F045,0.0
F006,F046,0.0
F006,F047,0.0
F006,F048,0.0
F006,F049,0.0
F006,F050,0.0
F006,F051,0.0
F006,F052,0.0
F007,F008,0.8586958855927248
F007,F009,0.546570044746234
F007,F010,0.9294506967326246
F007,F011,0.546570044746234
F007,F012,0.32148366584147414
F007,F013,1.0
F007,F014,0.32148366584147414
F007,F015,0.32148366584147414
F007,F016,0.242949657316875
F007,F017,0.32148366584147414
F007,F018,0.32148366584147414
F007,F019,0.242949657316875
F007,F020,0.242949657316875
F007,F021,0.0
F007,F022,0.242949657316875
F007,F023,0.0
F007,F024,0.080983219105625
F007,F025,0.0
F007,F026,0.242949657316875
F007,F027,0.080983219105625
F007,F028,0.546570044746234
F007,F029,0.080983219105625
F007,F030,0.32148366584147414
F007,F031,0.0
F007,F032,0.0
F007,F033,0.242949657316875
F007,F034,0.242949657316875
F007,F035,0.0
F007,F036,0.0
F007,F037,0.0
F007,F038,0.0
F007,F039,0.0
F007,F040,0.0
F007,F041,0.0
F007,F042,0.0
F007,F043,0.0
F007,F044,0.0
F007,F045,0.0
F007,F046,0.0
F007,F047,0.0
F007,F048,0.0
F007,F049,0.0
F007,F050,0.0
F007,F051,0.0
F007,F052,0.0
F008,F009,0.6173248558861338
F008,F010,0.9292451888601003
F008,F011,0.6878741591535094
F008,F012,0.32148366584147414
F008,F013,0.8586958855927248
F008,F014,0.3922384769813739
F008,F015,0.3922384769813739
F008,F016,0.242949657316875
F008,F017,0.32148366584147414
F008,F018,0.32148366584147414
F008,F019,0.242949657316875
F008,F020,0.242949657316875
F008,F021,0.0
F008,F022,0.242949657316875
F008,F023,0.0
F008,F024,0.080983219105625
F008,F025,0.0
F008,F026,0.242949657316875
F008,F027,0.080983219105625
F008,F028,0.6878741591535094
F008,F029,0.080983219105625
F008,F030,0.32148366584147414
F008,F031,0.0
F008,F032,0.0
F008,F033,0.242949657316875
F008,F034,0.242949657316875
F008,F035,0.0
F008,F036,0.0
F008,F037,0.0
F008,F038,0.0
F008,F039,0.0
F008,F040,0.0
F008,F041,0.0
F008,F042,0.0
F008,F043,0.0
F008,F044,0.0
F008,F045,0.0
F008,F046,0.0
F008,F047,0.0
F008,F048,0.0
F008,F049,0.0
F008,F050,0.0
F008,F051,0.0
F008,F052,0.0
F009,F010,0.546570044746234
F009,F011,0.9294506967326246
F009,F012,0.5592700729234237
F009,F013,0.546570044746234
F009,F014,0.7749136210952401
F009,F015,0.7749136210952401
F009,F016,0.4807360643988245
F009,F017,0.6298193761907991
F009,F018,0.5592700729234237
F009,F019,0.4807360643988245
F009,F020,0.4807360643988245
F009,F021,0.0
F009,F022,0.4807360643988245
F009,F023,0.0
F009,F024,0.080983219105625
F009,F025,0.0
F009,F026,0.4807360643988245
F009,F027,0.080983219105625
F009,F028,0.9294506967326246
F009,F029,0.080983219105625
F009,F030,0.7041588099553404
F009,F031,0.0
F009,F032,0.0
F009,F033,0.4807360643988245
F009,F034,0.4807360643988245
F009,F035,0.0
F009,F036,0.0
F009,F037,0.0
F009,F038,0.0
F009,F039,0.0
F009,F040,0.0
F009,F041,0.0
F009,F042,0.0
F009,F043,0.0
F009,F044,0.0
F009,F045,0.0
F009,F046,0.0
F009,F047,0.0
F009,F048,0.0
F009,F049,0.0
F009,F050,0.0
F009,F051,0.0
F009,F052,0.0
F010,F011,0.6171193480136096
F010,F012,0.32148366584147414
F010,F013,0.9294506967326246
F010,F014,0.32148366584147414
F010,F015,0.32148366584147414
F010,F016,0.242949657316875
F010,F017,0.32148366584147414
F010,F018,0.32148366584147414
F010,F019,0.242949657316875
F010,F020,0.242949657316875
F010,F021,0.0
F010,F022,0.242949657316875
F010,F023,0.0
F010,F024,0.080983219105625
F010,F025,0.0
F010,F026,0.242949657316875
F010,F027,0.080983219105625
F010,F028,0.6171193480136096
F010,F029,0.080983219105625
F010,F030,0.32148366584147414
F010,F031,0.0
F010,F032,0.0
F010,F033,0.242949657316875
F010,F034,0.242949657316875
F010,F035,0.0
F010,F036,0.0
F010,F037,0.0
F010,F038,0.0
F010,F039,0.0
F010,F040,0.0
F010,F041,0.0
F010,F042,0.0
F010,F043,0.0
F010,F044,0.0
F010,F045,0.0
F010,F046,0.0
F010,F047,0.0
F010,F048,0.0
F010,F049,0.0
F010,F050,0.0
F010,F051,0.0
F010,F052,0.0
F011,F012,0.5592700729234237
F011,F013,0.546570044746234
F011,F014,0.7043643178278647
F011,F015,0.7043643178278647
F011,F016,0.4807360643988245
F011,F017,0.5592700729234237
F011,F018,0.5592700729234237
F011,F019,0.4807360643988245
F011,F020,0.4807360643988245
F011,F021,0.0
F011,F022,0.4807360643988245
F011,F023,0.0
F011,F024,0.080983219105625
F011,F025,0.0
F011,F026,0.4807360643988245
F011,F027,0.080983219105625
F011,F028,1.0
F011,F029,0.080983219105625
F011,F030,0.633609506687965
F011,F031,0.0
F011,F032,0.0
F011,F033,0.4807360643988245
F011,F034,0.4807360643988245
F011,F035,0.0
F011,F036,0.0
F011,F037,0.0
F011,F038,0.0
F011,F039,0.0
F011,F040,0.0
F011,F041,0.0
F011,F042,0.0
F011,F043,0.0
F011,F044,0.0
F011,F045,0.0
F011,F046,0.0
F011,F047,0.0
F011,F048,0.0
F011,F049,0.0
F011,F050,0.0
F011,F051,0.0
F011,F052,0.0
F012,F013,0.32148366584147414
F012,F014,0.7843564518281836
F012,F015,0.7843564518281836
F012,F016,0.9214659914754009
F012,F017,0.9294506967326246
F012,F018,1.0
F012,F019,0.7152558497665851
F012,F020,0.9214659914754009
F012,F021,0.0
F012,F022,0.9214659914754009
F012,F023,0.0
F012,F024,0.16018035160321933
F012,F025,0.0
F012,F026,0.9214659914754009
F012,F027,0.16018035160321933
F012,F028,0.5592700729234237
F012,F029,0.16018035160321933
F012,F030,0.8551112629680833
F012,F031,0.0
F012,F032,0.0
F012,F033,0.7152558497665851
F012,F034,0.6342726306609602
F012,F035,0.0
F012,F036,0.0
F012,F037,0.0
F012,F038,0.0
F012,F039,0.0
F012,F040,0.0
F012,F041,0.0
F012,F042,0.0
F012,F043,0.0
F012,F044,0.0
F012,F045,0.0
F012,F046,0.0
F012,F047,0.0
F012,F048,0.0
F012,F049,0.0
F012,F050,0.0
F012,F051,0.0
F012,F052,0.0
F013,F014,0.32148366584147414
F013,F015,0.32148366584147414
F013,F016,0.242949657316875
F013,F017,0.32148366584147414
F013,F018,0.32148366584147414
F013,F019,0.242949657316875
F013,F020,0.242949657316875
F013,F021,0.0
F013,F022,0.242949657316875
F013,F023,0.0
F013,F024,0.080983219105625
F013,F025,0.0
F013,F026,0.242949657316875
F013,F027,0.080983219105625
F013,F028,0.546570044746234
F013,F029,0.080983219105625
F013,F030,0.32148366584147414
F013,F031,0.0
F013,F032,0.0
F013,F033,0.242949657316875
F013,F034,0.242949657316875
F013,F035,0.0
F013,F036,0.0
F013,F037,0.0
F013,F038,0.0
F013,F039,0.0
F013,F040,0.0
F013,F041,0.0
F013,F042,0.0
F013,F043,0.0
F013,F044,0.0
F013,F045,0.0
F013,F046,0.0
F013,F047,0.0
F013,F048,0.0
F013,F049,0.0
F013,F050,0.0
F013,F051,0.0
F013,F052,0.0
F014,F015,1.0
F014,F016,0.7058224433035845
F014,F017,0.854905755095559
F014,F018,0.7843564518281836
F014,F019,0.6409164160020439
F014,F020,0.7058224433035845
F014,F021,0.0
F014,F022,0.7058224433035845
F014,F023,0.0
F014,F024,0.16018035160321933
F014,F025,0.0
F014,F026,0.7058224433035845
F014,F027,0.16018035160321933
F014,F028,0.7043643178278647
F014,F029,0.16018035160321933
F014,F030,0.9292451888601003
F014,F031,0.0
F014,F032,0.0
F014,F033,0.6409164160020439
F014,F034,0.5599331968964188
F014,F035,0.0
F014,F036,0.0
F014,F037,0.0
F014,F038,0.0
F014,F039,0.0
F014,F040,0.0
F014,F041,0.0
F014,F042,0.0
F014,F043,0.0
F014,F044,0.0
F014,F045,0.0
F014,F046,0.0
F014,F047,0.0
F014,F048,0.0
F014,F049,0.0
F014,F050,0.0
F014,F051,0.0
F014,F052,0.0
F015,F016,0.7058224433035845
F015,F017,0.854905755095559
F015,F018,0.7843564518281836
F015,F019,0.6409164160020439
F015,F020,0.7058224433035845
F015,F021,0.0
F015,F022,0.7058224433035845
F015,F023,0.0
F015,F024,0.16018035160321933
F015,F025,0.0
F015,F026,0.7058224433035845
F015,F027,0.16018035160321933
F015,F028,0.7043643178278647
F015,F029,0.16018035160321933
F015,F030,0.9292451888601003
F015,F031,0.0
F015,F032,0.0
F015,F033,0.6409164160020439
F015,F034,0.5599331968964188
F015,F035,0.0
F015,F036,0.0
F015,F037,0.0
F015,F038,0.0
F015,F039,0.0
F015,F040,0.0
F015,F041,0.0
F015,F042,0.0
F015,F043,0.0
F015,F044,0.0
F015,F045,0.0
F015,F046,0.0
F015,F047,0.0
F015,F048,0.0
F015,F049,0.0
F015,F050,0.0
F015,F051,0.0
F015,F052,0.0
F016,F017,0.8509166882080255
F016,F018,0.9214659914754009
F016,F019,0.7937898582911843
F016,F020,1.0
F016,F021,0.07853400852459914
F016,F022,1.0
F016,F023,0.07853400852459914
F016,F024,0.23871436012781846
F016,F025,0.07853400852459914
F016,F026,1.0
F016,F027,0.23871436012781846
F016,F028,0.4807360643988245
F016,F029,0.23871436012781846
F016,F030,0.7765772544434841
F016,F031,0.07853400852459914
F016,F032,0.07853400852459914
F016,F033,0.7937898582911843
F016,F034,0.7128066391855593
F016,F035,0.07853400852459914
F016,F036,0.07853400852459914
F016,F037,0.0
F016,F038,0.0
F016,F039,0.0
F016,F040,0.0
F016,F041,0.0
F016,F042,0.0
F016,F043,0.0
F016,F044,0.0
F016,F045,0.0
F016,F046,0.0
F016,F047,0.0
F016,F048,0.0
F016,F049,0.0
F016,F050,0.0
F016,F051,0.0
F016,F052,0.0
F017,F018,0.9294506967326246
F017,F019,0.7152558497665851
F017,F020,0.8509166882080255
F017,F021,0.0
F017,F022,0.8509166882080255
F017,F023,0.0
F017,F024,0.16018035160321933
F017,F025,0.0
F017,F026,0.8509166882080255
F017,F027,0.16018035160321933
F017,F028,0.5592700729234237
F017,F029,0.16018035160321933
F017,F030,0.9256605662354588
F017,F031,0.0
F017,F032,0.0
F017,F033,0.7152558497665851
F017,F034,0.6342726306609602
F017,F035,0.0
F017,F036,0.0
F017,F037,0.0
F017,F038,0.0
F017,F039,0.0
F017,F040,0.0
F017,F041,0.0
F017,F042,0.0
F017,F043,0.0
F017,F044,0.0
F017,F045,0.0
F017,F046,0.0
F017,F047,0.0
F017,F048,0.0
F017,F049,0.0
F017,F050,0.0
F017,F051,0.0
F017,F052,0.0
F018,F019,0.7152558497665851
F018,F020,0.9214659914754009
F018,F021,0.0
F018,F022,0.9214659914754009
F018,F023,0.0
F018,F024,0.16018035160321933
F018,F025,0.0
F018,F026,0.9214659914754009
F018,F027,0.16018035160321933
F018,F028,0.5592700729234237
F018,F029,0.16018035160321933
F018,F030,0.8551112629680833
F018,F031,0.0
F018,F032,0.0
F018,F033,0.7152558497665851
F018,F034,0.6342726306609602
F018,F035,0.0
F018,F036,0.0
F018,F037,0.0
F018,F038,0.0
F018,F039,0.0
F018,F040,0.0
F018,F041,0.0
F018,F042,0.0
F018,F043,0.0
F018,F044,0.0
F018,F045,0.0
F018,F046,0.0
F018,F047,0.0
F018,F048,0.0
F018,F049,0.0
F018,F050,0.0
F018,F051,0.0
F018,F052,0.0
F019,F020,0.7937898582911843
F019,F021,0.21419484696603946
F019,F022,0.7937898582911843
F019,F023,0.07853400852459914
F019,F024,0.3743751985692588
F019,F025,0.21419484696603946
F019,F026,0.7937898582911843
F019,F027,0.3743751985692588
F019,F028,0.4807360643988245
F019,F029,0.3743751985692588
F019,F030,0.6409164160020439
F019,F031,0.07853400852459914
F019,F032,0.07853400852459914
F019,F033,1.0
F019,F034,0.919016780894375
F019,F035,0.07853400852459914
F019,F036,0.07853400852459914
F019,F037,0.0
F019,F038,0.0
F019,F039,0.0
F019,F040,0.0
F019,F041,0.0
F019,F042,0.0
F019,F043,0.0
F019,F044,0.0
F019,F045,0.0
F019,F046,0.0
F019,F047,0.0
F019,F048,0.0
F019,F049,0.0
F019,F050,0.0
F019,F051,0.0
F019,F052,0.0
F020,F021,0.07853400852459914
F020,F022,1.0
F020,F023,0.07853400852459914
F020,F024,0.23871436012781846
F020,F025,0.07853400852459914
F020,F026,1.0
F020,F027,0.23871436012781846
F020,F028,0.4807360643988245
F020,F029,0.23871436012781846
F020,F030,0.7765772544434841
F020,F031,0.07853400852459914
F020,F032,0.07853400852459914
F020,F033,0.7937898582911843
F020,F034,0.7128066391855593
F020,F035,0.07853400852459914
F020,F036,0.07853400852459914
F020,F037,0.0
F020,F038,0.0
F020,F039,0.0
F020,F040,0.0
F020,F041,0.0
F020,F042,0.0
F020,F043,0.0
F020,F044,0.0
F020,F045,0.0
F020,F046,0.0
F020,F047,0.0
F020,F048,0.0
F020,F049,0.0
F020,F050,0.0
F020,F051,0.0
F020,F052,0.0
F021,F022,0.07853400852459914
F021,F023,0.7937898582911843
F021,F024,0.8398196483967807
F021,F025,1.0
F021,F026,0.07853400852459914
F021,F027,0.8398196483967807
F021,F028,0.0
F021,F029,0.8398196483967807
F021,F030,0.0
F021,F031,0.7937898582911843
F021,F032,0.7937898582911843
F021,F033,0.21419484696603946
F021,F034,0.29517806607166447
F021,F035,0.7937898582911843
F021,F036,0.8643391615585597
F021,F037,0.16196643821125
F021,F038,0.4031300089200943
F021,F039,0.4031300089200943
F021,F040,0.16196643821125
F021,F041,0.3239328764225
F021,F042,0.16196643821125
F021,F043,0.3239328764225
F021,F044,0.3239328764225
F021,F045,0.3239328764225
F021,F046,0.4031300089200943
F021,F047,0.4031300089200943
F021,F048,0.4031300089200943
F021,F049,0.4031300089200943
F021,F050,0.16196643821125
F021,F051,0.3239328764225
F021,F052,0.4031300089200943
F022,F023,0.07853400852459914
F022,F024,0.23871436012781846
F022,F025,0.07853400852459914
F022,F026,1.0
F022,F027,0.23871436012781846
F022,F028,0.4807360643988245
F022,F029,0.23871436012781846
F022,F030,0.7765772544434841
F022,F031,0.07853400852459914
F022,F032,0.07853400852459914
F022,F033,0.7937898582911843
F022,F034,0.7128066391855593
F022,F035,0.07853400852459914
F022,F036,0.07853400852459914
F022,F037,0.0
F022,F038,0.0
F022,F039,0.0
F022,F040,0.0
F022,F041,0.0
F022,F042,0.0
F022,F043,0.0
F022,F044,0.0
F022,F045,0.0
F022,F046,0.0
F022,F047,0.0
F022,F048,0.0
F022,F049,0.0
F022,F050,0.0
F022,F051,0.0
F022,F052,0.0
F023,F024,0.633609506687965
F023,F025,0.7937898582911843
F023,F026,0.07853400852459914
F023,F027,0.633609506687965
F023,F028,0.0
F023,F029,0.633609506687965
F023,F030,0.0
F023,F031,1.0
F023,F032,1.0
F023,F033,0.07853400852459914
F023,F034,0.15951722763022413
F023,F035,1.0
F023,F036,0.9294506967326246
F023,F037,0.16196643821125
F023,F038,0.4031300089200943
F023,F039,0.4031300089200943
F023,F040,0.16196643821125
F023,F041,0.3239328764225
F023,F042,0.16196643821125
F023,F043,0.3239328764225
F023,F044,0.3239328764225
F023,F045,0.3239328764225
F023,F046,0.5387908473615347
F023,F047,0.5387908473615347
F023,F048,0.4031300089200943
F023,F049,0.5387908473615347
F023,F050,0.16196643821125
F023,F051,0.3239328764225
F023,F052,0.4031300089200943
F024,F025,0.8398196483967807
F024,F026,0.23871436012781846
F024,F027,1.0
F024,F028,0.080983219105625
F024,F029,1.0
F024,F030,0.16018035160321933
F024,F031,0.633609506687965
F024,F032,0.633609506687965
F024,F033,0.3743751985692588
F024,F034,0.45535841767488383
F024,F035,0.633609506687965
F024,F036,0.7041588099553404
F024,F037,0.080983219105625
F024,F038,0.242949657316875
F024,F039,0.242949657316875
F024,F040,0.080983219105625
F024,F041,0.242949657316875
F024,F042,0.080983219105625
F024,F043,0.242949657316875
F024,F044,0.242949657316875
F024,F045,0.242949657316875
F024,F046,0.242949657316875
F024,F047,0.242949657316875
F024,F048,0.242949657316875
F024,F049,0.242949657316875
F024,F050,0.080983219105625
F024,F051,0.242949657316875
F024,F052,0.242949657316875
F025,F026,0.07853400852459914
F025,F027,0.8398196483967807
F025,F028,0.0
F025,F029,0.8398196483967807
F025,F030,0.0
F025,F031,0.7937898582911843
F025,F032,0.7937898582911843
F025,F033,0.21419484696603946
F025,F034,0.29517806607166447
F025,F035,0.7937898582911843
F025,F036,0.8643391615585597
F025,F037,0.16196643821125
F025,F038,0.4031300089200943
F025,F039,0.4031300089200943
F025,F040,0.16196643821125
F025,F041,0.3239328764225
F025,F042,0.16196643821125
F025,F043,0.3239328764225
F025,F044,0.3239328764225
F025,F045,0.3239328764225
F025,F046,0.4031300089200943
F025,F047,0.4031300089200943
F025,F048,0.4031300089200943
F025,F049,0.4031300089200943
F025,F050,0.16196643821125
F025,F051,0.3239328764225
F025,F052,0.4031300089200943
F026,F027,0.23871436012781846
F026,F028,0.4807360643988245
F026,F029,0.23871436012781846
F026,F030,0.7765772544434841
F026,F031,0.07853400852459914
F026,F032,0.07853400852459914
F026,F033,0.7937898582911843
F026,F034,0.7128066391855593
F026,F035,0.07853400852459914
F026,F036,0.07853400852459914
F026,F037,0.0
F026,F038,0.0
F026,F039,0.0
F026,F040,0.0
F026,F041,0.0
F026,F042,0.0
F026,F043,0.0
F026,F044,0.0
F026,F045,0.0
F026,F046,0.0
F026,F047,0.0
F026,F048,0.0
F026,F049,0.0
F026,F050,0.0
F026,F051,0.0
F026,F052,0.0
F027,F028,0.080983219105625
F027,F029,1.0
F027,F030,0.16018035160321933
F027,F031,0.633609506687965
F027,F032,0.633609506687965
F027,F033,0.3743751985692588
F027,F034,0.45535841767488383
F027,F035,0.633609506687965
F027,F036,0.7041588099553404
F027,F037,0.080983219105625
F027,F038,0.242949657316875
F027,F039,0.242949657316875
F027,F040,0.080983219105625
F027,F041,0.242949657316875
F027,F042,0.080983219105625
F027,F043,0.242949657316875
F027,F044,0.242949657316875
F027,F045,0.242949657316875
F027,F046,0.242949657316875
F027,F047,0.242949657316875
F027,F048,0.242949657316875
F027,F049,0.242949657316875
F027,F050,0.080983219105625
F027,F051,0.242949657316875
F027,F052,0.242949657316875
F028,F029,0.080983219105625
F028,F030,0.633609506687965
F028,F031,0.0
F028,F032,0.0
F028,F033,0.4807360643988245
F028,F034,0.4807360643988245
F028,F035,0.0
F028,F036,0.0
F028,F037,0.0
F028,F038,0.0
F028,F039,0.0
F028,F040,0.0
F028,F041,0.0
F028,F042,0.0
F028,F043,0.0
F028,F044,0.0
F028,F045,0.0
F028,F046,0.0
F028,F047,0.0
F028,F048,0.0
F028,F049,0.0
F028,F050,0.0
F028,F051,0.0
F028,F052,0.0
F029,F030,0.16018035160321933
F029,F031,0.633609506687965
F029,F032,0.633609506687965
F029,F033,0.3743751985692588
F029,F034,0.45535841767488383
F029,F035,0.633609506687965
F029,F036,0.7041588099553404
F029,F037,0.080983219105625
F029,F038,0.242949657316875
F029,F039,0.242949657316875
F029,F040,0.080983219105625
F029,F041,0.242949657316875
F029,F042,0.080983219105625
F029,F043,0.242949657316875
F029,F044,0.242949657316875
F029,F045,0.242949657316875
F029,F046,0.242949657316875
F029,F047,0.242949657316875
F029,F048,0.242949657316875
F029,F049,0.242949657316875
F029,F050,0.080983219105625
F029,F051,0.242949657316875
F029,F052,0.242949657316875
F030,F031,0.0
F030,F032,0.0
F030,F033,0.6409164160020439
F030,F034,0.5599331968964188
F030,F035,0.0
F030,F036,0.0
F030,F037,0.0
F030,F038,0.0
F030,F039,0.0
F030,F040,0.0
F030,F041,0.0
F030,F042,0.0
F030,F043,0.0
F030,F044,0.0
F030,F045,0.0
F030,F046,0.0
F030,F047,0.0
F030,F048,0.0
F030,F049,0.0
F030,F050,0.0
F030,F051,0.0
F030,F052,0.0
F031,F032,1.0
F031,F033,0.07853400852459914
F031,F034,0.15951722763022413
F031,F035,1.0
F031,F036,0.9294506967326246
F031,F037,0.16196643821125
F031,F038,0.4031300089200943
F031,F039,0.4031300089200943
F031,F040,0.16196643821125
F031,F041,0.3239328764225
F031,F042,0.16196643821125
F031,F043,0.3239328764225
F031,F044,0.3239328764225
F031,F045,0.3239328764225
F031,F046,0.5387908473615347
F031,F047,0.5387908473615347
F031,F048,0.4031300089200943
F031,F049,0.5387908473615347
F031,F050,0.16196643821125
F031,F051,0.3239328764225
F031,F052,0.4031300089200943
F032,F033,0.07853400852459914
F032,F034,0.15951722763022413
F032,F035,1.0
F032,F036,0.9294506967326246
F032,F037,0.16196643821125
F032,F038,0.4031300089200943
F032,F039,0.4031300089200943
F032,F040,0.16196643821125
F032,F041,0.3239328764225
F032,F042,0.16196643821125
F032,F043,0.3239328764225
F032,F044,0.3239328764225
F032,F045,0.3239328764225
F032,F046,0.5387908473615347
F032,F047,0.5387908473615347
F032,F048,0.4031300089200943
F032,F049,0.5387908473615347
F032,F050,0.16196643821125
F032,F051,0.3239328764225
F032,F052,0.4031300089200943
F033,F034,0.919016780894375
F033,F035,0.07853400852459914
F033,F036,0.07853400852459914
F033,F037,0.0
F033,F038,0.0
F033,F039,0.0
F033,F040,0.0
F033,F041,0.0
F033,F042,0.0
F033,F043,0.0
F033,F044,0.0
F033,F045,0.0
F033,F046,0.0
F033,F047,0.0
F033,F048,0.0
F033,F049,0.0
F033,F050,0.0
F033,F051,0.0
F033,F052,0.0
F034,F035,0.15951722763022413
F034,F036,0.15951722763022413
F034,F037,0.0
F034,F038,0.0
F034,F039,0.0
F034,F040,0.0
F034,F041,0.0
F034,F042,0.0
F034,F043,0.0
F034,F044,0.0
F034,F045,0.0
F034,F046,0.0
F034,F047,0.0
F034,F048,0.0
F034,F049,0.0
F034,F050,0.0
F034,F051,0.0
F034,F052,0.0
F035,F036,0.9294506967326246
F035,F037,0.16196643821125
F035,F038,0.4031300089200943
F035,F039,0.4031300089200943
F035,F040,0.16196643821125
F035,F041,0.3239328764225
F035,F042,0.16196643821125
F035,F043,0.3239328764225
F035,F044,0.3239328764225
F035,F045,0.3239328764225
F035,F046,0.5387908473615347
F035,F047,0.5387908473615347
F035,F048,0.4031300089200943
F035,F049,0.5387908473615347
F035,F050,0.16196643821125
F035,F051,0.3239328764225
F035,F052,0.4031300089200943
F036,F037,0.16196643821125
F036,F038,0.4031300089200943
F036,F039,0.4031300089200943
F036,F040,0.16196643821125
F036,F041,0.3239328764225
F036,F042,0.16196643821125
F036,F043,0.3239328764225
F036,F044,0.3239328764225
F036,F045,0.3239328764225
F036,F046,0.5387908473615347
F036,F047,0.5387908473615347
F036,F048,0.4031300089200943
F036,F049,0.5387908473615347
F036,F050,0.16196643821125
F036,F051,0.3239328764225
F036,F052,0.4031300089200943
F037,F038,0.24050044673584917
F037,F039,0.24050044673584917
F037,F040,1.0
F037,F041,0.3196975792334435
F037,F042,1.0
F037,F043,0.4006807983390685
F037,F044,0.5363416367805088
F037,F045,0.3196975792334435
F037,F046,0.24050044673584917
F037,F047,0.24050044673584917
F037,F048,0.24050044673584917
F037,F049,0.24050044673584917
F037,F050,1.0
F037,F051,0.3196975792334435
F037,F052,0.24050044673584917
F038,F039,0.7792912940973838
F038,F040,0.24050044673584917
F038,F041,0.9208028675024057
F038,F042,0.24050044673584917
F038,F043,0.8398196483967807
F038,F044,0.7041588099553404
F038,F045,0.9208028675024057
F038,F046,0.6436304556559435
F038,F047,0.6436304556559435
F038,F048,0.9294506967326246
F038,F049,0.6436304556559435
F038,F050,0.24050044673584917
F038,F051,0.9208028675024057
F038,F052,0.7792912940973838
F039,F040,0.24050044673584917
F039,F041,0.7000941615997894
F039,F042,0.24050044673584917
F039,F043,0.6191109424941644
F039,F044,0.48345010405272415
F039,F045,0.7000941615997894
F039,F046,0.8643391615585597
F039,F047,0.8643391615585597
F039,F048,0.8498405973647591
F039,F049,0.8643391615585597
F039,F050,0.24050044673584917
F039,F051,0.7000941615997894
F039,F052,1.0
F040,F041,0.3196975792334435
F040,F042,1.0
F040,F043,0.4006807983390685
F040,F044,0.5363416367805088
F040,F045,0.3196975792334435
F040,F046,0.24050044673584917
F040,F047,0.24050044673584917
F040,F048,0.24050044673584917
F040,F049,0.24050044673584917
F040,F050,1.0
F040,F051,0.3196975792334435
F040,F052,0.24050044673584917
F041,F042,0.3196975792334435
F041,F043,0.919016780894375
F041,F044,0.7833559424529347
F041,F045,1.0
F041,F046,0.5644333231583492
F041,F047,0.5644333231583492
F041,F048,0.8502535642350303
F041,F049,0.5644333231583492
F041,F050,0.3196975792334435
F041,F051,1.0
F041,F052,0.7000941615997894
F042,F043,0.4006807983390685
F042,F044,0.5363416367805088
F042,F045,0.3196975792334435
F042,F046,0.24050044673584917
F042,F047,0.24050044673584917
F042,F048,0.24050044673584917
F042,F049,0.24050044673584917
F042,F050,1.0
F042,F051,0.3196975792334435
F042,F052,0.24050044673584917
F043,F044,0.8643391615585597
F043,F045,0.919016780894375
F043,F046,0.48345010405272415
F043,F047,0.48345010405272415
F043,F048,0.7692703451294053
F043,F049,0.48345010405272415
F043,F050,0.4006807983390685
F043,F051,0.919016780894375
F043,F052,0.6191109424941644
F044,F045,0.7833559424529347
F044,F046,0.48345010405272415
F044,F047,0.48345010405272415
F044,F048,0.633609506687965
F044,F049,0.48345010405272415
F044,F050,0.5363416367805088
F044,F051,0.7833559424529347
F044,F052,0.48345010405272415
F045,F046,0.5644333231583492
F045,F047,0.5644333231583492
F045,F048,0.8502535642350303
F045,F049,0.5644333231583492
F045,F050,0.3196975792334435
F045,F051,1.0
F045,F052,0.7000941615997894
F046,F047,1.0
F046,F048,0.7141797589233189
F046,F049,1.0
F046,F050,0.24050044673584917
F046,F051,0.5644333231583492
F046,F052,0.8643391615585597
F047,F048,0.7141797589233189
F047,F049,1.0
F047,F050,0.24050044673584917
F047,F051,0.5644333231583492
F047,F052,0.8643391615585597
F048,F049,0.7141797589233189
F048,F050,0.24050044673584917
F048,F051,0.8502535642350303
F048,F052,0.8498405973647591
F049,F050,0.24050044673584917
F049,F051,0.5644333231583492
F049,F052,0.8643391615585597
F050,F051,0.3196975792334435
F050,F052,0.24050044673584917
F051,F052,0.7000941615997894
