person_id,task_type,arrival_margin_minutes
P0001,shift,1398
P0002,shift,2827
P0003,shift,771
P0004,shift,2880
P0005,shift,1426
P0006,shift,1478
P0007,shift,2880
P0008,production,65
P0009,shift,2862
P0010,production,35
P0011,shift,2097
P0012,shift,1199
P0013,shift,1425
P0014,shift,1440
P0015,shift,1512
P0016,shift,15
P0017,shift,1408
P0018,shift,2880
P0019,shift,1889
P0020,shift,2854
P0021,shift,2880
P0022,shift,2908
P0023,shift,789
P0024,shift,1496
P0025,shift,2875
P0026,shift,1424
P0027,shift,690
P0028,shift,1548
P0029,shift,1425
P0030,shift,1398
P0031,shift,93
P0032,shift,1428
P0033,shift,1310
P0034,shift,1377
P0035,shift,1382
P0036,shift,856
P0037,production,31
P0038,shift,1419
P0039,shift,2893
P0040,production,53
P0041,shift,1435
P0042,shift,2880
P0043,shift,49
P0044,temporary,1450
P0045,shift,2880
P0046,shift,1429
P0047,shift,2881
P0048,shift,679
P0049,shift,1433
P0050,shift,2880
P0051,shift,2869
P0052,shift,1440
P0053,shift,1366
P0054,shift,8
P0055,shift,1387
P0056,shift,1423
P0057,shift,2336
P0058,shift,1440
P0059,shift,95
P0060,shift,49
P0061,shift,2880
P0062,temporary,1420
P0063,shift,2846
P0064,shift,2789
P0065,shift,2404
P0066,shift,1440
P0067,shift,66
P0068,shift,1440
P0069,shift,1476
P0070,shift,4239
P0071,shift,1889
P0072,shift,45
P0073,shift,1440
P0074,shift,2757
P0075,shift,2826
P0076,production,66
P0077,shift,2222
P0078,shift,1421
P0079,shift,1526
P0080,shift,744
P0081,shift,2611
P0082,shift,753
P0083,shift,2404
P0084,shift,2845
P0085,shift,1376
P0086,shift,2234
P0087,shift,679
P0088,shift,2326
P0089,shift,1440
P0090,shift,683
P0091,shift,2880
P0092,shift,2881
P0093,shift,2880
P0094,shift,1425
P0095,production,72
P0096,emergency,4
P0097,shift,1395
P0098,shift,2874
P0099,shift,654
P0100,shift,2869
P0101,shift,2312
P0102,shift,896
P0103,shift,199
P0104,shift,758
P0105,shift,1471
P0106,shift,2910
P0107,shift,2835
P0108,shift,2826
P0109,shift,2880
P0110,shift,2868
P0111,shift,2880
P0112,shift,2209
P0113,shift,2880
P0114,shift,2880
P0115,shift,826
P0116,shift,1440
P0117,shift,2879
P0118,shift,2800
P0119,shift,2844
P0120,production,50
P0121,shift,2815
P0122,shift,1464
P0123,shift,1199
P0124,shift,849
P0125,shift,1639
P0126,shift,1387
P0127,shift,1428
P0128,shift,1416
P0129,shift,1849
P0130,shift,1416
P0131,shift,2884
P0132,shift,2836
P0133,shift,833
P0134,shift,2870
P0135,shift,2894
P0136,shift,1416
P0137,shift,109
P0138,shift,840
P0139,shift,1425
P0140,shift,1395
P0141,production,67
P0142,shift,1453
P0143,shift,833
P0144,shift,1428
P0145,production,85
P0146,shift,72
P0147,shift,840
P0148,shift,849
P0149,production,38
P0150,shift,1404
P0151,shift,1450
P0152,shift,1440
P0153,shift,2908
P0154,shift,708
P0155,shift,1506
P0156,shift,4102
P0157,production,78
P0158,shift,2880
P0159,shift,1394
P0160,production,47
P0161,production,63
P0162,shift,366
P0163,shift,1397
P0164,production,47
P0165,shift,1354
P0166,shift,2880
P0167,shift,1442
P0168,shift,2247
P0169,shift,1380
P0170,shift,1421
P0171,shift,1425
P0172,shift,3313
P0173,shift,1432
P0174,shift,208
P0175,shift,41
P0176,shift,8
P0177,shift,2784
P0178,shift,2789
P0179,shift,1430
P0180,shift,1438
P0181,production,48
P0182,shift,1413
P0183,shift,1423
P0184,shift,896
P0185,shift,1425
P0186,shift,2880
P0187,shift,1479
P0188,shift,26
P0189,shift,2865
P0190,shift,2880
P0191,temporary,2203
P0192,shift,9
P0193,production,62
P0194,shift,1409
P0195,shift,2209
P0196,shift,16
P0197,shift,4239
P0198,shift,2097
P0199,shift,1440
P0200,shift,1185
P0201,shift,2838
P0202,shift,2824
P0203,production,36
P0204,shift,2875
P0205,shift,1440
P0206,shift,45
P0207,shift,1402
P0208,shift,86
P0209,shift,1455
P0210,shift,679
P0211,shift,1411
P0212,shift,2880
P0213,shift,225
P0214,shift,1440
P0215,shift,449
P0216,shift,2799
P0217,shift,1425
P0218,shift,753
P0219,shift,79
P0220,shift,1424
P0221,shift,1527
P0222,shift,1440
P0223,shift,1452
P0224,shift,2838
P0225,production,63
P0226,shift,2263
P0227,shift,1450
P0228,shift,1440
P0229,shift,1440
P0230,shift,1425
P0231,shift,1428
P0232,shift,4274
P0233,shift,865
P0234,shift,22
P0235,shift,1440
P0236,shift,1444
P0237,shift,93
P0238,shift,1373
P0239,shift,1440
P0240,shift,1440
P0241,shift,2642
P0242,shift,1430
P0243,production,23
P0244,shift,1450
P0245,shift,1426
P0246,shift,1849
P0247,shift,2372
P0248,shift,2900
P0249,shift,1440
P0250,production,121
P0251,temporary,3221
P0252,shift,2234
P0253,shift,1433
P0254,shift,2863
P0255,shift,41
P0256,emergency,9
P0257,production,3
P0258,shift,1445
P0259,shift,2757
P0260,shift,1398
P0261,shift,679
P0262,shift,679
P0263,production,61
P0264,shift,2845
P0265,shift,1454
P0266,shift,1440
P0267,shift,1450
P0268,shift,834
P0269,shift,853
P0270,shift,148
P0271,shift,810
P0272,temporary,3612
P0273,shift,3221
P0274,shift,1385
P0275,shift,1709
P0276,shift,667
P0277,shift,1435
P0278,shift,1406
P0279,emergency,14
P0280,shift,752
P0281,shift,1398
P0282,shift,1519
P0283,shift,1594
P0284,shift,1315
P0285,emergency,7
P0286,shift,1460
P0287,shift,1440
P0288,shift,2880
P0289,production,53
P0290,shift,1444
P0291,production,12
P0292,shift,1279
P0293,shift,2303
P0294,emergency,11
P0295,shift,1889
P0296,shift,2877
P0297,shift,1440
P0298,shift,1432
P0299,shift,2834
P0300,shift,1423
P0301,shift,708
P0302,shift,10
P0303,shift,2251
P0304,shift,4338
P0305,shift,1440
P0306,shift,1133
P0307,shift,81
P0308,temporary,2874
P0309,shift,2237
P0310,shift,2848
P0311,shift,15
P0312,shift,2326
P0313,production,91
P0314,shift,1918
P0315,shift,581
P0316,shift,2881
P0317,shift,1360
P0318,temporary,4312
P0319,emergency,40
P0320,shift,1202
P0321,shift,1478
P0322,shift,2872
P0323,production,52
P0324,shift,789
P0325,shift,1261
P0326,shift,2836
P0327,shift,1435
P0328,shift,667
P0329,shift,1199
P0330,shift,2880
P0331,shift,66
P0332,shift,2820
P0333,shift,1489
P0334,shift,758
P0335,shift,16
P0336,shift,581
P0337,production,97
P0338,shift,1383
P0339,shift,10
P0340,shift,1388
P0341,shift,1402
P0342,shift,1416
P0343,temporary,2189
P0344,production,65
P0345,shift,863
P0346,shift,1402
P0347,production,4
P0348,shift,2910
P0349,shift,896
P0350,shift,920
P0351,shift,683
P0352,production,32
P0353,shift,1398
P0354,production,42
P0355,shift,2866
P0356,shift,581
P0357,shift,1918
P0358,shift,1388
P0359,temporary,880
P0360,production,45
P0361,shift,2326
P0362,shift,1440
P0363,shift,2918
P0364,shift,1425
P0365,shift,2880
P0366,temporary,2237
P0367,shift,1395
P0368,shift,1450
P0369,shift,1615
P0370,shift,1447
P0371,shift,840
P0372,shift,771
P0373,shift,744
P0374,production,112
P0375,shift,1396
P0376,temporary,3847
P0377,temporary,6959
P0378,shift,2890
P0379,shift,1398
P0380,shift,743
P0381,shift,679
P0382,shift,130
P0383,shift,1440
P0384,shift,1453
P0385,shift,1383
P0386,shift,2757
P0387,shift,1440
P0388,shift,449
P0389,shift,744
P0390,shift,654
P0391,shift,1229
P0392,emergency,13
P0393,shift,2880
P0394,shift,2939
P0395,shift,1440
P0396,shift,1391
P0397,shift,2815
P0398,shift,2904
P0399,shift,1428
P0400,shift,2247
P0401,shift,3388
P0402,shift,2875
P0403,shift,1446
P0404,production,78
P0405,shift,1435
P0406,shift,1386
P0407,shift,4112
P0408,shift,1432
P0409,shift,1302
P0410,shift,76
P0411,shift,106
P0412,shift,1406
P0413,shift,2209
P0414,shift,2865
P0415,shift,1423
P0416,emergency,17
P0417,shift,661
P0418,temporary,3807
P0419,production,60
P0420,shift,1425
P0421,shift,1440
P0422,shift,2838
P0423,shift,778
P0424,shift,4255
P0425,shift,1184
P0426,shift,581
P0427,temporary,758
P0428,shift,2816
P0429,production,56
P0430,shift,4320
P0431,production,87
P0432,production,83
P0433,shift,2834
P0434,shift,1440
P0435,shift,717
P0436,shift,920
P0437,shift,1431
P0438,shift,1423
P0439,shift,4212
P0440,shift,2880
P0441,shift,106
P0442,shift,1189
P0443,shift,86
P0444,production,37
P0445,shift,2584
P0446,shift,57
P0447,shift,2893
P0448,shift,1593
P0449,shift,1394
P0450,shift,9
P0451,production,68
P0452,shift,1409
P0453,shift,2880
P0454,shift,2274
P0455,shift,1440
P0456,shift,2247
P0457,shift,1425
P0458,shift,920
P0459,production,90
P0460,shift,834
P0461,shift,10
P0462,shift,2880
P0463,production,69
P0464,shift,865
P0465,production,75
P0466,production,111
P0467,shift,689
P0468,shift,2097
P0469,shift,1454
P0470,shift,1436
P0471,shift,2845
P0472,shift,2873
P0473,shift,679
P0474,shift,1533
P0475,temporary,76
P0476,shift,853
P0477,shift,1419
P0478,shift,86
P0479,shift,1918
P0480,shift,1384
P0481,production,77
P0482,shift,778
P0483,shift,2919
P0484,shift,1302
P0485,shift,622
P0486,shift,1441
P0487,production,13
P0488,temporary,2821
P0489,shift,864
P0490,temporary,1202
P0491,shift,1402
P0492,shift,1440
P0493,shift,1440
P0494,shift,4310
P0495,shift,41
P0496,shift,1671
P0497,shift,1229
P0498,shift,2892
P0499,shift,81
P0500,shift,1377
P0501,shift,15
P0502,shift,1497
P0503,production,81
P0504,shift,1506
P0505,shift,973
P0506,shift,1452
P0507,shift,1440
P0508,shift,780
P0509,shift,2872
P0510,shift,2880
P0511,shift,1434
P0512,shift,64
P0513,emergency,25
P0514,shift,1477
P0515,shift,1400
P0516,shift,581
P0517,shift,31
P0518,production,37
P0519,shift,1450
P0520,shift,1463
P0521,shift,2865
P0522,shift,4338
P0523,shift,86
P0524,shift,865
P0525,production,62
P0526,shift,1599
P0527,shift,1440
P0528,shift,1398
P0529,shift,1437
P0530,shift,896
P0531,shift,758
P0532,shift,683
P0533,shift,2872
P0534,shift,1453
P0535,shift,205
P0536,shift,541
P0537,production,54
P0538,production,55
P0539,shift,2846
P0540,shift,2880
P0541,shift,4247
P0542,shift,850
P0543,shift,2880
P0544,shift,2144
P0545,shift,1399
P0546,shift,654
P0547,shift,1424
P0548,shift,2271
P0549,shift,679
P0550,shift,1455
P0551,shift,1397
P0552,shift,3055
P0553,shift,1207
P0554,shift,2880
P0555,shift,1376
P0556,shift,2397
P0557,shift,1418
P0558,shift,1443
P0559,shift,1440
P0560,shift,2628
P0561,shift,2880
P0562,shift,1918
P0563,shift,4327
P0564,shift,4302
P0565,production,16
P0566,shift,1391
P0567,shift,1440
P0568,shift,1217
P0569,shift,39
P0570,shift,2880
P0571,shift,2868
P0572,shift,2880
P0573,shift,1383
P0574,shift,1434
P0575,shift,856
P0576,shift,1402
P0577,shift,58
P0578,shift,864
P0579,shift,2662
P0580,shift,1440
P0581,shift,1432
P0582,shift,1450
P0583,shift,108
P0584,shift,2880
P0585,shift,2844
P0586,shift,2884
P0587,shift,1388
P0588,shift,1463
P0589,shift,1452
P0590,shift,41
P0591,shift,2848
P0592,temporary,2806
P0593,shift,4310
P0594,shift,708
P0595,shift,2918
P0596,shift,1376
P0597,shift,1408
P0598,shift,760
P0599,shift,2342
P0600,shift,1202
P0601,shift,2903
P0602,shift,1504
P0603,shift,581
P0604,shift,1398
P0605,shift,1440
P0606,shift,1409
P0607,shift,856
P0608,shift,1445
P0609,shift,366
P0610,shift,56
P0611,shift,1432
P0612,shift,1440
P0613,production,73
P0614,emergency,16
P0615,shift,1440
P0616,shift,1398
P0617,shift,2880
P0618,production,24
P0619,shift,2880
P0620,shift,2865
P0621,shift,2835
P0622,shift,1440
P0623,shift,864
P0624,shift,1481
P0625,shift,708
P0626,shift,2892
P0627,shift,1408
P0628,shift,2450
P0629,shift,2864
P0630,shift,1449
P0631,shift,1440
P0632,shift,1455
P0633,shift,1409
P0634,shift,2642
P0635,shift,1279
P0636,production,76
P0637,shift,2880
P0638,production,49
P0639,shift,2256
P0640,temporary,3784
P0641,shift,1440
P0642,shift,1595
P0643,shift,1440
P0644,shift,2880
P0645,shift,1440
P0646,shift,789
P0647,shift,778
P0648,shift,661
P0649,shift,66
P0650,shift,0
P0651,production,68
P0652,shift,3518
P0653,production,71
P0654,shift,1467
P0655,shift,1373
P0656,production,22
P0657,production,58
P0658,shift,1440
P0659,shift,1414
P0660,shift,2342
P0661,shift,1918
P0662,shift,2844
P0663,shift,2880
P0664,shift,1207
P0665,production,58
P0666,shift,863
P0667,shift,1489
P0668,shift,2880
P0669,shift,2881
P0670,shift,1442
P0671,shift,100
P0672,shift,1440
P0673,shift,4320
P0674,shift,2880
P0675,shift,66
P0676,shift,2874
P0677,shift,826
P0678,shift,2838
P0679,shift,2904
P0680,shift,888
P0681,shift,148
P0682,shift,1440
P0683,production,114
P0684,shift,1383
P0685,temporary,1384
P0686,shift,66
P0687,production,22
P0688,shift,1393
P0689,shift,1948
P0690,shift,1429
P0691,shift,3526
P0692,shift,622
P0693,emergency,22
P0694,temporary,708
P0695,shift,863
P0696,shift,1216
P0697,shift,2874
P0698,shift,1440
P0699,temporary,4042
P0700,shift,1440
P0701,shift,2880
P0702,shift,1440
P0703,production,33
P0704,shift,1391
P0705,production,26
P0706,shift,1411
P0707,shift,208
P0708,shift,1440
P0709,shift,717
P0710,production,19
P0711,temporary,2627
P0712,production,11
P0713,shift,1453
P0714,shift,983
P0715,shift,2838
P0716,shift,1444
P0717,shift,1428
P0718,shift,1440
P0719,shift,1444
P0720,shift,1444
P0721,shift,990
P0722,shift,2209
P0723,shift,1009
P0724,shift,1440
P0725,shift,1397
P0726,temporary,3178
P0727,shift,1429
P0728,production,89
P0729,shift,3984
P0730,shift,1327
P0731,shift,1657
P0732,shift,1889
P0733,shift,679
P0734,shift,1452
P0735,shift,1310
P0736,shift,780
P0737,shift,1441
P0738,temporary,2838
P0739,shift,1434
P0740,shift,864
P0741,shift,187
P0742,shift,1498
P0743,shift,2880
P0744,production,66
P0745,shift,780
P0746,shift,3421
P0747,shift,1423
P0748,shift,1327
P0749,shift,1440
P0750,shift,1387
P0751,shift,9
P0752,shift,1009
P0753,shift,864
P0754,shift,366
P0755,shift,826
P0756,production,15
P0757,shift,37
P0758,shift,86
P0759,shift,2872
P0760,shift,4281
P0761,shift,2342
P0762,temporary,780
P0763,shift,1489
P0764,shift,1479
P0765,temporary,2879
P0766,shift,1398
P0767,shift,1449
P0768,shift,1317
P0769,shift,1452
P0770,shift,159
P0771,shift,1544
P0772,shift,2240
P0773,shift,853
P0774,shift,2872
P0775,production,56
P0776,shift,1379
P0777,shift,679
P0778,shift,2903
P0779,shift,1399
P0780,shift,780
P0781,shift,187
P0782,shift,834
P0783,shift,2859
P0784,shift,2397
P0785,shift,661
P0786,shift,2824
P0787,shift,2152
P0788,production,42
P0789,shift,1420
P0790,shift,1447
P0791,shift,683
P0792,shift,2873
P0793,shift,1440
P0794,production,72
P0795,shift,2880
P0796,shift,64
P0797,temporary,47
P0798,shift,1440
P0799,shift,972
P0800,production,89
P0801,shift,4320
P0802,shift,1599
P0803,shift,7
P0804,shift,1421
P0805,shift,1379
P0806,shift,1400
P0807,temporary,5734
P0808,shift,2880
P0809,shift,1449
P0810,shift,1389
P0811,shift,2880
P0812,shift,1384
P0813,shift,1425
P0814,shift,2838
P0815,shift,2816
P0816,shift,39
P0817,production,123
P0818,shift,1440
P0819,shift,863
P0820,shift,1319
P0821,shift,1440
P0822,shift,1189
P0823,temporary,208
P0824,production,52
P0825,shift,2925
P0826,shift,4320
P0827,shift,4264
P0828,shift,1440
P0829,shift,1379
P0830,shift,1645
P0831,temporary,4320
P0832,shift,1464
P0833,shift,2255
P0834,shift,41
P0835,temporary,1548
P0836,shift,300
P0837,shift,205
P0838,shift,1317
P0839,shift,2874
P0840,shift,1450
P0841,shift,1533
P0842,shift,1440
P0843,shift,1673
P0844,temporary,1453
P0845,shift,2880
P0846,shift,2875
P0847,shift,1440
P0848,shift,2880
P0849,production,39
P0850,shift,2866
P0851,shift,1423
P0852,shift,1434
P0853,shift,2639
P0854,temporary,5754
P0855,shift,983
P0856,shift,1497
P0857,shift,1440
P0858,shift,2917
P0859,shift,1639
P0860,temporary,6555
P0861,shift,4195
P0862,shift,2863
P0863,shift,2880
P0864,shift,1440
P0865,shift,689
P0866,shift,865
P0867,shift,2841
P0868,shift,1701
P0869,shift,1440
P0870,shift,661
P0871,shift,4281
P0872,shift,449
P0873,shift,2807
P0874,production,44
P0875,shift,753
P0876,shift,1393
P0877,shift,2865
P0878,shift,1442
P0879,shift,1440
P0880,production,18
P0881,production,91
P0882,shift,273
P0883,shift,1440
P0884,shift,1199
P0885,shift,2841
P0886,shift,2878
P0887,shift,2836
P0888,shift,3055
P0889,shift,1948
P0890,production,77
P0891,shift,2271
P0892,shift,2070
P0893,shift,1384
P0894,production,21
P0895,shift,864
P0896,shift,1440
P0897,shift,2880
P0898,shift,2880
P0899,shift,2786
P0900,shift,1420
P0901,shift,1377
P0902,shift,1439
P0903,production,26
P0904,shift,896
P0905,shift,4121
P0906,shift,865
P0907,shift,1549
P0908,shift,15
P0909,shift,834
P0910,production,81
P0911,temporary,1440
P0912,shift,1440
P0913,shift,1639
P0914,shift,1476
P0915,production,0
P0916,shift,1440
P0917,shift,1406
P0918,shift,1435
P0919,production,70
P0920,shift,2789
P0921,shift,1671
P0922,shift,1399
P0923,temporary,4338
P0924,shift,2271
P0925,production,39
P0926,temporary,1439
P0927,shift,864
P0928,temporary,2874
P0929,shift,1496
P0930,shift,1452
P0931,shift,622
P0932,shift,3221
P0933,shift,2880
P0934,shift,2755
P0935,shift,5
P0936,shift,1445
P0937,shift,1419
P0938,shift,4314
P0939,shift,1440
P0940,shift,2859
P0941,temporary,622
P0942,shift,2880
P0943,shift,1366
P0944,shift,2916
P0945,shift,109
P0946,shift,2870
P0947,shift,109
P0948,shift,1111
P0949,shift,2887
P0950,shift,778
P0951,shift,4102
P0952,shift,2880
P0953,shift,2642
P0954,shift,2938
P0955,shift,2342
P0956,shift,789
P0957,shift,2880
P0958,shift,1009
P0959,production,31
P0960,shift,17
P0961,shift,4264
P0962,shift,2834
P0963,shift,1437
P0964,shift,81
P0965,shift,1463
P0966,shift,1440
P0967,shift,1393
P0968,production,51
P0969,shift,1440
P0970,shift,2890
P0971,shift,2884
P0972,shift,2861
P0973,shift,2919
P0974,shift,2880
P0975,shift,849
P0976,shift,541
P0977,shift,2312
P0978,shift,4220
P0979,shift,1424
P0980,shift,2838
P0981,production,45
P0982,shift,2861
P0983,shift,1229
P0984,shift,1456
P0985,shift,1440
P0986,shift,849
P0987,shift,1948
P0988,shift,2872
P0989,shift,1440
P0990,shift,2877
P0991,shift,17
P0992,shift,1387
P0993,shift,1415
P0994,shift,1673
P0995,shift,217
P0996,shift,541
P0997,shift,896
P0998,shift,1440
P0999,shift,4239
P1000,shift,3819
P1001,shift,1345
P1002,shift,2872
P1003,shift,4255
P1004,shift,3141
P1005,shift,840
P1006,shift,4220
P1007,shift,2820
P1008,temporary,1437
P1009,shift,2838
P1010,shift,2882
P1011,shift,1573
P1012,shift,1645
P1013,shift,744
P1014,shift,1457
P1015,shift,2851
P1016,shift,1111
P1017,shift,1464
P1018,shift,15
P1019,shift,4068
P1020,shift,541
P1021,production,89
P1022,shift,1414
P1023,shift,1440
P1024,shift,2128
P1025,shift,1440
P1026,shift,2805
P1027,shift,2887
P1028,shift,2890
P1029,shift,865
P1030,shift,1526
P1031,shift,2880
P1032,shift,3029
P1033,shift,1388
P1034,shift,2880
P1035,shift,2255
P1036,shift,64
P1037,shift,744
P1038,shift,3029
P1039,shift,2807
P1040,shift,3221
P1041,shift,1419
P1042,shift,2880
P1043,shift,2859
P1044,shift,2270
P1045,production,61
P1046,shift,2880
P1047,shift,1384
P1048,shift,9
P1049,shift,1376
P1050,shift,2836
P1051,shift,2861
P1052,shift,1512
P1053,shift,2209
P1054,shift,17
P1055,production,34
P1056,shift,1440
P1057,production,51
P1058,shift,2880
P1059,shift,1399
P1060,shift,1279
P1061,shift,865
P1062,production,59
P1063,shift,1424
P1064,shift,683
P1065,shift,708
P1066,shift,864
P1067,shift,4068
P1068,shift,1516
P1069,shift,1408
P1070,shift,1440
P1071,shift,1425
P1072,shift,2803
P1073,shift,3022
P1074,shift,2848
P1075,shift,1384
P1076,shift,2872
P1077,temporary,2930
P1078,shift,1440
P1079,shift,1549
P1080,production,94
P1081,shift,4247
P1082,shift,1481
P1083,shift,2871
P1084,shift,1853
P1085,production,32
P1086,shift,1113
P1087,shift,717
P1088,shift,2541
P1089,shift,743
P1090,shift,2872
P1091,shift,2893
P1092,shift,1496
P1093,shift,4335
P1094,shift,16
P1095,shift,2251
P1096,shift,2882
P1097,shift,2892
P1098,shift,1443
P1099,shift,1440
P1100,emergency,19
P1101,shift,1430
P1103,shift,1450
P1104,shift,2805
P1105,shift,71
P1106,shift,1479
P1107,shift,2874
P1108,shift,2838
P1109,production,79
P1110,shift,2874
P1111,shift,2144
P1112,shift,1432
P1113,shift,1440
P1114,shift,933
P1115,shift,1440
P1116,shift,2840
P1117,shift,2872
P1118,shift,1384
P1119,shift,920
P1120,shift,1440
P1121,temporary,3660
P1122,shift,231
P1123,shift,865
P1124,shift,826
P1125,production,99
P1126,emergency,68
P1127,shift,2247
P1128,shift,1444
P1129,shift,780
P1130,shift,39
P1131,shift,2610
P1132,shift,2849
P1133,shift,1440
P1134,shift,2271
P1135,shift,1415
P1136,shift,2564
P1137,shift,1657
P1138,shift,1496
P1139,shift,2880
P1140,shift,2874
P1141,shift,2827
P1142,shift,1363
P1143,shift,1421
P1144,production,38
P1145,shift,2844
P1146,temporary,2859
P1147,shift,2859
P1148,shift,2880
P1149,shift,1489
P1150,shift,2628
P1151,shift,1440
P1152,shift,66
P1153,shift,2880
P1154,shift,622
P1155,shift,2271
P1156,shift,2880
P1157,shift,1217
P1158,shift,1853
P1159,production,79
P1160,shift,1430
P1161,temporary,1385
P1162,shift,1413
P1163,shift,2880
P1164,shift,1440
P1165,production,119
P1166,shift,752
P1167,production,50
P1168,shift,93
P1169,production,17
P1170,shift,3221
P1171,shift,2836
P1172,shift,743
P1173,shift,3022
P1174,production,57
P1175,production,79
P1176,shift,2887
P1177,shift,79
P1178,shift,5
P1179,shift,1378
P1180,shift,2800
P1181,shift,1440
P1182,shift,708
P1183,shift,56
P1184,shift,4248
P1185,shift,2880
P1186,shift,683
P1187,shift,2880
P1188,shift,2880
P1189,shift,2826
P1190,shift,66
P1191,shift,2865
P1192,shift,2845
P1193,shift,2923
P1194,shift,130
P1195,shift,849
P1196,shift,2336
P1197,temporary,2865
P1198,production,52
P1199,shift,1481
P1200,shift,1918
P1201,shift,853
P1202,shift,1467
P1203,shift,1440
P1204,temporary,4109
P1205,shift,2859
P1206,shift,785
P1207,emergency,39
P1208,shift,2875
P1209,shift,1440
P1210,temporary,1440
P1211,shift,2880
P1212,shift,2894
P1213,production,69
P1214,shift,1428
P1215,production,87
P1216,shift,1512
P1217,shift,1481
P1218,shift,2872
P1219,production,56
P1220,shift,1207
P1221,shift,1440
P1222,shift,1439
P1223,shift,2262
P1224,shift,2755
P1225,shift,12
P1226,shift,2834
P1227,shift,1498
P1228,shift,1322
P1229,shift,856
P1230,shift,1440
P1231,shift,2163
P1232,production,51
P1233,shift,9
P1234,shift,1437
P1235,production,82
P1236,shift,4320
P1237,shift,2875
P1238,shift,2255
P1239,shift,1419
P1240,shift,622
P1241,shift,1376
P1242,shift,58
P1243,shift,2824
P1244,shift,2938
P1245,production,89
P1246,shift,1065
P1247,shift,1671
P1248,shift,1416
P1249,shift,2821
P1250,shift,2880
P1251,shift,1594
P1252,shift,2772
P1253,shift,1444
P1254,shift,1440
P1255,shift,581
P1256,shift,1376
P1257,shift,2312
P1258,production,2
P1259,shift,1424
P1260,production,21
P1261,shift,73
P1262,shift,2097
P1263,shift,1440
P1264,shift,1455
P1265,shift,53
P1266,shift,1425
P1267,shift,231
P1268,production,72
P1269,production,53
P1270,production,45
P1271,shift,2178
P1272,temporary,4195
P1273,shift,1402
P1274,temporary,1435
P1275,shift,683
P1276,shift,2834
P1277,shift,100
P1278,shift,1428
P1279,shift,1395
P1280,production,9
P1281,shift,3608
P1282,production,79
P1283,shift,1167
P1284,shift,2880
P1285,shift,2873
P1286,shift,4327
P1287,shift,1411
P1288,shift,4229
P1289,shift,1443
P1290,shift,1377
P1291,shift,1445
P1292,shift,581
P1293,production,8
P1294,shift,2903
P1295,shift,2893
P1296,shift,2880
P1297,shift,781
P1298,shift,1377
P1299,shift,2868
P1300,shift,654
P1301,shift,1384
P1302,shift,1453
P1303,shift,1496
P1304,production,48
P1305,production,29
P1306,shift,1443
P1307,shift,86
P1308,shift,231
P1309,shift,1476
P1310,shift,1440
P1311,shift,81
P1312,shift,2824
P1313,production,74
P1314,shift,1423
P1315,shift,2880
P1316,shift,4276
P1317,shift,2882
P1318,shift,1440
P1319,shift,1440
P1320,production,28
P1321,shift,81
P1322,shift,449
P1323,shift,1425
P1324,shift,1918
P1325,shift,2807
P1326,shift,2878
P1327,shift,1463
P1328,shift,4102
P1329,shift,920
P1330,shift,5
P1331,shift,2880
P1332,shift,1440
P1333,shift,2880
P1334,shift,2274
P1335,shift,2880
P1336,shift,2326
P1337,shift,3727
P1338,shift,4239
P1339,shift,849
P1340,shift,1416
P1341,shift,4261
P1342,shift,2642
P1343,shift,920
P1344,shift,1397
P1345,shift,850
P1346,shift,2874
P1347,shift,1709
P1348,shift,2840
P1349,shift,1599
P1350,shift,1435
P1351,shift,1444
P1352,shift,880
P1353,shift,2835
P1354,shift,2878
P1355,shift,789
P1356,shift,622
P1357,shift,3313
P1358,shift,2880
P1359,temporary,2240
P1360,shift,1439
P1361,shift,2925
P1362,shift,366
P1363,shift,581
P1364,emergency,34
P1365,shift,2880
P1366,shift,2816
P1367,shift,2247
P1368,shift,2880
P1369,shift,1378
P1370,shift,2815
P1371,shift,1462
P1372,shift,1367
P1373,shift,1440
P1374,production,28
P1375,shift,2240
P1376,shift,1918
P1377,temporary,2859
P1378,shift,1440
P1379,shift,2907
P1380,temporary,2880
P1381,shift,1426
P1382,shift,1450
P1383,shift,1447
P1384,shift,1400
P1385,shift,2417
P1386,production,93
P1387,shift,865
P1388,shift,1467
P1389,shift,1440
P1390,shift,1416
P1391,shift,4121
P1392,shift,1440
P1393,production,42
P1394,shift,2880
P1395,shift,1480
P1396,shift,2633
P1397,shift,1450
P1398,shift,4314
P1399,shift,2890
P1400,shift,1432
P1401,shift,2773
P1402,temporary,853
P1403,temporary,1440
P1404,shift,3022
P1405,emergency,10
P1406,shift,925
P1407,shift,2880
P1408,production,25
P1409,shift,864
P1410,shift,2800
P1411,shift,2883
P1412,shift,1416
P1413,shift,217
P1414,temporary,2614
P1415,shift,1393
P1416,shift,1065
P1417,shift,708
P1418,shift,1889
P1419,shift,2878
P1420,shift,1061
P1421,shift,1371
P1422,shift,1440
P1423,shift,2404
P1424,shift,4275
P1425,shift,2178
P1426,shift,1440
P1427,shift,3034
P1428,shift,1207
P1429,production,42
P1430,shift,1440
P1431,shift,939
P1432,shift,2848
P1433,shift,1419
P1434,production,11
P1435,shift,1440
P1436,shift,679
P1437,shift,2397
P1438,production,75
P1439,production,50
P1440,shift,912
P1441,shift,1327
P1442,shift,1184
P1443,shift,4320
P1444,shift,1440
P1445,shift,1202
P1446,shift,1377
P1447,shift,1394
P1448,shift,752
P1449,shift,2881
P1450,shift,2880
P1451,shift,2872
P1452,shift,689
P1453,shift,2880
P1454,shift,743
P1455,shift,2815
P1456,shift,1438
P1457,shift,366
P1458,shift,939
P1459,shift,2662
P1460,shift,1388
P1461,shift,1440
P1462,shift,2880
P1463,production,67
P1464,shift,1582
P1465,shift,2271
P1466,shift,1440
P1467,shift,26
P1468,shift,2864
P1469,shift,93
P1470,shift,1477
P1471,shift,2880
P1472,shift,749
P1473,temporary,922
P1474,shift,983
P1475,production,51
P1476,shift,2827
P1477,shift,1398
P1478,shift,2880
P1479,shift,1450
P1480,shift,683
P1481,shift,1440
P1482,production,48
P1483,shift,708
P1484,shift,1440
P1485,shift,1425
P1486,shift,1432
P1487,shift,0
P1488,shift,1130
P1489,temporary,3091
P1490,shift,1467
P1491,shift,1746
P1492,shift,1440
P1493,shift,109
P1494,shift,2799
P1495,shift,3608
P1496,shift,667
P1497,shift,1440
P1498,shift,864
P1499,shift,743
P1500,shift,1430
P1501,temporary,2624
P1502,shift,1432
P1503,shift,1476
P1504,shift,1423
P1505,shift,1483
P1506,shift,1302
P1507,shift,1438
P1508,shift,199
P1509,shift,888
P1510,shift,2879
P1511,shift,1639
P1512,shift,26
P1513,shift,833
P1514,shift,1599
P1515,shift,1394
P1516,shift,2846
P1517,shift,717
P1518,shift,1595
P1519,shift,1395
P1520,shift,2417
P1521,shift,109
P1522,shift,2865
P1523,shift,1384
P1524,shift,1409
P1525,shift,2264
P1526,production,125
P1527,shift,744
P1528,shift,2880
P1529,shift,1315
P1530,shift,4068
P1531,shift,1360
P1532,shift,2875
P1533,shift,1592
P1534,shift,2876
P1535,shift,1009
P1536,shift,2835
P1537,shift,269
P1538,shift,758
P1539,shift,1549
P1540,shift,581
P1541,shift,2880
P1542,shift,2925
P1543,shift,2826
P1544,shift,834
P1545,shift,1279
P1546,shift,1399
P1547,shift,4314
P1548,temporary,753
P1549,shift,2222
P1550,production,22
P1551,shift,53
P1552,shift,41
P1553,shift,72
P1554,shift,2880
P1555,shift,708
P1556,shift,3097
P1557,emergency,24
P1558,shift,1421
P1559,shift,2880
P1560,shift,2326
P1561,shift,2823
P1562,shift,1415
P1563,production,27
P1564,shift,849
P1565,shift,1435
P1566,shift,130
P1567,shift,1395
P1568,shift,1526
P1569,shift,2298
P1570,shift,2880
P1571,shift,208
P1572,production,78
P1573,temporary,3221
P1574,shift,1449
P1575,shift,826
P1576,shift,3388
P1577,shift,1387
P1578,shift,1367
P1579,shift,778
P1580,shift,849
P1581,shift,2866
P1582,production,101
P1583,shift,2918
P1584,shift,679
P1585,shift,1393
P1586,shift,1402
P1587,production,46
P1588,shift,1411
P1589,shift,2262
P1590,shift,2397
P1591,shift,2773
P1592,shift,1440
P1593,shift,2880
P1594,production,34
P1595,shift,2256
P1596,shift,4275
P1597,shift,2887
P1598,shift,1403
P1599,shift,1443
P1600,shift,1498
P1601,shift,2611
P1602,shift,1444
P1603,production,19
P1604,shift,73
P1605,shift,208
P1606,temporary,2870
P1607,production,68
P1608,shift,2863
P1609,production,90
P1610,shift,1309
P1611,shift,2890
P1612,shift,930
P1613,shift,2163
P1614,production,47
P1615,shift,2903
P1616,shift,56
P1617,shift,2900
P1618,shift,811
P1619,shift,1460
P1620,shift,2849
P1621,shift,2893
P1622,shift,1586
P1623,shift,1452
P1624,shift,780
P1625,shift,1440
P1626,shift,49
P1627,shift,2880
P1628,shift,1426
P1629,shift,1588
P1630,shift,1432
P1631,shift,3671
P1632,shift,2799
P1633,shift,833
P1634,shift,1416
P1635,shift,1376
P1636,shift,3029
P1637,shift,366
P1638,shift,2864
P1639,shift,781
P1640,shift,1217
P1641,shift,4229
P1642,shift,863
P1643,shift,4310
P1644,shift,2861
P1645,shift,2880
P1646,shift,100
P1647,shift,1588
P1648,shift,708
P1649,production,95
P1650,shift,1671
P1651,temporary,1432
P1652,shift,93
P1653,shift,1397
P1654,production,0
P1655,shift,1433
P1656,shift,2892
P1657,shift,79
P1658,shift,1639
P1659,shift,1440
P1660,shift,541
P1661,shift,850
P1662,shift,1276
P1663,shift,17
P1664,production,49
P1665,production,54
P1666,shift,753
P1667,shift,2303
P1668,shift,1449
P1669,shift,1526
P1670,production,56
P1671,shift,2880
P1672,shift,1467
P1673,shift,2870
P1674,shift,79
P1675,temporary,1167
P1676,shift,1061
P1677,shift,2870
P1678,shift,2907
P1679,production,55
P1680,shift,778
P1681,shift,1440
P1682,production,47
P1683,shift,1566
P1684,shift,896
P1685,shift,2854
P1686,temporary,2880
P1687,shift,1388
P1688,shift,205
P1689,shift,1440
P1690,shift,2863
P1691,shift,622
P1692,shift,1496
P1693,shift,2189
P1694,shift,1397
P1695,shift,4281
P1696,shift,4275
P1697,shift,1709
P1698,shift,1432
P1699,shift,920
P1700,shift,912
P1701,shift,826
P1702,shift,2842
P1703,shift,2610
P1704,shift,1588
P1705,shift,1395
P1706,shift,1453
P1707,shift,2563
P1708,production,64
P1709,shift,2864
P1710,shift,86
P1711,shift,1440
P1712,shift,2882
P1713,temporary,920
P1714,shift,1376
P1715,shift,3141
P1716,shift,1514
P1717,shift,1440
P1718,shift,3832
P1719,shift,39
P1720,shift,3608
P1721,shift,449
P1722,shift,2773
P1723,shift,896
P1724,shift,2865
P1725,shift,983
P1726,shift,2872
P1727,shift,1399
P1728,shift,1162
P1729,shift,1458
P1730,shift,1402
P1731,shift,3962
P1732,production,91
P1733,shift,2880
P1734,production,116
P1735,production,23
P1736,production,114
P1737,shift,581
P1738,shift,1133
P1739,production,42
P1740,shift,1505
P1741,shift,205
P1742,production,30
P1743,shift,1409
P1744,shift,1533
P1745,shift,2221
P1746,shift,1009
P1747,shift,1402
P1748,shift,2880
P1749,shift,865
P1750,shift,1395
P1751,shift,2917
P1752,shift,840
P1753,shift,1379
P1754,shift,2854
P1755,shift,810
P1756,shift,1383
P1757,shift,2611
P1758,shift,856
P1759,shift,856
P1760,shift,2757
P1761,shift,2298
P1762,shift,708
P1763,shift,1389
P1764,shift,2807
P1765,shift,4121
P1766,shift,1319
P1767,production,69
P1768,shift,1199
P1769,temporary,4261
P1770,shift,1322
P1771,shift,1379
P1772,shift,26
P1773,shift,2642
P1774,shift,1440
P1775,shift,1411
P1776,production,74
P1777,shift,811
P1778,shift,41
P1779,shift,2892
P1780,shift,1162
P1781,shift,2887
P1782,shift,2880
P1783,temporary,1639
P1784,shift,1403
P1785,shift,187
P1786,shift,2880
P1787,shift,864
P1788,shift,1889
P1789,production,50
P1790,shift,2880
P1791,shift,41
P1792,shift,1453
P1793,shift,2898
P1794,shift,1440
P1795,shift,1399
P1796,shift,863
P1797,shift,2336
P1798,production,52
P1799,shift,199
P1800,temporary,2172
P1801,shift,1499
P1802,shift,20
P1803,shift,4320
P1804,shift,2820
P1805,shift,2880
P1806,shift,3036
P1807,production,53
P1808,production,0
P1809,shift,622
P1810,shift,743
P1811,shift,1440
P1812,shift,880
P1813,shift,667
P1814,shift,1202
P1815,production,30
P1816,shift,2872
P1817,shift,231
P1818,shift,1383
P1819,shift,366
P1820,shift,708
P1821,shift,1440
P1822,shift,1199
P1823,shift,1462
P1824,production,33
P1825,shift,5
P1826,shift,771
P1827,shift,1448
P1828,shift,2808
P1829,shift,1440
P1830,shift,366
P1831,shift,1440
P1832,shift,2417
P1833,shift,1399
P1834,shift,3608
P1835,shift,758
P1836,shift,2882
P1837,shift,3694
P1838,shift,1384
P1839,shift,3313
P1840,shift,912
P1841,shift,2642
P1842,shift,4275
P1843,temporary,667
P1844,shift,2910
P1845,shift,1429
P1846,shift,1385
P1847,emergency,14
P1848,shift,1504
P1849,shift,1424
P1850,production,24
P1851,production,62
P1852,shift,1478
P1853,shift,2880
P1854,shift,2880
P1855,shift,1440
P1856,shift,1440
P1857,shift,2880
P1858,shift,990
P1859,shift,2880
P1860,shift,41
P1861,production,53
P1862,shift,541
P1863,shift,4302
P1864,shift,2836
P1865,shift,708
P1866,shift,840
P1867,shift,4248
P1868,production,52
P1869,shift,1199
P1870,shift,41
P1871,production,56
P1872,shift,1435
P1873,shift,1327
P1874,shift,758
P1875,shift,2868
P1876,shift,1588
P1877,shift,2878
P1878,shift,1394
P1879,production,15
P1880,shift,79
P1881,shift,2844
P1882,shift,1009
P1883,shift,2880
P1884,shift,1379
P1885,shift,4314
P1886,shift,4248
P1887,shift,553
P1888,shift,4229
P1889,production,69
P1890,shift,2203
P1891,temporary,2377
P1892,shift,2564
P1893,shift,4212
P1894,shift,1419
P1895,shift,2880
P1896,shift,2883
P1897,shift,1440
P1898,shift,2828
P1899,temporary,106
P1900,shift,834
P1901,shift,1440
P1902,shift,2251
P1903,shift,1411
P1904,shift,9
P1905,shift,2834
P1906,shift,1440
P1907,shift,1548
P1908,shift,1403
P1909,shift,480
P1910,shift,2784
P1911,shift,1437
P1912,shift,2397
P1913,shift,1373
P1914,shift,771
P1915,shift,1009
P1916,shift,2880
P1917,shift,1398
P1918,shift,4264
P1919,production,3
P1920,shift,1440
P1921,shift,1440
P1922,shift,1740
P1923,shift,5
P1924,shift,1440
P1925,shift,1423
P1926,shift,57
P1927,shift,1432
P1928,shift,667
P1929,shift,2271
P1930,shift,2842
P1931,shift,1588
P1932,temporary,2233
P1933,shift,1440
P1934,production,55
P1935,shift,2821
P1936,shift,983
P1937,shift,2880
P1938,shift,2904
P1939,shift,2880
P1940,shift,2838
P1941,shift,810
P1942,shift,2865
P1943,shift,1470
P1944,shift,45
P1945,shift,2880
P1946,shift,2887
P1947,shift,1639
P1948,shift,2880
P1949,shift,1309
P1950,shift,1425
P1951,shift,1400
P1952,temporary,3034
P1953,shift,16
P1954,production,54
P1955,shift,1367
P1956,shift,1133
P1957,shift,5
P1958,shift,683
P1959,shift,2880
P1960,shift,1391
P1961,shift,1428
P1962,production,67
P1963,shift,2881
P1964,shift,752
P1965,shift,2864
P1966,shift,6
P1967,shift,2639
P1968,shift,208
P1969,shift,983
P1970,shift,780
P1971,shift,1549
P1972,shift,1478
P1973,shift,1424
P1974,shift,2805
P1975,shift,1599
P1976,shift,1528
P1977,shift,2859
P1978,shift,2561
P1979,shift,1453
P1980,temporary,4479
P1981,emergency,20
P1982,temporary,4320
P1983,shift,2904
P1984,shift,1387
P1985,shift,708
P1986,shift,1065
P1987,shift,2247
P1988,shift,1432
P1989,production,55
P1990,production,57
P1991,shift,1981
P1992,shift,2880
P1993,shift,2882
P1994,shift,1440
P1995,shift,1485
P1996,temporary,758
P1997,shift,1395
P1998,production,59
P1999,shift,1383
P2000,shift,1453
P2001,temporary,708
P2002,shift,744
P2003,production,77
P2004,shift,3608
P2005,shift,1441
P2006,shift,2312
P2007,shift,1425
P2008,shift,863
P2009,shift,758
P2010,shift,2887
P2011,emergency,31
P2012,shift,1393
P2013,shift,1434
P2014,shift,2864
P2015,shift,781
P2016,shift,103
P2017,shift,45
P2018,shift,2880
P2019,shift,1639
P2020,production,105
P2021,shift,4226
P2022,shift,1480
P2023,temporary,1379
P2024,shift,77
P2025,shift,4195
P2026,shift,2820
P2027,production,86
P2028,shift,77
P2029,shift,1327
P2030,shift,77
P2031,shift,1440
P2032,shift,901
P2033,shift,2826
P2034,shift,920
P2035,shift,2887
P2036,shift,3
P2037,temporary,1440
P2038,shift,2247
P2039,shift,856
P2040,shift,1416
P2041,shift,3832
P2042,production,67
P2043,temporary,4320
P2044,shift,661
P2045,temporary,155
P2046,shift,1481
P2047,shift,990
P2048,shift,2838
P2049,shift,1421
P2050,shift,1740
P2051,shift,834
P2052,shift,2835
P2053,emergency,22
P2054,shift,1421
P2055,shift,1440
P2056,shift,1440
P2057,shift,920
P2058,shift,1398
P2059,shift,896
P2060,shift,811
P2061,shift,661
P2062,shift,86
P2063,shift,1432
P2064,shift,1217
P2065,shift,1434
P2066,shift,86
P2067,shift,1360
P2068,shift,1424
P2069,shift,1889
P2070,shift,2900
P2071,shift,1363
P2072,shift,1440
P2073,shift,2887
P2074,shift,708
P2075,shift,4274
P2076,shift,2880
P2077,production,35
P2078,shift,836
P2079,production,81
P2080,shift,743
P2081,shift,20
P2082,shift,1409
P2083,shift,2880
P2084,shift,1404
P2085,shift,781
P2086,shift,1380
P2087,shift,1423
P2088,production,83
P2089,shift,1424
P2090,shift,1440
P2091,shift,853
P2092,shift,1409
P2093,shift,1440
P2094,shift,1403
P2095,temporary,771
P2096,shift,1344
P2097,shift,1440
P2098,shift,1380
P2099,shift,2872
P2100,shift,1442
P2101,shift,1394
P2102,shift,2880
P2103,shift,1433
P2104,temporary,2838
P2105,shift,1480
P2106,production,44
P2107,shift,2871
P2108,shift,1506
P2109,shift,1452
P2110,shift,56
P2111,shift,853
P2112,shift,1439
P2113,temporary,1432
P2114,shift,1496
P2115,shift,1481
P2116,shift,826
P2117,shift,912
P2118,shift,744
P2119,shift,888
P2120,shift,2251
P2121,shift,159
P2122,temporary,2417
P2123,shift,1440
P2124,shift,758
P2125,shift,753
P2126,shift,2773
P2127,shift,2251
P2128,shift,2240
P2129,shift,1671
P2130,production,13
P2131,shift,1440
P2132,shift,2826
P2133,shift,1377
P2134,shift,2407
P2135,shift,366
P2136,shift,1437
P2137,shift,760
P2138,shift,853
P2139,shift,2221
P2140,shift,1444
P2141,shift,1437
P2142,shift,810
P2143,shift,850
P2144,production,72
P2145,production,51
P2146,shift,1424
P2147,shift,3032
P2148,production,51
P2149,shift,2835
P2150,shift,1402
P2151,production,89
P2152,production,56
P2153,production,79
P2154,shift,1373
P2155,shift,1367
P2156,shift,1480
P2157,shift,1398
P2158,shift,810
P2159,shift,983
P2160,shift,2892
P2161,shift,2240
P2162,shift,17
P2163,shift,1309
P2164,production,79
P2165,shift,86
P2166,shift,1395
P2167,shift,1441
P2168,shift,1549
P2169,shift,1404
P2170,shift,1376
P2171,shift,2880
P2172,shift,685
P2173,shift,1455
P2174,shift,2875
P2175,temporary,1397
P2176,shift,1162
P2177,shift,109
P2178,shift,1396
P2179,shift,781
P2180,shift,1383
P2181,shift,1440
P2182,shift,2880
P2183,shift,1512
P2184,shift,1402
P2185,shift,778
P2186,shift,1481
P2187,emergency,0
P2188,shift,2828
P2189,shift,1447
P2190,production,32
P2191,shift,2836
P2192,shift,778
P2193,shift,1533
P2194,shift,2880
P2195,shift,1394
P2196,shift,2844
P2197,shift,1396
P2198,production,11
P2199,shift,4310
P2200,shift,2881
P2201,shift,1435
P2202,shift,1440
P2203,shift,5
P2204,shift,1453
P2205,shift,2938
P2206,shift,2903
P2207,production,69
P2208,shift,2952
P2209,shift,780
P2210,shift,1889
P2211,shift,1437
P2212,shift,6
P2213,shift,2602
P2214,shift,1434
P2215,shift,1207
P2216,production,83
P2217,shift,57
P2218,shift,2880
P2219,shift,789
P2220,shift,2919
P2221,shift,366
P2222,shift,1425
P2223,production,111
P2224,shift,26
P2225,shift,1360
P2226,shift,2262
P2227,shift,1709
P2228,shift,57
P2229,shift,109
P2230,shift,2880
P2231,shift,199
P2232,shift,2807
P2233,shift,1398
P2234,shift,1437
P2235,shift,2271
P2236,shift,2772
P2237,shift,2919
P2238,shift,106
P2240,production,44
P2241,shift,1423
P2242,shift,1426
P2243,shift,2404
P2244,shift,1421
P2245,shift,1460
P2246,shift,708
P2247,shift,1418
P2248,shift,1636
P2249,shift,1207
P2250,shift,2222
P2251,shift,1383
P2252,shift,2917
P2253,shift,2880
P2254,shift,708
P2255,shift,541
P2256,shift,1322
P2257,shift,37
P2258,shift,834
P2259,shift,2835
P2260,shift,2918
P2261,shift,1440
P2262,shift,2890
P2263,shift,199
P2264,shift,1430
P2265,production,15
P2266,shift,2823
P2267,shift,480
P2268,production,55
P2269,shift,2772
P2270,temporary,2875
P2271,shift,752
P2272,temporary,5254
P2273,shift,780
P2274,shift,1440
P2275,shift,1398
P2276,shift,2887
P2277,shift,2879
P2278,temporary,2880
P2279,production,25
P2280,shift,2875
P2281,shift,1424
P2282,shift,983
P2283,shift,2372
P2284,shift,912
P2285,shift,2826
P2286,shift,1386
P2287,temporary,8638
P2288,shift,1360
P2289,shift,2872
P2290,shift,2144
P2291,shift,2880
P2292,shift,2360
P2293,production,83
P2294,shift,1398
P2295,shift,2234
P2296,shift,1385
P2297,shift,2900
P2298,shift,1453
P2299,shift,2312
P2300,shift,2865
P2301,shift,1433
P2302,shift,771
P2303,shift,1398
P2304,emergency,15
P2305,shift,1405
P2306,shift,1409
P2307,production,74
P2308,shift,2233
P2309,shift,1549
P2310,shift,2209
P2311,shift,4212
P2312,shift,17
P2313,shift,1428
P2314,shift,1440
P2315,shift,1424
P2316,shift,0
P2317,shift,1387
P2318,shift,2854
P2319,shift,2916
P2320,shift,2662
P2321,production,71
P2322,shift,2152
P2323,shift,2863
P2324,shift,1199
P2325,production,85
P2326,production,42
P2327,shift,2844
P2328,shift,2233
P2329,shift,1416
P2330,shift,689
P2331,shift,853
P2332,temporary,4286
P2333,shift,834
P2334,shift,2784
P2335,shift,1435
P2336,shift,108
P2337,shift,2880
P2338,shift,49
P2339,production,44
P2340,shift,2838
P2341,shift,2838
P2342,production,63
P2343,shift,1440
P2344,shift,2864
P2345,shift,2662
P2346,shift,1449
P2347,production,90
P2348,shift,1498
P2349,shift,1419
P2350,shift,1419
P2351,shift,2838
P2352,shift,1479
P2353,shift,1440
P2354,emergency,42
P2355,shift,26
P2356,shift,1428
P2357,production,21
P2358,shift,1440
P2359,shift,1440
P2360,shift,1384
P2361,shift,758
P2362,shift,1473
P2363,shift,1428
P2364,shift,2757
P2365,shift,187
P2366,shift,79
P2367,shift,4068
P2368,shift,2880
P2369,shift,480
P2370,shift,1441
P2371,emergency,32
P2372,shift,1440
P2373,shift,789
P2374,shift,1403
P2375,shift,2863
P2376,shift,1389
P2377,shift,2838
P2378,shift,2255
P2379,shift,2872
P2380,shift,771
P2381,shift,1385
P2382,shift,2880
P2383,shift,833
P2384,shift,1533
P2385,shift,4102
P2386,shift,1403
P2387,shift,1452
P2388,shift,4268
P2389,shift,2342
P2390,shift,781
P2391,shift,2530
P2392,production,84
P2393,shift,834
P2394,shift,2851
P2395,shift,679
P2396,shift,1480
P2397,shift,1440
P2398,shift,1452
P2399,shift,781
P2400,shift,2450
P2401,shift,2880
P2402,shift,771
P2403,shift,1229
P2404,shift,3671
P2405,shift,1123
P2406,shift,205
P2407,temporary,2594
P2408,shift,1425
P2409,shift,2854
P2410,shift,1504
P2411,shift,789
P2412,shift,2883
P2413,shift,1376
P2414,shift,1416
P2415,shift,1309
P2416,shift,1435
P2417,shift,781
P2418,shift,2895
P2419,shift,2298
P2420,shift,56
P2421,shift,4327
P2422,shift,1440
P2423,shift,1385
P2424,temporary,553
P2425,shift,834
P2426,shift,1449
P2427,production,77
P2428,shift,2841
P2429,emergency,22
P2430,shift,752
P2431,shift,2838
P2432,shift,1436
P2433,shift,76
P2434,shift,864
P2435,shift,1398
P2436,shift,2859
P2437,shift,1442
P2438,production,40
P2439,shift,2326
P2440,shift,1432
P2441,shift,753
P2442,shift,153
P2443,shift,0
P2444,shift,2838
P2445,shift,93
P2446,shift,2880
P2447,shift,835
P2448,shift,2838
P2449,shift,912
P2450,shift,2880
P2451,shift,112
P2452,shift,2917
P2453,shift,1380
P2454,shift,2869
P2455,shift,79
P2456,shift,2838
P2457,shift,2342
P2458,shift,2271
P2459,shift,2240
P2460,shift,1429
P2461,shift,2840
P2462,shift,834
P2463,shift,1440
P2464,shift,1440
P2465,shift,762
P2466,shift,1440
P2467,shift,1394
P2468,shift,1438
P2469,production,85
P2470,shift,2880
P2471,shift,2880
P2472,production,71
P2473,shift,6
P2474,shift,2880
P2475,shift,1849
P2476,shift,2848
P2477,shift,1463
P2478,shift,2900
P2479,shift,93
P2480,shift,1327
P2481,shift,679
P2482,shift,2880
P2483,shift,1549
P2484,shift,2893
P2485,shift,1379
P2486,shift,4327
P2487,shift,72
P2488,temporary,4776
P2489,shift,865
P2490,shift,983
P2491,shift,1377
P2492,shift,2844
P2493,shift,1440
P2494,shift,1399
P2495,shift,2844
P2496,shift,2859
P2497,shift,4264
P2498,shift,1446
P2499,shift,1549
P2500,shift,41
P2501,shift,2880
P2502,shift,1400
P2503,temporary,1440
P2504,shift,20
P2505,shift,2397
P2506,shift,888
P2507,shift,2823
P2508,shift,1402
P2509,shift,2880
P2510,shift,1439
P2511,shift,2845
P2512,shift,835
P2513,shift,1405
P2514,shift,15
P2515,shift,2881
P2516,shift,1377
P2517,shift,1433
P2518,shift,2834
P2519,shift,912
P2520,shift,2904
P2521,shift,2880
P2522,shift,1440
P2523,shift,1420
P2524,shift,2844
P2525,shift,3694
P2526,production,53
P2527,shift,449
P2528,shift,1185
P2529,shift,2863
P2530,shift,2880
P2531,shift,1398
P2532,shift,752
P2533,shift,4112
P2534,shift,1360
P2535,shift,2834
P2536,temporary,2342
P2537,shift,856
P2538,shift,3388
P2539,shift,708
P2540,shift,3981
P2541,shift,2838
P2542,shift,2887
P2543,production,88
P2544,shift,1373
P2545,shift,1424
P2546,shift,865
P2547,shift,863
P2548,shift,9
P2549,shift,2836
P2550,shift,753
P2551,production,90
P2552,production,24
P2553,temporary,2872
P2554,shift,865
P2555,shift,1440
P2556,production,8
P2557,shift,752
P2558,shift,1497
P2559,shift,1367
P2560,shift,1409
P2561,shift,2880
P2562,shift,1440
P2563,shift,2900
P2564,shift,1449
P2565,shift,2178
P2566,shift,1452
P2567,production,109
P2568,shift,1411
P2569,shift,1425
P2570,shift,1424
P2571,shift,1449
P2572,shift,1394
P2573,shift,2865
P2574,shift,1185
P2575,shift,1425
P2576,shift,1386
P2577,temporary,1595
P2578,shift,1440
P2579,shift,1440
P2580,shift,1455
P2581,shift,6
P2582,shift,708
P2583,shift,1645
P2584,shift,1432
P2585,shift,2128
P2586,shift,1423
P2587,production,127
P2588,shift,1366
P2589,shift,2823
P2590,shift,1133
P2591,shift,541
P2592,shift,1327
P2593,shift,880
P2594,shift,1395
P2595,shift,888
P2596,production,72
P2597,shift,834
P2598,shift,850
P2599,shift,1426
P2600,shift,2880
P2601,shift,1414
P2602,shift,109
P2603,shift,1639
P2604,shift,1480
P2605,shift,2803
P2606,shift,100
P2607,shift,3694
P2608,shift,2880
P2609,shift,2639
P2610,shift,2862
P2611,shift,1383
P2612,shift,41
P2613,shift,622
P2614,shift,130
P2615,shift,2222
P2616,shift,2893
P2617,shift,1133
P2618,shift,4320
P2619,shift,73
P2620,production,47
P2621,shift,2070
P2622,production,23
P2623,shift,2880
P2624,shift,1440
P2625,shift,690
P2626,shift,1424
P2627,shift,2880
P2628,shift,1424
P2629,shift,1399
P2630,shift,771
P2631,shift,622
P2632,shift,205
P2633,shift,2247
P2634,shift,2530
P2635,shift,1549
P2636,shift,2903
P2637,shift,2247
P2638,shift,2564
P2639,shift,2875
P2640,shift,2522
P2641,shift,2880
P2642,shift,26
P2643,shift,1319
P2644,shift,4024
P2645,production,40
P2646,shift,2893
P2647,shift,2880
P2648,shift,2903
P2649,shift,4320
P2650,shift,3097
P2651,shift,2849
P2652,shift,1408
P2653,production,47
P2654,shift,1627
P2655,shift,1602
P2656,shift,4226
P2657,shift,2880
P2658,shift,1452
P2659,shift,199
P2660,shift,2848
P2661,shift,1440
P2662,shift,2861
P2663,shift,1426
P2664,temporary,3583
P2665,shift,888
P2666,shift,2397
P2667,shift,1391
P2668,shift,2784
P2669,shift,2913
P2670,shift,1367
P2671,shift,480
P2672,shift,1938
P2673,shift,1519
P2674,shift,990
P2675,production,72
P2676,shift,864
P2677,production,63
P2678,shift,1394
P2679,shift,810
P2680,shift,2834
P2681,shift,2838
P2682,shift,2221
P2683,shift,2834
P2684,shift,58
P2685,shift,1184
P2686,shift,2828
P2687,shift,1327
P2688,shift,64
P2689,shift,840
P2690,shift,1411
P2691,shift,2880
P2692,shift,2298
P2693,shift,2882
P2694,shift,2883
P2695,shift,1512
P2696,shift,1478
P2697,shift,752
P2698,shift,2880
P2699,shift,66
P2700,shift,1194
P2701,shift,1440
P2702,shift,690
P2703,production,72
P2704,shift,2881
P2705,shift,8
P2706,shift,2841
P2707,shift,2563
P2708,shift,1460
P2709,shift,2892
P2710,shift,2865
P2711,production,57
P2712,shift,480
P2713,shift,2662
P2714,shift,789
P2715,shift,888
P2716,shift,1512
P2717,shift,2854
P2718,shift,2880
P2719,shift,2838
P2720,shift,1309
P2721,production,25
P2722,shift,2880
P2723,shift,690
P2724,shift,690
P2725,shift,1344
P2726,shift,896
P2727,shift,1395
P2728,shift,744
P2729,production,14
P2730,shift,2880
P2731,shift,778
P2732,shift,2887
P2733,shift,556
P2734,shift,1444
P2735,shift,1467
P2736,shift,269
P2737,shift,2365
P2738,shift,1428
P2739,shift,2848
P2740,shift,93
P2741,shift,1433
P2742,shift,1130
P2743,shift,1480
P2744,shift,17
P2745,production,62
P2746,shift,2880
P2747,production,90
P2748,temporary,2786
P2749,shift,2874
P2750,shift,1344
P2751,shift,126
P2752,shift,708
P2753,shift,2880
P2754,shift,2835
P2755,shift,49
P2756,shift,4327
P2757,shift,2895
P2758,shift,925
P2759,shift,2880
P2760,temporary,2247
P2761,shift,2326
P2762,shift,2848
P2763,shift,2755
P2764,shift,2844
P2765,shift,2880
P2766,shift,1440
P2767,shift,1440
P2768,shift,2844
P2769,shift,1378
P2770,temporary,4320
P2771,shift,2880
P2772,shift,16
P2773,shift,1849
P2774,shift,1363
P2775,shift,1403
P2776,shift,3000
P2777,shift,1447
P2778,shift,972
P2779,production,56
P2780,shift,1498
P2781,shift,100
P2782,shift,689
P2783,shift,1450
P2784,shift,1377
P2785,production,77
P2786,shift,1440
P2787,shift,45
P2788,production,0
P2789,shift,760
P2790,shift,2880
P2791,temporary,1880
P2792,shift,1445
P2793,shift,2913
P2794,shift,2880
P2795,shift,1440
P2796,shift,1133
P2797,temporary,6455
P2798,shift,1528
P2799,shift,1130
P2800,shift,1421
P2801,shift,1217
P2802,shift,2563
P2803,production,39
P2804,shift,2844
P2805,production,57
P2806,temporary,1549
P2807,shift,1440
P2808,shift,863
P2809,shift,834
P2810,shift,1394
P2811,shift,780
P2812,shift,1423
P2813,shift,1440
P2814,shift,1440
P2815,temporary,2880
P2816,emergency,0
P2817,shift,3608
P2818,shift,1423
P2819,production,63
P2820,shift,2342
P2821,shift,1360
P2822,temporary,4776
P2823,shift,864
P2824,shift,2203
P2825,shift,109
P2826,shift,1440
P2827,shift,1389
P2828,shift,983
P2829,shift,2854
P2830,shift,2070
P2831,production,52
P2832,shift,1673
P2833,production,31
P2834,shift,743
P2835,shift,2757
P2836,shift,2221
P2837,shift,4320
P2838,shift,2939
P2839,shift,689
P2840,shift,1548
P2841,shift,1379
P2842,shift,667
P2843,shift,1379
P2844,shift,2880
P2845,shift,4264
P2846,shift,1395
P2847,shift,2880
P2848,shift,1440
P2849,shift,780
P2850,shift,1424
P2851,shift,683
P2852,shift,2834
P2853,shift,1440
P2854,shift,1938
P2855,shift,1443
P2856,shift,1184
P2857,shift,1199
P2858,shift,41
P2859,temporary,1409
P2860,shift,789
P2861,shift,41
P2862,shift,1438
P2863,shift,1923
P2864,shift,2642
P2865,production,23
P2866,shift,856
P2867,shift,1425
P2868,production,88
P2869,shift,108
P2870,shift,1740
P2871,production,29
P2872,shift,1406
P2873,shift,2870
P2874,shift,2887
P2875,shift,1429
P2876,shift,2610
P2877,shift,2880
P2878,shift,205
P2879,shift,1440
P2880,shift,2854
P2881,shift,1403
P2882,shift,2864
P2883,shift,1533
P2884,shift,1388
P2885,shift,2880
P2886,shift,2865
P2887,shift,1322
P2888,shift,2846
P2889,shift,126
P2890,shift,810
P2891,shift,1398
P2892,production,30
P2893,shift,1938
P2894,shift,2880
P2895,shift,1440
P2896,shift,8
P2897,shift,1464
P2898,shift,933
P2899,shift,1441
P2900,shift,26
P2901,shift,2823
P2902,shift,2872
P2903,shift,1428
P2904,shift,2584
P2905,shift,2256
P2906,shift,2880
P2907,shift,1516
P2908,shift,1440
P2909,shift,2128
P2910,shift,708
P2911,shift,1360
P2912,shift,930
P2913,shift,1130
P2914,shift,41
P2915,shift,86
P2916,production,11
P2917,shift,780
P2918,shift,708
P2919,shift,2877
P2920,shift,2929
P2921,shift,2846
P2922,production,26
P2923,production,32
P2924,shift,4305
P2925,shift,2851
P2926,shift,49
P2927,shift,1470
P2928,shift,2875
P2929,shift,2952
P2930,shift,2880
P2931,shift,1588
P2932,shift,1516
P2933,shift,654
P2934,shift,753
P2935,shift,1403
P2936,shift,1424
P2937,shift,2907
P2938,shift,1414
P2939,shift,2880
P2940,shift,1440
P2941,shift,2840
P2942,shift,856
P2943,production,49
P2944,shift,2893
P2945,shift,2880
P2946,shift,1440
P2947,temporary,2789
P2948,shift,3608
P2949,shift,2938
P2950,shift,1399
P2951,shift,2237
P2952,shift,762
P2953,shift,1440
P2954,temporary,5561
P2955,shift,4248
P2956,shift,2880
P2957,shift,1419
P2958,shift,1388
P2959,shift,762
P2960,shift,2838
P2961,shift,2938
P2962,shift,6
P2963,shift,1441
P2964,shift,1506
P2965,shift,2880
P2966,shift,1450
P2967,shift,2846
P2968,shift,2835
P2969,shift,2251
P2970,shift,4239
P2971,shift,2865
P2972,shift,2880
P2973,shift,2875
P2974,shift,231
P2975,shift,1447
P2976,shift,1207
P2977,shift,2669
P2978,shift,205
P2979,shift,1432
P2980,shift,2209
P2981,shift,1452
P2982,shift,2880
P2983,shift,3608
P2984,shift,2880
P2985,shift,780
P2986,shift,1440
P2987,shift,1405
P2988,production,35
P2989,shift,1440
P2990,shift,2880
P2991,shift,1309
P2992,shift,1386
P2993,shift,2851
P2994,production,73
P2995,shift,2864
P2996,shift,856
P2997,production,67
P2998,production,31
P2999,shift,760
P3000,shift,1394
P3001,shift,753
P3002,shift,2880
P3003,shift,2884
P3004,shift,930
P3005,shift,2821
P3006,shift,2835
P3007,temporary,1363
P3008,shift,2757
P3009,shift,1446
P3010,shift,1435
P3011,shift,1426
P3012,shift,2851
P3013,shift,1425
P3014,shift,1061
P3015,temporary,2830
P3016,shift,2877
P3017,shift,1393
P3018,shift,56
P3019,shift,1514
P3020,shift,1441
P3021,shift,2837
P3022,shift,3388
P3023,shift,2880
P3024,shift,1377
P3025,shift,77
P3026,shift,2880
P3027,shift,73
P3028,temporary,3829
P3029,shift,1479
P3030,shift,4102
P3031,shift,2800
P3032,shift,66
P3033,shift,20
P3034,shift,2892
P3035,shift,2271
P3036,production,8
P3037,shift,2838
P3038,shift,925
P3039,shift,1512
P3040,shift,1398
P3041,shift,87
P3042,shift,2880
P3043,shift,1404
P3044,shift,850
P3045,production,14
P3046,shift,71
P3047,shift,752
P3048,shift,983
P3049,shift,1440
P3050,shift,856
P3051,shift,2923
P3052,shift,2144
P3053,shift,1455
P3054,shift,159
P3055,shift,939
P3056,production,98
P3057,shift,1599
P3058,shift,1376
P3059,shift,2887
P3060,shift,920
P3061,shift,1389
P3062,shift,972
P3063,shift,2838
P3064,shift,762
P3065,shift,2894
P3066,shift,2097
P3067,shift,2880
P3068,shift,1440
P3069,shift,4102
P3070,production,64
P3071,shift,1435
P3072,shift,683
P3073,shift,1432
P3074,shift,86
P3075,shift,1396
P3076,shift,1440
P3077,shift,2875
P3078,shift,1437
P3079,shift,1440
P3080,shift,2240
P3081,shift,1207
P3082,shift,2880
P3083,shift,1418
P3084,shift,2838
P3085,shift,1199
P3086,shift,1408
P3087,shift,2880
P3088,shift,1450
P3089,shift,1396
P3090,shift,1516
P3091,shift,1441
P3092,shift,661
P3093,shift,2880
P3094,shift,2880
P3095,shift,1416
P3096,shift,1918
P3097,shift,2904
P3098,shift,853
P3099,shift,1454
P3100,shift,865
P3101,shift,1440
P3102,shift,4112
P3103,production,50
P3104,shift,1440
P3105,shift,2255
P3106,shift,863
P3107,shift,1339
P3108,shift,205
P3109,shift,2880
P3110,production,18
P3111,shift,1425
P3112,shift,2221
P3113,shift,72
P3114,shift,836
P3115,production,68
P3116,shift,2786
P3117,shift,1380
P3118,shift,3660
P3119,shift,1455
P3120,shift,2880
P3121,shift,1452
P3122,temporary,1419
P3123,shift,2652
P3124,production,11
P3125,shift,856
P3126,temporary,1373
P3127,shift,780
P3128,temporary,758
P3129,temporary,4317
P3130,shift,1849
P3131,shift,1199
P3132,shift,1449
P3133,shift,4261
P3134,shift,1440
P3135,shift,2070
P3136,temporary,7633
P3137,shift,2835
P3138,shift,1435
P3139,shift,112
P3140,temporary,2904
P3141,shift,1462
P3142,shift,106
P3143,shift,2687
P3144,shift,1100
P3145,shift,1416
P3146,shift,2887
P3147,shift,2846
P3148,shift,1400
P3149,shift,2829
P3150,shift,2880
P3151,shift,771
P3152,shift,833
P3153,shift,3221
P3154,shift,3022
P3155,shift,3
P3156,shift,2880
P3157,shift,969
P3158,production,117
P3159,shift,15
P3160,shift,2880
P3161,shift,4335
P3162,shift,66
P3163,temporary,4226
P3164,shift,1595
P3165,shift,2880
P3166,shift,1440
P3167,shift,896
P3168,production,22
P3169,shift,449
P3170,temporary,3149
P3171,shift,2838
P3172,shift,749
P3173,shift,1439
P3174,shift,1434
P3175,shift,208
P3176,shift,1440
P3177,shift,1440
P3178,shift,2923
P3179,shift,2837
P3180,shift,1385
P3181,shift,1582
P3182,shift,1440
P3183,shift,2894
P3184,shift,2880
P3185,shift,2178
P3186,shift,2628
P3187,shift,1440
P3188,shift,2880
P3189,shift,106
P3190,temporary,3984
P3191,temporary,1673
P3192,shift,1709
P3193,shift,1367
P3194,shift,2687
P3195,production,77
P3196,temporary,1397
P3197,shift,1399
P3198,shift,1315
P3199,shift,1442
P3200,shift,6
P3201,shift,1440
P3202,shift,1440
P3203,shift,2639
P3204,shift,2240
P3205,shift,1673
P3206,production,80
P3207,shift,1645
P3208,shift,749
P3209,shift,2757
P3210,shift,689
P3211,temporary,2880
P3212,shift,1315
P3213,production,30
P3214,shift,2564
P3215,shift,1444
P3216,shift,2880
P3217,shift,749
P3218,production,31
P3219,shift,622
P3220,shift,2835
P3221,production,72
P3222,shift,1395
P3223,shift,2884
P3224,shift,781
P3225,temporary,1415
P3226,shift,1440
P3227,shift,2255
P3228,production,97
P3229,shift,2128
P3230,shift,2917
P3231,shift,1428
P3232,shift,2785
P3233,temporary,1399
P3234,shift,853
P3235,shift,689
P3236,shift,1424
P3237,shift,1428
P3238,shift,2757
P3239,shift,3186
P3240,production,88
P3241,shift,1327
P3242,production,55
P3243,shift,1455
P3244,shift,1388
P3245,shift,1440
P3246,temporary,1390
P3247,shift,66
P3248,shift,2271
P3249,shift,1315
P3250,shift,205
P3251,shift,1440
P3252,shift,749
P3253,shift,896
P3254,shift,771
P3255,production,63
P3256,shift,2861
P3257,production,30
P3258,shift,2530
P3259,shift,1009
P3260,shift,1443
P3261,production,16
P3262,shift,743
P3263,shift,771
P3264,temporary,454
P3265,shift,850
P3266,shift,864
P3267,shift,1560
P3268,shift,2952
P3269,production,47
P3270,shift,1440
P3271,production,87
P3272,shift,205
P3273,shift,2209
P3274,production,45
P3275,shift,2849
P3276,shift,2829
P3277,shift,661
P3278,shift,920
P3279,shift,760
P3280,shift,1309
P3281,shift,1440
P3282,production,83
P3283,shift,2642
P3284,shift,744
P3285,shift,2097
P3286,shift,2865
P3287,shift,2880
P3288,shift,850
P3289,shift,1464
P3291,shift,273
P3292,shift,1423
P3293,shift,1447
P3294,shift,1440
P3295,shift,1519
P3296,shift,2189
P3297,shift,2563
P3298,shift,1440
P3299,emergency,55
P3300,shift,1489
P3301,shift,1385
P3302,shift,4272
P3303,shift,2880
P3304,shift,2274
P3305,shift,1423
P3306,shift,2128
P3307,shift,1889
P3308,shift,1440
P3309,shift,2880
P3310,shift,760
P3311,shift,1582
P3312,production,85
P3313,shift,1499
P3314,shift,744
P3315,production,118
P3316,shift,778
P3317,shift,1383
P3318,shift,2880
P3319,shift,1399
P3320,shift,1434
P3321,shift,300
P3322,production,38
P3323,shift,2849
P3324,shift,2881
P3325,shift,1379
P3326,shift,1202
P3327,shift,1384
P3328,shift,1383
P3329,shift,1433
P3330,shift,449
P3331,shift,752
P3332,shift,865
P3333,shift,1405
P3334,shift,2757
P3335,shift,1464
P3336,shift,744
P3337,shift,1424
P3338,shift,1440
P3339,shift,1398
P3340,shift,1367
P3341,production,83
P3342,shift,1645
P3343,shift,2365
P3344,shift,1436
P3345,shift,834
P3346,shift,1440
P3347,shift,148
P3348,shift,983
P3349,production,96
P3350,shift,2887
P3351,shift,758
P3352,shift,2880
P3353,shift,2875
P3354,shift,1423
P3355,temporary,1409
P3356,shift,1709
P3357,shift,1440
P3358,temporary,2866
P3359,shift,967
P3360,production,19
P3361,shift,1446
P3362,shift,1450
P3363,shift,86
P3364,shift,667
P3365,shift,1440
P3366,shift,1398
P3367,shift,2256
P3368,shift,9
P3369,shift,2203
P3370,shift,1671
P3371,shift,1371
P3372,shift,2805
P3373,shift,2864
P3374,shift,1409
P3375,shift,1512
P3376,shift,2858
P3377,shift,683
P3378,temporary,0
P3379,shift,162
P3380,shift,541
P3381,shift,4024
P3382,shift,2838
P3383,shift,1363
P3384,shift,162
P3385,shift,1440
P3386,shift,1485
P3387,shift,1429
P3388,shift,1363
P3389,shift,1400
P3390,shift,1464
P3391,shift,1199
P3392,shift,2789
P3393,production,32
P3394,production,48
P3395,shift,1419
P3396,shift,2880
P3397,shift,1425
P3398,shift,2875
P3399,shift,1464
P3400,shift,2326
P3401,shift,2878
P3402,shift,1948
P3403,shift,4220
P3404,shift,781
P3405,emergency,25
P3406,shift,15
P3407,shift,1388
P3408,shift,480
P3409,shift,850
P3410,shift,1440
P3411,shift,1594
P3412,shift,1360
P3413,shift,1425
P3414,production,31
P3415,shift,112
P3416,shift,2417
P3417,emergency,10
P3418,shift,1504
P3419,shift,86
P3420,emergency,17
P3421,shift,12
P3422,production,74
P3423,shift,2561
P3424,shift,4255
P3425,shift,2890
P3426,shift,1432
P3427,shift,933
P3428,shift,1566
P3429,shift,1435
P3430,shift,2840
P3431,production,86
P3432,shift,863
P3433,shift,2880
P3434,shift,2178
P3435,shift,2264
P3436,shift,3337
P3437,shift,1379
P3438,shift,912
P3439,shift,1399
P3440,shift,1440
P3441,shift,2870
P3442,shift,925
P3443,shift,689
P3444,shift,1425
P3445,production,54
P3446,production,67
P3447,shift,2178
P3448,shift,865
P3449,shift,1065
P3450,shift,2880
P3451,shift,1184
P3452,shift,1938
P3453,shift,1599
P3454,shift,4274
P3455,shift,1440
P3456,shift,2397
P3457,shift,1435
P3458,shift,2840
P3459,shift,1463
P3460,shift,1498
P3461,shift,2880
P3462,shift,1130
P3463,shift,1432
P3464,shift,1409
P3465,shift,2312
P3466,shift,2880
P3467,shift,1549
P3468,shift,2835
P3469,shift,4320
P3470,emergency,36
P3471,shift,1480
P3472,shift,1441
P3473,shift,2880
P3474,shift,2823
P3475,temporary,3656
P3476,shift,2222
P3477,production,45
P3478,temporary,1409
P3479,temporary,151
P3480,shift,148
P3481,shift,2840
P3482,shift,1061
P3483,shift,1440
P3484,shift,1406
P3485,shift,3727
P3486,shift,1440
P3487,production,47
P3488,shift,76
P3489,shift,2844
P3490,shift,1440
P3491,temporary,2887
P3492,production,53
P3493,shift,2652
P3494,shift,1449
P3495,shift,2274
P3496,shift,2824
P3497,production,26
P3498,shift,622
P3499,shift,1432
P3500,shift,752
P3501,shift,1424
P3502,shift,0
P3503,shift,480
P3504,shift,2881
P3505,shift,1671
P3506,shift,2880
P3507,shift,717
P3508,shift,2209
P3509,production,83
P3510,shift,2880
P3511,shift,1432
P3512,shift,1400
P3513,shift,753
P3514,production,70
P3515,production,95
P3516,shift,2876
P3517,shift,771
P3518,production,36
P3519,shift,789
P3520,shift,1481
P3521,shift,159
P3522,shift,1247
P3523,shift,1207
P3524,shift,1430
P3525,shift,1740
P3526,production,77
P3527,emergency,19
P3528,shift,1440
P3529,shift,2880
P3530,shift,1398
P3531,shift,1113
P3532,shift,1440
P3533,shift,1430
P3534,shift,1399
P3535,shift,1447
P3536,production,32
P3537,shift,1447
P3538,shift,983
P3539,shift,2871
P3540,shift,1645
P3541,shift,1627
P3542,shift,2880
P3543,shift,1202
P3544,shift,2247
P3545,shift,689
P3546,temporary,3342
P3547,shift,1440
P3548,shift,2846
P3549,shift,2918
P3550,shift,2861
P3551,shift,1385
P3552,shift,2816
P3553,shift,1428
P3554,emergency,18
P3555,shift,1444
P3556,shift,1438
P3557,shift,2904
P3558,shift,925
P3559,shift,81
P3560,production,89
P3561,temporary,4317
P3562,shift,556
P3563,shift,1445
P3564,shift,81
P3565,shift,865
P3566,shift,1740
P3567,temporary,2887
P3568,production,60
P3569,shift,1409
P3570,shift,1456
P3571,shift,2844
P3572,production,66
P3573,shift,2880
P3574,shift,26
P3575,temporary,2880
P3576,shift,4320
P3577,shift,2878
P3578,shift,2874
P3579,shift,1432
P3580,shift,590
P3581,production,102
P3582,shift,1434
P3583,shift,581
P3584,temporary,5193
P3585,shift,15
P3586,shift,1450
P3587,production,77
P3588,shift,4320
P3589,temporary,2298
P3590,temporary,205
P3591,shift,1443
P3592,shift,690
P3593,shift,1738
P3594,shift,1483
P3595,shift,1481
P3596,shift,1452
P3597,shift,1425
P3598,shift,1455
P3599,shift,73
P3600,shift,864
P3601,shift,2880
P3602,shift,834
P3603,production,43
P3604,production,55
P3605,production,43
P3606,shift,2652
P3607,shift,2866
P3608,shift,1310
P3609,shift,1416
P3610,shift,1373
P3611,shift,1440
P3612,production,63
P3613,shift,1309
P3614,shift,1285
P3615,shift,1113
P3616,shift,1440
P3617,production,15
P3618,production,49
P3619,shift,1479
P3620,shift,1453
P3621,shift,2274
P3622,shift,2397
P3623,emergency,19
P3624,shift,2780
P3625,temporary,41
P3626,production,133
P3627,shift,1440
P3628,shift,56
P3629,shift,1322
P3630,temporary,414
P3631,production,21
P3632,shift,1402
P3633,shift,1440
P3634,shift,1440
P3635,temporary,1292
P3636,shift,2875
P3637,production,9
P3638,shift,3962
P3639,shift,4327
P3640,shift,45
P3641,shift,300
P3642,shift,1376
P3643,shift,2807
P3644,shift,2222
P3645,shift,2844
P3646,shift,1377
P3647,shift,1481
P3648,shift,2849
P3649,shift,2880
P3650,shift,2880
P3651,shift,1285
P3652,shift,38
P3653,shift,1471
P3654,shift,1440
P3655,shift,2221
P3656,shift,1450
P3657,shift,708
P3658,shift,1434
P3659,shift,1453
P3660,shift,2807
P3661,shift,1402
P3662,shift,1440
P3663,production,26
P3664,production,38
P3665,shift,4264
P3666,shift,753
P3667,shift,1345
P3668,shift,1440
P3669,shift,2880
P3670,shift,1420
P3671,shift,1430
P3672,shift,1419
P3673,shift,1449
P3674,temporary,2430
P3675,shift,2882
P3676,shift,2880
P3677,shift,2880
P3678,shift,79
P3679,shift,749
P3680,shift,2878
P3681,shift,753
P3682,shift,1740
P3683,shift,1440
P3684,shift,1549
P3685,shift,1433
P3686,shift,1380
P3687,shift,2872
P3688,shift,1464
P3689,shift,2893
P3690,shift,1292
P3691,shift,4121
P3692,shift,4264
P3693,shift,205
P3694,shift,2865
P3695,shift,2397
P3696,shift,2789
P3697,shift,205
P3698,shift,3388
P3699,shift,2298
P3700,shift,1440
P3701,shift,2880
P3702,shift,1440
P3703,shift,1194
P3704,production,21
P3705,shift,273
P3706,production,7
P3707,shift,2856
P3708,shift,896
P3709,shift,2530
P3710,shift,753
P3711,emergency,15
P3712,production,50
P3713,shift,880
P3714,shift,2610
P3715,shift,1440
P3716,shift,1444
P3717,production,83
P3718,shift,1440
P3719,shift,1440
P3720,shift,2880
P3721,shift,1701
P3722,shift,1639
P3723,production,96
P3724,emergency,28
P3725,shift,1309
P3726,shift,93
P3727,shift,1440
P3728,shift,744
P3729,shift,1431
P3730,shift,689
P3731,production,51
P3732,shift,1100
P3733,shift,2879
P3734,shift,2863
P3735,production,62
P3736,shift,93
P3737,shift,863
P3738,shift,581
P3739,shift,2848
P3740,shift,273
P3741,shift,1948
P3742,emergency,39
P3743,shift,1440
P3744,shift,1440
P3745,shift,1405
P3746,shift,1478
P3747,shift,1452
P3748,shift,4195
P3749,shift,2863
P3750,shift,4068
P3751,shift,2827
P3752,shift,1440
P3753,shift,622
P3754,shift,1371
P3755,shift,449
P3756,shift,1154
P3757,temporary,1440
P3758,shift,1948
P3759,shift,1261
P3760,production,51
P3761,shift,1512
P3762,shift,1391
P3763,shift,1426
P3764,shift,0
P3765,shift,1377
P3766,shift,3671
P3767,shift,683
P3768,shift,1440
P3769,temporary,743
P3770,shift,449
P3771,shift,1938
P3772,shift,4335
P3773,shift,1429
P3774,shift,2903
P3775,shift,1440
P3776,shift,2828
P3777,shift,1432
P3778,shift,1398
P3779,shift,888
P3780,shift,2395
P3781,production,59
P3782,shift,1440
P3783,shift,2893
P3784,shift,2178
P3785,production,61
P3786,temporary,4338
P3787,shift,1411
P3788,shift,758
P3789,shift,1399
P3790,shift,1440
P3791,shift,1440
P3792,shift,863
P3793,shift,2836
P3794,shift,1434
P3795,shift,4229
P3796,production,69
P3797,shift,1440
P3798,shift,2256
P3799,shift,1380
P3800,production,70
P3801,shift,2865
P3802,shift,1366
P3803,shift,2639
P3804,production,27
P3805,shift,1425
P3806,shift,2864
P3807,temporary,2234
P3808,temporary,2880
P3809,shift,1455
P3810,shift,1440
P3811,shift,2880
P3812,temporary,1285
P3813,shift,1393
P3814,shift,1440
P3815,shift,1440
P3816,shift,9
P3817,shift,1548
P3818,shift,2919
P3819,shift,1440
P3820,shift,2864
P3821,production,143
P3822,shift,2880
P3823,shift,9
P3824,shift,1423
P3825,shift,1193
P3826,shift,3178
P3827,production,55
P3828,temporary,1411
P3829,shift,480
P3830,shift,1444
P3831,shift,1514
P3832,shift,781
P3833,shift,2681
P3834,shift,2851
P3835,shift,1445
P3836,shift,853
P3837,shift,581
P3838,shift,1402
P3839,shift,1452
P3840,shift,1436
P3841,shift,1388
P3842,production,43
P3843,shift,1450
P3844,production,5
P3845,shift,2887
P3846,emergency,13
P3847,shift,1918
P3848,production,71
P3849,shift,661
P3850,shift,1436
P3851,shift,1398
P3852,shift,2890
P3853,shift,2563
P3854,shift,2824
P3855,production,66
P3856,shift,1395
P3857,shift,2880
P3858,shift,1423
P3859,shift,2360
P3860,shift,1409
P3861,shift,1423
P3862,shift,2874
P3863,shift,1427
P3864,shift,2530
P3865,production,9
P3866,shift,1440
P3867,shift,2784
P3868,shift,2417
P3869,production,3
P3870,shift,2785
P3871,shift,109
P3872,shift,1382
P3873,shift,2880
P3874,shift,3727
P3875,shift,77
P3876,production,45
P3877,shift,1455
P3878,shift,1426
P3879,shift,1440
P3880,shift,3660
P3881,shift,1464
P3882,shift,1344
P3883,shift,1009
P3884,shift,1414
P3885,shift,73
P3886,shift,4327
P3887,shift,2880
P3888,shift,690
P3889,production,60
P3890,shift,1397
P3891,shift,1344
P3892,shift,1440
P3893,emergency,27
P3894,shift,2859
P3895,shift,1423
P3896,shift,1442
P3897,shift,1391
P3898,shift,1440
P3899,shift,2929
P3900,shift,683
P3901,shift,683
P3902,shift,758
P3903,shift,1480
P3904,production,36
P3905,shift,2923
P3906,shift,72
P3907,shift,2880
P3908,shift,2823
P3909,shift,1496
P3910,shift,2875
P3911,shift,8
P3912,shift,2851
P3913,shift,3608
P3914,shift,1434
P3915,shift,1437
P3916,shift,864
P3917,temporary,4220
P3918,shift,2904
P3919,shift,1425
P3920,shift,2880
P3921,shift,1441
P3922,production,52
P3923,shift,780
P3924,shift,1440
P3925,shift,1440
P3926,production,85
P3927,shift,1440
P3928,shift,683
P3929,shift,2799
P3930,shift,49
P3931,shift,4335
P3932,shift,1440
P3933,shift,1505
P3934,shift,4310
P3935,shift,1430
P3936,shift,2868
P3937,shift,920
P3938,shift,15
P3939,shift,853
P3940,shift,856
P3941,temporary,4320
P3942,shift,1441
P3943,shift,1526
P3944,shift,1440
P3945,shift,1302
P3946,shift,1440
P3947,shift,896
P3948,production,54
P3949,shift,1440
P3950,shift,1405
P3951,shift,2883
P3952,production,34
P3953,shift,2880
P3954,shift,2836
P3955,shift,1415
P3956,shift,12
P3957,shift,2880
P3958,shift,1440
P3959,shift,1566
P3960,shift,1528
P3961,shift,1379
P3962,shift,2845
P3963,shift,1449
P3964,shift,39
P3965,shift,1429
P3966,shift,1480
P3967,shift,789
P3968,shift,2854
P3969,shift,2880
P3970,shift,126
P3971,shift,1416
P3972,production,51
P3973,production,80
P3974,shift,1483
P3975,shift,2887
P3976,shift,1889
P3977,production,66
P3978,shift,1416
P3979,shift,2836
P3980,shift,1440
P3981,shift,1549
P3982,shift,2360
P3983,production,41
P3984,shift,2952
P3985,shift,853
P3986,shift,1477
P3987,shift,2255
P3988,shift,2880
P3989,shift,2880
P3990,shift,1443
P3991,shift,1588
P3992,production,73
P3993,production,3
P3994,shift,1440
P3995,shift,1409
P3996,shift,2827
P3997,shift,667
P3998,shift,1440
P3999,shift,1441
P4000,shift,2880
