wall_time,stage1_ub,stage2_optional,stage2_time,global_valid_lb,restricted_lp,gap_percent,elite_pool_size,route_count,column_count
3.793255,29155,157,29155,14125,15197.677631578943,51.552049391185044,3,3116,179
8.094172,29155,157,29155,14125,15197.677631578943,51.552049391185044,3,3116,179
17.140337,29155,157,29155,14125,15197.677631578943,51.552049391185044,3,3116,179
19.824003,29155,157,29155,14125,15197.677631578943,51.552049391185044,3,3116,179
23.65908,29155,157,29155,14125,15197.677631578943,51.552049391185044,3,3116,179
26.181771,29155,157,29155,14125,15197.677631578943,51.552049391185044,3,3116,179
30.525807,29155,157,29155,14125,15197.677631578943,51.552049391185044,3,3116,179
34.136477,29155,157,29155,14125,15197.677631578943,51.552049391185044,3,3116,179
38.500259,29155,157,29155,14125,15197.677631578943,51.552049391185044,3,3116,179
41.040849,29155,157,29155,14125,15197.677631578943,51.552049391185044,3,3116,179
45.30833,29155,157,29155,14125,15197.677631578943,51.552049391185044,3,3116,179
48.497736,29155,157,29155,14125,15197.677631578943,51.552049391185044,3,3116,179
51.250389,29155,157,29155,14125,15197.677631578943,51.552049391185044,3,3116,179
54.374437,29155,157,29155,14125,15197.677631578943,51.552049391185044,3,3116,179
58.905718,29155,157,29155,14125,15197.677631578943,51.552049391185044,3,3116,179
61.952518,29155,157,29155,14125,15197.677631578943,51.552049391185044,3,3116,179
62.589792,29155,157,29155,14125,15197.677631578943,51.552049391185044,3,3116,179
66.260054,29155,157,29155,14125,15197.677631578943,51.552049391185044,3,3116,179
69.743953,29155,157,29155,14125,15197.677631578943,51.552049391185044,3,3116,179
72.817219,29155,157,29155,14125,15197.677631578943,51.552049391185044,3,3116,179
76.358353,29155,157,29155,14125,15197.677631578943,51.552049391185044,3,3116,179
79.055034,29155,157,29155,14125,15197.677631578943,51.552049391185044,3,3116,179
82.693336,29155,157,29155,14125,15197.677631578943,51.552049391185044,3,3116,179
86.96608,29155,157,29155,14125,15197.677631578943,51.552049391185044,3,3116,179
90.170163,29155,157,29155,14125,15197.677631578943,51.552049391185044,3,3116,179
94.437827,29155,157,29155,14125,15197.677631578943,51.552049391185044,3,3116,179
97.537071,29155,157,29155,14125,15197.677631578943,51.552049391185044,3,3116,179
101.886145,29155,157,29155,14125,15197.677631578943,51.552049391185044,3,3116,179
104.488494,29155,157,29155,14125,15197.677631578943,51.552049391185044,3,3116,179
108.730691,29155,157,29155,14125,15197.677631578943,51.552049391185044,3,3116,179
112.988149,29155,157,29155,14125,15197.677631578943,51.552049391185044,3,3116,179
122.51469,29155,157,29155,14125,15197.677631578943,51.552049391185044,3,3116,179
127.916294,29155,157,29155,14125,15197.677631578943,51.552049391185044,3,3116,179
133.220896,29155,157,29155,14125,15197.677631578943,51.552049391185044,3,3116,179
138.58335,29155,157,29155,14125,15197.677631578943,51.552049391185044,3,3116,179
143.514513,29155,157,29155,14125,15197.677631578943,51.552049391185044,3,3116,179
148.032634,29155,157,29155,14125,15197.677631578943,51.552049391185044,3,3116,179
153.383843,29155,157,29155,14125,15197.677631578943,51.552049391185044,3,3116,179
158.834359,29155,157,29155,14125,15197.677631578943,51.552049391185044,3,3116,179
164.119112,29155,157,29155,14125,15197.677631578943,51.552049391185044,3,3116,179
169.424232,29155,157,29155,14125,15197.677631578943,51.552049391185044,3,3116,179
174.588671,29155,157,29155,14125,15197.677631578943,51.552049391185044,3,3116,179
180.077241,29155,157,29155,14125,15197.677631578943,51.552049391185044,3,3116,179
180.587837,29155,157,29155,14125,15197.677631578943,51.552049391185044,3,3116,179
182.600224,29155,157,29155,14125,15197.677631578943,51.552049391185044,3,3116,179
188.063965,29155,157,29155,14125,15197.677631578943,51.552049391185044,3,3116,179
188.526686,29155,157,29155,14125,15197.677631578943,51.552049391185044,3,3116,179
194.161836,29155,157,29155,14125,15197.677631578943,51.552049391185044,3,3116,179
199.522971,29155,157,29155,14125,15197.677631578943,51.552049391185044,3,3116,179
204.839889,29155,157,29155,14125,15197.677631578943,51.552049391185044,3,3116,179
208.999552,29155,157,29155,14125,15197.677631578943,51.552049391185044,3,3116,179
213.771404,29155,157,29155,14125,15197.677631578943,51.552049391185044,3,3116,179
219.125821,29155,157,29155,14125,15197.677631578943,51.552049391185044,3,3116,179
224.416833,29155,157,29155,14125,15197.677631578943,51.552049391185044,3,3116,179
229.639982,29155,157,29155,14125,15197.677631578943,51.552049391185044,3,3116,179
235.016844,29155,157,29155,14125,15197.677631578943,51.552049391185044,3,3116,179
239.649483,29155,157,29155,14125,15197.677631578943,51.552049391185044,3,3116,179
243.176138,29155,157,29155,14125,15197.677631578943,51.552049391185044,3,3116,179
243.78487,29155,157,29155,14125,15197.677631578943,51.552049391185044,3,3116,179
251.291394,29155,157,29155,14125,15197.677631578943,51.552049391185044,3,3116,179
259.047601,29155,157,29155,14125,15197.677631578943,51.552049391185044,3,3116,179
266.337289,29155,157,29155,14125,15197.677631578943,51.552049391185044,3,3116,179
272.484391,29155,157,29155,14125,15197.677631578943,51.552049391185044,3,3116,179
279.703809,29155,157,29155,14125,15197.677631578943,51.552049391185044,3,3116,179
287.013524,29155,157,29155,14125,15197.677631578943,51.552049391185044,3,3116,179
294.356039,29155,157,29155,14125,15197.677631578943,51.552049391185044,3,3116,179
302.159623,29155,157,29155,14125,15197.677631578943,51.552049391185044,3,3116,179
303.403816,29155,157,29155,14125,15197.677631578943,51.552049391185044,3,3116,179
310.929738,29155,157,29155,14125,15197.677631578943,51.552049391185044,3,3116,179
316.981207,29155,157,29155,14125,15197.677631578943,51.552049391185044,3,3116,179
322.960234,29155,157,29155,14125,15197.677631578943,51.552049391185044,3,3116,179
329.039138,29155,157,29155,14125,15197.677631578943,51.552049391185044,3,3116,179
335.027628,29155,157,29155,14125,15197.677631578943,51.552049391185044,3,3116,179
342.29344,29155,157,29155,14125,15197.677631578943,51.552049391185044,3,3116,179
363.502786,29155,157,29155,14125,15197.677631578943,51.552049391185044,3,3116,179
373.623902,29155,157,29155,14125,15197.677631578943,51.552049391185044,3,3116,179
374.074361,29155,157,29155,14125,15197.677631578943,51.552049391185044,3,3116,179
374.588924,29155,157,29155,14125,15197.677631578943,51.552049391185044,3,3116,179
384.532682,29155,157,29155,14125,15197.677631578943,51.552049391185044,3,3116,179
385.039281,29155,157,29155,14125,15197.677631578943,51.552049391185044,3,3116,179
414.292425,29155,157,29155,14125,15197.677631578943,51.552049391185044,3,3116,179
420.744734,29006,157,29006,14125,15197.677631578943,51.303178652692544,4,3116,179
423.851246,29006,157,29006,14125,15197.677631578943,51.303178652692544,4,3116,179
433.968478,29006,157,29006,14125,15197.677631578943,51.303178652692544,4,3116,179
444.673642,29006,157,29006,14125,15197.677631578943,51.303178652692544,4,3116,179
445.132213,29006,157,29006,14125,15197.677631578943,51.303178652692544,4,3116,179
455.065209,29006,157,29006,14125,15197.677631578943,51.303178652692544,4,3116,179
465.136295,29006,157,29006,14125,15197.677631578943,51.303178652692544,4,3116,179
473.958726,29006,157,29006,14125,15197.677631578943,51.303178652692544,4,3116,179
480.414832,29006,157,29006,14125,15197.677631578943,51.303178652692544,4,3116,179
484.142939,29006,157,29006,14125,15197.677631578943,51.303178652692544,4,3116,179
487.92589,29006,157,29006,14125,15197.677631578943,51.303178652692544,4,3116,179
494.289987,29006,157,29006,14125,15197.677631578943,51.303178652692544,4,3116,179
497.726567,29006,157,29006,14125,15197.677631578943,51.303178652692544,4,3116,179
501.575481,29006,157,29006,14125,15197.677631578943,51.303178652692544,4,3116,179
503.694427,29006,157,29006,14125,15197.677631578943,51.303178652692544,4,3116,179
506.296108,29006,157,29006,14125,15197.677631578943,51.303178652692544,4,3116,179
510.056266,29006,157,29006,14125,15197.677631578943,51.303178652692544,4,3116,179
519.051847,28868,157,28868,14125,15197.677631578943,51.070389358459195,5,3116,179
522.703791,28868,157,28868,14125,15197.677631578943,51.070389358459195,5,3116,179
532.074756,28868,157,28868,14125,15197.677631578943,51.070389358459195,5,3116,179
534.760201,28868,157,28868,14125,15197.677631578943,51.070389358459195,5,3116,179
538.41828,28868,157,28868,14125,15197.677631578943,51.070389358459195,5,3116,179
538.948624,28868,157,28868,14125,15197.677631578943,51.070389358459195,5,3116,179
541.061025,28868,157,28868,14125,15197.677631578943,51.070389358459195,5,3116,179
550.422072,28868,157,28868,14125,15197.677631578943,51.070389358459195,5,3116,179
556.985154,28868,157,28868,14125,15197.677631578943,51.070389358459195,5,3116,179
565.9239,28868,157,28868,14125,15197.677631578943,51.070389358459195,5,3116,179
568.451556,28868,157,28868,14125,15197.677631578943,51.070389358459195,5,3116,179
572.424225,28868,157,28868,14125,15197.677631578943,51.070389358459195,5,3116,179
574.645184,28868,157,28868,14125,15197.677631578943,51.070389358459195,5,3116,179
578.443335,28868,157,28868,14125,15197.677631578943,51.070389358459195,5,3116,179
587.954357,28868,157,28868,14125,15197.677631578943,51.070389358459195,5,3116,179
597.366068,28868,157,28868,14125,15197.677631578943,51.070389358459195,5,3116,179
606.714687,28868,157,28868,14125,15197.677631578943,51.070389358459195,5,3116,179
609.280226,28868,157,28868,14125,15197.677631578943,51.070389358459195,5,3116,179
611.220087,28868,157,28868,14125,15197.677631578943,51.070389358459195,5,3116,179
616.661793,28868,157,28868,14125,15197.677631578943,51.070389358459195,5,3116,179
621.761107,28868,157,28868,14125,15197.677631578943,51.070389358459195,5,3116,179
625.879807,28868,157,28868,14125,15197.677631578943,51.070389358459195,5,3116,179
631.2754,28868,157,28868,14125,15197.677631578943,51.070389358459195,5,3116,179
636.588084,28868,157,28868,14125,15197.677631578943,51.070389358459195,5,3116,179
641.926841,28868,157,28868,14125,15197.677631578943,51.070389358459195,5,3116,179
646.249426,28868,157,28868,14125,15197.677631578943,51.070389358459195,5,3116,179
650.904283,28868,157,28868,14125,15197.677631578943,51.070389358459195,5,3116,179
655.066368,28868,157,28868,14125,15197.677631578943,51.070389358459195,5,3116,179
660.43818,28868,157,28868,14125,15197.677631578943,51.070389358459195,5,3116,179
660.920778,28868,157,28868,14125,15197.677631578943,51.070389358459195,5,3116,179
666.363742,28868,157,28868,14125,15197.677631578943,51.070389358459195,5,3116,179
666.882214,28868,157,28868,14125,15197.677631578943,51.070389358459195,5,3116,179
671.58615,28868,157,28868,14125,15197.677631578943,51.070389358459195,5,3116,179
675.777617,28868,157,28868,14125,15197.677631578943,51.070389358459195,5,3116,179
679.866202,28868,157,28868,14125,15197.677631578943,51.070389358459195,5,3116,179
683.997664,28868,157,28868,14125,15197.677631578943,51.070389358459195,5,3116,179
689.357456,28868,157,28868,14125,15197.677631578943,51.070389358459195,5,3116,179
694.66317,28868,157,28868,14125,15197.677631578943,51.070389358459195,5,3116,179
700.01771,28868,157,28868,14125,15197.677631578943,51.070389358459195,5,3116,179
705.347546,28868,157,28868,14125,15197.677631578943,51.070389358459195,5,3116,179
709.770449,28868,157,28868,14125,15197.677631578943,51.070389358459195,5,3116,179
714.398375,28868,157,28868,14125,15197.677631578943,51.070389358459195,5,3116,179
719.463776,28868,157,28868,14125,15197.677631578943,51.070389358459195,5,3116,179
724.819143,28868,157,28868,14125,15197.677631578943,51.070389358459195,5,3116,179
729.119378,28868,157,28868,14125,15197.677631578943,51.070389358459195,5,3116,179
731.972555,28868,157,28868,14125,15197.677631578943,51.070389358459195,5,3116,179
739.832961,28868,157,28868,14125,15197.677631578943,51.070389358459195,5,3116,179
745.882963,28868,157,28868,14125,15197.677631578943,51.070389358459195,5,3116,179
753.33178,28868,157,28868,14125,15197.677631578943,51.070389358459195,5,3116,179
761.130774,28868,157,28868,14125,15197.677631578943,51.070389358459195,5,3116,179
766.822342,28868,157,28868,14125,15197.677631578943,51.070389358459195,5,3116,179
774.422056,28868,157,28868,14125,15197.677631578943,51.070389358459195,5,3116,179
782.31382,28868,157,28868,14125,15197.677631578943,51.070389358459195,5,3116,179
789.814837,28868,157,28868,14125,15197.677631578943,51.070389358459195,5,3116,179
792.40434,28868,157,28868,14125,15197.677631578943,51.070389358459195,5,3116,179
800.056737,28868,157,28868,14125,15197.677631578943,51.070389358459195,5,3116,179
806.257721,28868,157,28868,14125,15197.677631578943,51.070389358459195,5,3116,179
814.13557,28868,157,28868,14125,15197.677631578943,51.070389358459195,5,3116,179
820.395377,28868,157,28868,14125,15197.677631578943,51.070389358459195,5,3116,179
820.868391,28868,157,28868,14125,15197.677631578943,51.070389358459195,5,3116,179
821.390439,28868,157,28868,14125,15197.677631578943,51.070389358459195,5,3116,179
827.616229,28868,157,28868,14125,15197.677631578943,51.070389358459195,5,3116,179
833.70666,28868,157,28868,14125,15197.677631578943,51.070389358459195,5,3116,179
839.887363,28868,157,28868,14125,15197.677631578943,51.070389358459195,5,3116,179
845.505051,28868,157,28868,14125,15197.677631578943,51.070389358459195,5,3116,179
851.30317,28868,157,28868,14125,15197.677631578943,51.070389358459195,5,3116,179
852.507074,28868,157,28868,14125,15197.677631578943,51.070389358459195,5,3116,179
861.998908,28868,157,28868,14125,15197.677631578943,51.070389358459195,5,3116,179
872.963847,28868,157,28868,14125,15197.677631578943,51.070389358459195,5,3116,179
883.843637,28868,157,28868,14125,15197.677631578943,51.070389358459195,5,3116,179
894.871415,28868,157,28868,14125,15197.677631578943,51.070389358459195,5,3116,179
895.336636,28868,157,28868,14125,15197.677631578943,51.070389358459195,5,3116,179
906.180302,28868,157,28868,14125,15197.677631578943,51.070389358459195,5,3116,179
906.649793,28868,157,28868,14125,15197.677631578943,51.070389358459195,5,3116,179
912.620639,28868,157,28868,14125,15197.677631578943,51.070389358459195,5,3116,179
913.247048,28868,157,28868,14125,15197.677631578943,51.070389358459195,5,3116,179
923.485994,28868,157,28868,14125,15197.677631578943,51.070389358459195,5,3116,179
934.392243,28868,157,28868,14125,15197.677631578943,51.070389358459195,5,3116,179
945.156815,28868,157,28868,14125,15197.677631578943,51.070389358459195,5,3116,179
955.94106,28868,157,28868,14125,15197.677631578943,51.070389358459195,5,3116,179
964.908452,28868,157,28868,14125,15197.677631578943,51.070389358459195,5,3116,179
972.723461,28868,157,28868,14125,15197.677631578943,51.070389358459195,5,3116,179
975.997473,28868,157,28868,14125,15197.677631578943,51.070389358459195,5,3116,179
979.709889,28868,157,28868,14125,15197.677631578943,51.070389358459195,5,3116,179
986.113944,28868,157,28868,14125,15197.677631578943,51.070389358459195,5,3116,179
989.138104,28868,157,28868,14125,15197.677631578943,51.070389358459195,5,3116,179
997.422012,28868,157,28868,14125,15197.677631578943,51.070389358459195,5,3116,179
1005.773892,28868,157,28868,14125,15197.677631578943,51.070389358459195,5,3116,179
1008.420378,28868,157,28868,14125,15197.677631578943,51.070389358459195,5,3116,179
1010.63157,28868,157,28868,14125,15197.677631578943,51.070389358459195,5,3116,179
1012.852374,28868,157,28868,14125,15197.677631578943,51.070389358459195,5,3116,179
1020.930123,28868,157,28868,14125,15197.677631578943,51.070389358459195,5,3116,179
1028.989557,28868,157,28868,14125,15197.677631578943,51.070389358459195,5,3116,179
1037.1107,28868,157,28868,14125,15197.677631578943,51.070389358459195,5,3116,179
1040.266942,28868,157,28868,14125,15197.677631578943,51.070389358459195,5,3116,179
1042.800019,28868,157,28868,14125,15197.677631578943,51.070389358459195,5,3116,179
1045.881697,28868,157,28868,14125,15197.677631578943,51.070389358459195,5,3116,179
1052.442251,28868,157,28868,14125,15197.677631578943,51.070389358459195,5,3116,179
1052.957165,28868,157,28868,14125,15197.677631578943,51.070389358459195,5,3116,179
1055.047328,28868,157,28868,14125,15197.677631578943,51.070389358459195,5,3116,179
1058.013094,28868,157,28868,14125,15197.677631578943,51.070389358459195,5,3116,179
1066.129204,28868,157,28868,14125,15197.677631578943,51.070389358459195,5,3116,179
1074.178221,28868,157,28868,14125,15197.677631578943,51.070389358459195,5,3116,179
1077.954776,28868,157,28868,14125,15197.677631578943,51.070389358459195,5,3116,179
1081.744911,28868,157,28868,14125,15197.677631578943,51.070389358459195,5,3116,179
1082.26894,28868,157,28868,14125,15197.677631578943,51.070389358459195,5,3116,179
1085.900831,28868,157,28868,14125,15197.677631578943,51.070389358459195,5,3116,179
1093.95988,28868,157,28868,14125,15197.677631578943,51.070389358459195,5,3116,179
1097.593832,28868,157,28868,14125,15197.677631578943,51.070389358459195,5,3116,179
1103.074452,28868,157,28868,14125,15197.677631578943,51.070389358459195,5,3116,179
1108.599038,28868,157,28868,14125,15197.677631578943,51.070389358459195,5,3116,179
1114.024738,28868,157,28868,14125,15197.677631578943,51.070389358459195,5,3116,179
1119.424644,28868,157,28868,14125,15197.677631578943,51.070389358459195,5,3116,179
1124.743451,28868,157,28868,14125,15197.677631578943,51.070389358459195,5,3116,179
1130.015064,28868,157,28868,14125,15197.677631578943,51.070389358459195,5,3116,179
1135.058006,28868,157,28868,14125,15197.677631578943,51.070389358459195,5,3116,179
1140.480528,28868,157,28868,14125,15197.677631578943,51.070389358459195,5,3116,179
1146.894636,28868,157,28868,14125,15197.677631578943,51.070389358459195,5,3116,179
1152.367743,28868,157,28868,14125,15197.677631578943,51.070389358459195,5,3116,179
1157.803151,28868,157,28868,14125,15197.677631578943,51.070389358459195,5,3116,179
1158.428412,28868,157,28868,14125,15197.677631578943,51.070389358459195,5,3116,179
1163.732225,28868,157,28868,14125,15197.677631578943,51.070389358459195,5,3116,179
1169.125857,28868,157,28868,14125,15197.677631578943,51.070389358459195,5,3116,179
1174.480021,28868,157,28868,14125,15197.677631578943,51.070389358459195,5,3116,179
1179.829878,28868,157,28868,14125,15197.677631578943,51.070389358459195,5,3116,179
1180.341128,28868,157,28868,14125,15197.677631578943,51.070389358459195,5,3116,179
1186.693268,28868,157,28868,14125,15197.677631578943,51.070389358459195,5,3116,179
1191.787847,28868,157,28868,14125,15197.677631578943,51.070389358459195,5,3116,179
1197.434207,28868,157,28868,14125,15197.677631578943,51.070389358459195,5,3116,179
1206.678206,28868,157,28868,14125,15197.677631578943,51.070389358459195,5,3116,179
1211.270032,28868,157,28868,14125,15197.677631578943,51.070389358459195,5,3116,179
1216.509926,28868,157,28868,14125,15197.677631578943,51.070389358459195,5,3116,179
1219.079396,28868,157,28868,14125,15197.677631578943,51.070389358459195,5,3116,179
1227.265405,28868,157,28868,14125,15197.677631578943,51.070389358459195,5,3116,179
1227.823031,28868,157,28868,14125,15197.677631578943,51.070389358459195,5,3116,179
1252.834069,28868,157,28868,14125,15197.677631578943,51.070389358459195,5,3116,179
1259.937581,28868,157,28868,14125,15197.677631578943,51.070389358459195,5,3116,179
1268.477923,28868,157,28868,14125,15197.677631578943,51.070389358459195,5,3116,179
1277.427168,28868,157,28868,14125,15197.677631578943,51.070389358459195,5,3116,179
1280.894353,28868,157,28868,14125,15197.677631578943,51.070389358459195,5,3116,179
1290.258975,28868,157,28868,14125,15197.677631578943,51.070389358459195,5,3116,179
1297.666508,28868,157,28868,14125,15197.677631578943,51.070389358459195,5,3116,179
1304.60081,28868,157,28868,14125,15197.677631578943,51.070389358459195,5,3116,179
1311.465224,28868,157,28868,14125,15197.677631578943,51.070389358459195,5,3116,179
1320.331312,28868,157,28868,14125,15197.677631578943,51.070389358459195,5,3116,179
1325.75086,28868,157,28868,14125,15197.677631578943,51.070389358459195,5,3116,179
1333.002452,28868,157,28868,14125,15197.677631578943,51.070389358459195,5,3116,179
1341.404173,28868,157,28868,14125,15197.677631578943,51.070389358459195,5,3116,179
1357.179581,28868,157,28868,14125,15197.677631578943,51.070389358459195,5,3116,179
1371.773995,28868,157,28868,14125,15197.677631578943,51.070389358459195,5,3116,179
1385.489571,28868,157,28868,14125,15197.677631578943,51.070389358459195,5,3116,179
1397.010503,28868,157,28868,14125,15197.677631578943,51.070389358459195,5,3116,179
1401.701839,28868,157,28868,14125,15197.677631578943,51.070389358459195,5,3116,179
1414.341334,28868,157,28868,14125,15197.677631578943,51.070389358459195,5,3116,179
1414.875047,28868,157,28868,14125,15197.677631578943,51.070389358459195,5,3116,179
1424.777621,28868,157,28868,14125,15197.677631578943,51.070389358459195,5,3116,179
1433.872515,28868,157,28868,14125,15197.677631578943,51.070389358459195,5,3116,179
1434.332274,28868,157,28868,14125,15197.677631578943,51.070389358459195,5,3116,179
1434.849672,28868,157,28868,14125,15197.677631578943,51.070389358459195,5,3116,179
1446.66246,28868,157,28868,14125,15197.677631578943,51.070389358459195,5,3116,179
1458.778104,28868,157,28868,14125,15197.677631578943,51.070389358459195,5,3116,179
1462.840949,28868,157,28868,14125,15197.677631578943,51.070389358459195,5,3116,179
1466.1919,28868,157,28868,14125,15197.677631578943,51.070389358459195,5,3116,179
1469.906992,28868,157,28868,14125,15197.677631578943,51.070389358459195,5,3116,179
1472.880129,28868,157,28868,14125,15197.677631578943,51.070389358459195,5,3116,179
1480.236878,28868,157,28868,14125,15197.677631578943,51.070389358459195,5,3116,179
1488.966663,28868,157,28868,14125,15197.677631578943,51.070389358459195,5,3116,179
1493.481507,28868,157,28868,14125,15197.677631578943,51.070389358459195,5,3116,179
1498.087662,28868,157,28868,14125,15197.677631578943,51.070389358459195,5,3116,179
1506.108654,28868,157,28868,14125,15197.677631578943,51.070389358459195,5,3116,179
1514.337905,28868,157,28868,14125,15197.677631578943,51.070389358459195,5,3116,179
1517.575877,28868,157,28868,14125,15197.677631578943,51.070389358459195,5,3116,179
1521.841799,28868,157,28868,14125,15197.677631578943,51.070389358459195,5,3116,179
1523.22842,28868,157,28868,14125,15197.677631578943,51.070389358459195,5,3116,179
1526.990588,28868,157,28868,14125,15197.677631578943,51.070389358459195,5,3116,179
1534.280528,28868,157,28868,14125,15197.677631578943,51.070389358459195,5,3116,179
1536.754559,28868,157,28868,14125,15197.677631578943,51.070389358459195,5,3116,179
1544.612663,28868,157,28868,14125,15197.677631578943,51.070389358459195,5,3116,179
1552.232287,28868,157,28868,14125,15197.677631578943,51.070389358459195,5,3116,179
1555.103546,28868,157,28868,14125,15197.677631578943,51.070389358459195,5,3116,179
1555.756102,28868,157,28868,14125,15197.677631578943,51.070389358459195,5,3116,179
1556.28638,28868,157,28868,14125,15197.677631578943,51.070389358459195,5,3116,179
1564.142917,28868,157,28868,14125,15197.677631578943,51.070389358459195,5,3116,179
1568.408098,28868,157,28868,14125,15197.677631578943,51.070389358459195,5,3116,179
1572.780406,28868,157,28868,14125,15197.677631578943,51.070389358459195,5,3116,179
1580.746204,28868,157,28868,14125,15197.677631578943,51.070389358459195,5,3116,179
1583.722996,28868,157,28868,14125,15197.677631578943,51.070389358459195,5,3116,179
1590.03762,28868,157,28868,14125,15197.677631578943,51.070389358459195,5,3116,179
1596.147437,28868,157,28868,14125,15197.677631578943,51.070389358459195,5,3116,179
1600.885415,28868,157,28868,14125,15197.677631578943,51.070389358459195,5,3116,179
1606.974112,28868,157,28868,14125,15197.677631578943,51.070389358459195,5,3116,179
1613.039593,28868,157,28868,14125,15197.677631578943,51.070389358459195,5,3116,179
1619.08556,28868,157,28868,14125,15197.677631578943,51.070389358459195,5,3116,179
1623.665277,28868,157,28868,14125,15197.677631578943,51.070389358459195,5,3116,179
1629.737204,28868,157,28868,14125,15197.677631578943,51.070389358459195,5,3116,179
1635.751759,28868,157,28868,14125,15197.677631578943,51.070389358459195,5,3116,179
1641.647179,28868,157,28868,14125,15197.677631578943,51.070389358459195,5,3116,179
1649.30949,28868,157,28868,14125,15197.677631578943,51.070389358459195,5,3116,179
1655.165328,28868,157,28868,14125,15197.677631578943,51.070389358459195,5,3116,179
1660.75554,28868,157,28868,14125,15197.677631578943,51.070389358459195,5,3116,179
1667.459236,28868,157,28868,14125,15197.677631578943,51.070389358459195,5,3116,179
1672.947628,28868,157,28868,14125,15197.677631578943,51.070389358459195,5,3116,179
1677.723418,28868,157,28868,14125,15197.677631578943,51.070389358459195,5,3116,179
1681.852076,28868,157,28868,14125,15197.677631578943,51.070389358459195,5,3116,179
1686.489378,28868,157,28868,14125,15197.677631578943,51.070389358459195,5,3116,179
1692.045168,28868,157,28868,14125,15197.677631578943,51.070389358459195,5,3116,179
1697.176582,28868,157,28868,14125,15197.677631578943,51.070389358459195,5,3116,179
1709.489328,28868,157,28868,14125,15197.677631578943,51.070389358459195,5,3116,179
1715.885089,28868,157,28868,14125,15197.677631578943,51.070389358459195,5,3116,179
1739.323171,28868,157,28868,14125,15197.677631578943,51.070389358459195,5,3116,179
1763.214734,28868,157,28868,14125,15197.677631578943,51.070389358459195,5,3116,179
1769.617383,28868,157,28868,14125,15197.677631578943,51.070389358459195,5,3116,179
1778.869612,28868,157,28868,14125,15197.677631578943,51.070389358459195,5,3116,179
1787.719731,28868,157,28868,14125,15197.677631578943,51.070389358459195,5,3116,179
1795.066403,28868,157,28868,14125,15197.677631578943,51.070389358459195,5,3116,179
1803.636531,28868,157,28868,14125,15197.677631578943,51.070389358459195,5,3116,179
1811.645746,28868,157,28868,14125,15197.677631578943,51.070389358459195,5,3116,179
1822.327748,28868,157,28868,14125,15197.677631578943,51.070389358459195,5,3116,179
1830.41868,28868,157,28868,14125,15197.677631578943,51.070389358459195,5,3116,179
1842.196242,28868,157,28868,14125,15197.677631578943,51.070389358459195,5,3116,179
1847.064448,28868,157,28868,14125,15197.677631578943,51.070389358459195,5,3116,179
1859.246975,28868,157,28868,14125,15197.677631578943,51.070389358459195,5,3116,179
1870.791558,28868,157,28868,14125,15197.677631578943,51.070389358459195,5,3116,179
1871.323158,28868,157,28868,14125,15197.677631578943,51.070389358459195,5,3116,179
1883.295403,28868,157,28868,14125,15197.677631578943,51.070389358459195,5,3116,179
1890.62379,28868,157,28868,14125,15197.677631578943,51.070389358459195,5,3116,179
1902.883601,28868,157,28868,14125,15197.677631578943,51.070389358459195,5,3116,179
1914.240728,28868,157,28868,14125,15197.677631578943,51.070389358459195,5,3116,179
1923.520294,28868,157,28868,14125,15197.677631578943,51.070389358459195,5,3116,179
1923.990953,28868,157,28868,14125,15197.677631578943,51.070389358459195,5,3116,179
1934.72215,28868,157,28868,14125,15197.677631578943,51.070389358459195,5,3116,179
1946.351672,28868,157,28868,14125,15197.677631578943,51.070389358459195,5,3116,179
1946.887323,28868,157,28868,14125,15197.677631578943,51.070389358459195,5,3116,179
1951.951775,28868,157,28868,14125,15197.677631578943,51.070389358459195,5,3116,179
1955.600464,28868,157,28868,14125,15197.677631578943,51.070389358459195,5,3116,179
1961.887857,28868,157,28868,14125,15197.677631578943,51.070389358459195,5,3116,179
1968.236615,28868,157,28868,14125,15197.677631578943,51.070389358459195,5,3116,179
1972.290826,28868,157,28868,14125,15197.677631578943,51.070389358459195,5,3116,179
1978.928099,28868,157,28868,14125,15197.677631578943,51.070389358459195,5,3116,179
1983.249971,28868,157,28868,14125,15197.677631578943,51.070389358459195,5,3116,179
1987.344635,28868,157,28868,14125,15197.677631578943,51.070389358459195,5,3116,179
1991.980065,28868,157,28868,14125,15197.677631578943,51.070389358459195,5,3116,179
1998.565447,28868,157,28868,14125,15197.677631578943,51.070389358459195,5,3116,179
2002.744253,28868,157,28868,14125,15197.677631578943,51.070389358459195,5,3116,179
2006.378508,28868,157,28868,14125,15197.677631578943,51.070389358459195,5,3116,179
2009.805901,28868,157,28868,14125,15197.677631578943,51.070389358459195,5,3116,179
2012.23405,28868,157,28868,14125,15197.677631578943,51.070389358459195,5,3116,179
2018.98033,28868,157,28868,14125,15197.677631578943,51.070389358459195,5,3116,179
2023.052899,28868,157,28868,14125,15197.677631578943,51.070389358459195,5,3116,179
2027.444936,28868,157,28868,14125,15197.677631578943,51.070389358459195,5,3116,179
2031.70954,28868,157,28868,14125,15197.677631578943,51.070389358459195,5,3116,179
2038.434456,28868,157,28868,14125,15197.677631578943,51.070389358459195,5,3116,179
2038.998894,28868,157,28868,14125,15197.677631578943,51.070389358459195,5,3116,179
2042.391148,28868,157,28868,14125,15197.677631578943,51.070389358459195,5,3116,179
2046.623911,28868,157,28868,14125,15197.677631578943,51.070389358459195,5,3116,179
2053.03404,28868,157,28868,14125,15197.677631578943,51.070389358459195,5,3116,179
2059.54482,28868,157,28868,14125,15197.677631578943,51.070389358459195,5,3116,179
2063.056569,28868,157,28868,14125,15197.677631578943,51.070389358459195,5,3116,179
2066.098655,28868,157,28868,14125,15197.677631578943,51.070389358459195,5,3116,179
2072.494794,28868,157,28868,14125,15197.677631578943,51.070389358459195,5,3116,179
2078.73684,28868,157,28868,14125,15197.677631578943,51.070389358459195,5,3116,179
2079.278791,28868,157,28868,14125,15197.677631578943,51.070389358459195,5,3116,179
2085.323762,28868,157,28868,14125,15197.677631578943,51.070389358459195,5,3116,179
2091.469984,28868,157,28868,14125,15197.677631578943,51.070389358459195,5,3116,179
2097.483365,28868,157,28868,14125,15197.677631578943,51.070389358459195,5,3116,179
2104.845162,28868,157,28868,14125,15197.677631578943,51.070389358459195,5,3116,179
2111.013086,28868,157,28868,14125,15197.677631578943,51.070389358459195,5,3116,179
2117.12178,28868,157,28868,14125,15197.677631578943,51.070389358459195,5,3116,179
2121.610104,28868,157,28868,14125,15197.677631578943,51.070389358459195,5,3116,179
2126.68099,28868,157,28868,14125,15197.677631578943,51.070389358459195,5,3116,179
2134.435913,28868,157,28868,14125,15197.677631578943,51.070389358459195,5,3116,179
2135.171078,28868,157,28868,14125,15197.677631578943,51.070389358459195,5,3116,179
2140.436085,28868,157,28868,14125,15197.677631578943,51.070389358459195,5,3116,179
2145.500065,28868,157,28868,14125,15197.677631578943,51.070389358459195,5,3116,179
2146.145658,28868,157,28868,14125,15197.677631578943,51.070389358459195,5,3116,179
2150.6276,28868,157,28868,14125,15197.677631578943,51.070389358459195,5,3116,179
2156.437594,28868,157,28868,14125,15197.677631578943,51.070389358459195,5,3116,179
2161.983836,28868,157,28868,14125,15197.677631578943,51.070389358459195,5,3116,179
2167.582149,28868,157,28868,14125,15197.677631578943,51.070389358459195,5,3116,179
2173.054978,28868,157,28868,14125,15197.677631578943,51.070389358459195,5,3116,179
2177.15971,28868,157,28868,14125,15197.677631578943,51.070389358459195,5,3116,179
2182.416797,28868,157,28868,14125,15197.677631578943,51.070389358459195,5,3116,179
2187.812585,28868,157,28868,14125,15197.677631578943,51.070389358459195,5,3116,179
2192.139841,28868,157,28868,14125,15197.677631578943,51.070389358459195,5,3116,179
2194.665965,28868,157,28868,14125,15197.677631578943,51.070389358459195,5,3116,179
2203.830352,28868,157,28868,14125,15197.677631578943,51.070389358459195,5,3116,179
2204.480718,28868,157,28868,14125,15197.677631578943,51.070389358459195,5,3116,179
2211.112498,28868,157,28868,14125,15197.677631578943,51.070389358459195,5,3116,179
2218.240278,28868,157,28868,14125,15197.677631578943,51.070389358459195,5,3116,179
2224.97103,28868,157,28868,14125,15197.677631578943,51.070389358459195,5,3116,179
2232.232185,28868,157,28868,14125,15197.677631578943,51.070389358459195,5,3116,179
2240.791121,28868,157,28868,14125,15197.677631578943,51.070389358459195,5,3116,179
2247.857663,28868,157,28868,14125,15197.677631578943,51.070389358459195,5,3116,179
2254.73765,28868,157,28868,14125,15197.677631578943,51.070389358459195,5,3116,179
2279.729167,28868,157,28868,14125,15197.677631578943,51.070389358459195,5,3116,179
2286.893572,28868,157,28868,14125,15197.677631578943,51.070389358459195,5,3116,179
2295.258927,28868,157,28868,14125,15197.677631578943,51.070389358459195,5,3116,179
2303.137105,28868,157,28868,14125,15197.677631578943,51.070389358459195,5,3116,179
2303.741311,28868,157,28868,14125,15197.677631578943,51.070389358459195,5,3116,179
2313.4391,28868,157,28868,14125,15197.677631578943,51.070389358459195,5,3116,179
2316.785003,28868,157,28868,14125,15197.677631578943,51.070389358459195,5,3116,179
2328.73008,28868,157,28868,14125,15197.677631578943,51.070389358459195,5,3116,179
2341.354776,28868,157,28868,14125,15197.677631578943,51.070389358459195,5,3116,179
2353.79919,28868,157,28868,14125,15197.677631578943,51.070389358459195,5,3116,179
2360.933297,28868,157,28868,14125,15197.677631578943,51.070389358459195,5,3116,179
2361.515567,28868,157,28868,14125,15197.677631578943,51.070389358459195,5,3116,179
2371.722918,28868,157,28868,14125,15197.677631578943,51.070389358459195,5,3116,179
2382.193028,28868,157,28868,14125,15197.677631578943,51.070389358459195,5,3116,179
2382.925735,28868,157,28868,14125,15197.677631578943,51.070389358459195,5,3116,179
2383.458411,28868,157,28868,14125,15197.677631578943,51.070389358459195,5,3116,179
2390.824029,28868,157,28868,14125,15197.677631578943,51.070389358459195,5,3116,179
2391.432871,28868,157,28868,14125,15197.677631578943,51.070389358459195,5,3116,179
2391.961415,28868,157,28868,14125,15197.677631578943,51.070389358459195,5,3116,179
2403.848873,28868,157,28868,14125,15197.677631578943,51.070389358459195,5,3116,179
2413.410827,28868,157,28868,14125,15197.677631578943,51.070389358459195,5,3116,179
2424.590861,28868,157,28868,14125,15197.677631578943,51.070389358459195,5,3116,179
2434.475083,28868,157,28868,14125,15197.677631578943,51.070389358459195,5,3116,179
2442.636777,28868,157,28868,14125,15197.677631578943,51.070389358459195,5,3116,179
2454.046065,28868,157,28868,14125,15197.677631578943,51.070389358459195,5,3116,179
2466.293067,28868,157,28868,14125,15197.677631578943,51.070389358459195,5,3116,179
2478.033829,28868,157,28868,14125,15197.677631578943,51.070389358459195,5,3116,179
2489.354501,28868,157,28868,14125,15197.677631578943,51.070389358459195,5,3116,179
2500.597138,28868,157,28868,14125,15197.677631578943,51.070389358459195,5,3116,179
2510.809168,28868,157,28868,14125,15197.677631578943,51.070389358459195,5,3116,179
2511.371081,28868,157,28868,14125,15197.677631578943,51.070389358459195,5,3116,179
2511.908973,28868,157,28868,14125,15197.677631578943,51.070389358459195,5,3116,179
2521.877721,28868,157,28868,14125,15197.677631578943,51.070389358459195,5,3116,179
2533.863569,28868,157,28868,14125,15197.677631578943,51.070389358459195,5,3116,179
2534.400492,28868,157,28868,14125,15197.677631578943,51.070389358459195,5,3116,179
2546.479621,28868,157,28868,14125,15197.677631578943,51.070389358459195,5,3116,179
2558.019354,28868,157,28868,14125,15197.677631578943,51.070389358459195,5,3116,179
2568.291516,28868,157,28868,14125,15197.677631578943,51.070389358459195,5,3116,179
2579.156698,28868,157,28868,14125,15197.677631578943,51.070389358459195,5,3116,179
2591.233178,28868,157,28868,14125,15197.677631578943,51.070389358459195,5,3116,179
2602.088105,28868,157,28868,14125,15197.677631578943,51.070389358459195,5,3116,179
2614.393869,28868,157,28868,14125,15197.677631578943,51.070389358459195,5,3116,179
2626.612376,28868,157,28868,14125,15197.677631578943,51.070389358459195,5,3116,179
2637.251904,28868,157,28868,14125,15197.677631578943,51.070389358459195,5,3116,179
2649.682078,28868,157,28868,14125,15197.677631578943,51.070389358459195,5,3116,179
2659.280684,28868,157,28868,14125,15197.677631578943,51.070389358459195,5,3116,179
2659.780081,28868,157,28868,14125,15197.677631578943,51.070389358459195,5,3116,179
2671.098152,28868,157,28868,14125,15197.677631578943,51.070389358459195,5,3116,179
2682.156136,28868,157,28868,14125,15197.677631578943,51.070389358459195,5,3116,179
2692.813927,28868,157,28868,14125,15197.677631578943,51.070389358459195,5,3116,179
2705.114297,28868,157,28868,14125,15197.677631578943,51.070389358459195,5,3116,179
2716.386962,28868,157,28868,14125,15197.677631578943,51.070389358459195,5,3116,179
2727.27233,28868,157,28868,14125,15197.677631578943,51.070389358459195,5,3116,179
2739.721379,28868,157,28868,14125,15197.677631578943,51.070389358459195,5,3116,179
2750.882683,28868,157,28868,14125,15197.677631578943,51.070389358459195,5,3116,179
2761.285577,28868,157,28868,14125,15197.677631578943,51.070389358459195,5,3116,179
2773.45932,28868,157,28868,14125,15197.677631578943,51.070389358459195,5,3116,179
2784.678186,28868,157,28868,14125,15197.677631578943,51.070389358459195,5,3116,179
2797.429949,28868,157,28868,14125,15197.677631578943,51.070389358459195,5,3116,179
2809.859017,28868,157,28868,14125,15197.677631578943,51.070389358459195,5,3116,179
2820.329985,28868,157,28868,14125,15197.677631578943,51.070389358459195,5,3116,179
2820.877451,28868,157,28868,14125,15197.677631578943,51.070389358459195,5,3116,179
2833.463981,28868,157,28868,14125,15197.677631578943,51.070389358459195,5,3116,179
2845.709716,28868,157,28868,14125,15197.677631578943,51.070389358459195,5,3116,179
2858.003747,28868,157,28868,14125,15197.677631578943,51.070389358459195,5,3116,179
2868.92484,28868,157,28868,14125,15197.677631578943,51.070389358459195,5,3116,179
2879.641228,28868,157,28868,14125,15197.677631578943,51.070389358459195,5,3116,179
2890.147531,28868,157,28868,14125,15197.677631578943,51.070389358459195,5,3116,179
2902.812324,28868,157,28868,14125,15197.677631578943,51.070389358459195,5,3116,179
2914.705008,28868,157,28868,14125,15197.677631578943,51.070389358459195,5,3116,179
2925.588888,28868,157,28868,14125,15197.677631578943,51.070389358459195,5,3116,179
2935.84262,28868,157,28868,14125,15197.677631578943,51.070389358459195,5,3116,179
2947.081846,28868,157,28868,14125,15197.677631578943,51.070389358459195,5,3116,179
2959.200401,28868,157,28868,14125,15197.677631578943,51.070389358459195,5,3116,179
2994.474296,28868,157,28868,14125,15197.677631578943,51.070389358459195,5,3116,179
3030.041916,28868,157,28868,14125,15197.677631578943,51.070389358459195,5,3116,179
3040.593672,28868,157,28868,14125,15197.677631578943,51.070389358459195,5,3116,179
3076.521181,28868,157,28868,14125,15197.677631578943,51.070389358459195,5,3116,179
3114.680819,28868,157,28868,14125,15197.677631578943,51.070389358459195,5,3116,179
3125.266273,28868,157,28868,14125,15197.677631578943,51.070389358459195,5,3116,179
3162.478408,28868,157,28868,14125,15197.677631578943,51.070389358459195,5,3116,179
3198.045333,28868,157,28868,14125,15197.677631578943,51.070389358459195,5,3116,179
3231.520476,28868,157,28868,14125,15197.677631578943,51.070389358459195,5,3116,179
3241.838519,28868,157,28868,14125,15197.677631578943,51.070389358459195,5,3116,179
3279.910468,28868,157,28868,14125,15197.677631578943,51.070389358459195,5,3116,179
3315.035417,28868,157,28868,14125,15197.677631578943,51.070389358459195,5,3116,179
3315.558202,28868,157,28868,14125,15197.677631578943,51.070389358459195,5,3116,179
3342.76069,28868,157,28868,14125,15197.677631578943,51.070389358459195,5,3116,179
3353.698779,28868,157,28868,14125,15197.677631578943,51.070389358459195,5,3116,179
3358.071881,28868,157,28868,14125,15197.677631578943,51.070389358459195,5,3116,179
3368.745923,28868,157,28868,14125,15197.677631578943,51.070389358459195,5,3116,179
3373.042627,28868,157,28868,14125,15197.677631578943,51.070389358459195,5,3116,179
3384.038792,28868,157,28868,14125,15197.677631578943,51.070389358459195,5,3116,179
3388.363787,28868,157,28868,14125,15197.677631578943,51.070389358459195,5,3116,179
3391.258082,28868,157,28868,14125,15197.677631578943,51.070389358459195,5,3116,179
3391.856108,28868,157,28868,14125,15197.677631578943,51.070389358459195,5,3116,179
3392.387712,28868,157,28868,14125,15197.677631578943,51.070389358459195,5,3116,179
3396.451948,28868,157,28868,14125,15197.677631578943,51.070389358459195,5,3116,179
3406.523354,28868,157,28868,14125,15197.677631578943,51.070389358459195,5,3116,179
3410.52724,28868,157,28868,14125,15197.677631578943,51.070389358459195,5,3116,179
3413.163501,28868,157,28868,14125,15197.677631578943,51.070389358459195,5,3116,179
3422.951789,28868,157,28868,14125,15197.677631578943,51.070389358459195,5,3116,179
3432.635363,28868,157,28868,14125,15197.677631578943,51.070389358459195,5,3116,179
3436.557668,28868,157,28868,14125,15197.677631578943,51.070389358459195,5,3116,179
3439.368431,28868,157,28868,14125,15197.677631578943,51.070389358459195,5,3116,179
3443.307245,28868,157,28868,14125,15197.677631578943,51.070389358459195,5,3116,179
3443.918372,28868,157,28868,14125,15197.677631578943,51.070389358459195,5,3116,179
3447.643335,28868,157,28868,14125,15197.677631578943,51.070389358459195,5,3116,179
3451.651927,28868,157,28868,14125,15197.677631578943,51.070389358459195,5,3116,179
3455.433234,28868,157,28868,14125,15197.677631578943,51.070389358459195,5,3116,179
3455.940978,28868,157,28868,14125,15197.677631578943,51.070389358459195,5,3116,179
3456.442524,28868,157,28868,14125,15197.677631578943,51.070389358459195,5,3116,179
3465.775091,28868,157,28868,14125,15197.677631578943,51.070389358459195,5,3116,179
3475.51817,28868,157,28868,14125,15197.677631578943,51.070389358459195,5,3116,179
3478.578792,28868,157,28868,14125,15197.677631578943,51.070389358459195,5,3116,179
3489.209564,28868,157,28868,14125,15197.677631578943,51.070389358459195,5,3116,179
3493.290391,28868,157,28868,14125,15197.677631578943,51.070389358459195,5,3116,179
3495.697866,28868,157,28868,14125,15197.677631578943,51.070389358459195,5,3116,179
3496.291693,28868,157,28868,14125,15197.677631578943,51.070389358459195,5,3116,179
3498.668506,28868,157,28868,14125,15197.677631578943,51.070389358459195,5,3116,179
3502.647107,28868,157,28868,14125,15197.677631578943,51.070389358459195,5,3116,179
3507.051578,28868,157,28868,14125,15197.677631578943,51.070389358459195,5,3116,179
3517.827891,28868,157,28868,14125,15197.677631578943,51.070389358459195,5,3116,179
3520.285537,28868,157,28868,14125,15197.677631578943,51.070389358459195,5,3116,179
3524.414735,28868,157,28868,14125,15197.677631578943,51.070389358459195,5,3116,179
3527.421049,28868,157,28868,14125,15197.677631578943,51.070389358459195,5,3116,179
3529.84483,28868,157,28868,14125,15197.677631578943,51.070389358459195,5,3116,179
3534.373459,28868,157,28868,14125,15197.677631578943,51.070389358459195,5,3116,179
3537.381447,28868,157,28868,14125,15197.677631578943,51.070389358459195,5,3116,179
3548.402094,28868,157,28868,14125,15197.677631578943,51.070389358459195,5,3116,179
3558.725814,28868,157,28868,14125,15197.677631578943,51.070389358459195,5,3116,179
3562.665096,28868,157,28868,14125,15197.677631578943,51.070389358459195,5,3116,179
3566.831178,28868,157,28868,14125,15197.677631578943,51.070389358459195,5,3116,179
3570.080238,28868,157,28868,14125,15197.677631578943,51.070389358459195,5,3116,179
3573.12651,28868,157,28868,14125,15197.677631578943,51.070389358459195,5,3116,179
3576.173417,28868,157,28868,14125,15197.677631578943,51.070389358459195,5,3116,179
3586.591748,28868,157,28868,14125,15197.677631578943,51.070389358459195,5,3116,179
3589.039311,28868,157,28868,14125,15197.677631578943,51.070389358459195,5,3116,179
3599.925169,28868,157,28868,14125,15197.677631578943,51.070389358459195,5,3116,179
3610.986521,28868,157,28868,14125,15197.677631578943,51.070389358459195,5,3116,179
3611.585816,28868,157,28868,14125,15197.677631578943,51.070389358459195,5,3116,179
3623.93754,28868,157,28868,14125,15197.677631578943,51.070389358459195,5,3116,179
3624.571647,28868,157,28868,14125,15197.677631578943,51.070389358459195,5,3116,179
3634.687688,28868,157,28868,14125,15197.677631578943,51.070389358459195,5,3116,179
3644.93368,28868,157,28868,14125,15197.677631578943,51.070389358459195,5,3116,179
3656.86755,28868,157,28868,14125,15197.677631578943,51.070389358459195,5,3116,179
3668.879864,28868,157,28868,14125,15197.677631578943,51.070389358459195,5,3116,179
3680.271335,28868,157,28868,14125,15197.677631578943,51.070389358459195,5,3116,179
3680.887464,28868,157,28868,14125,15197.677631578943,51.070389358459195,5,3116,179
3690.678319,28868,157,28868,14125,15197.677631578943,51.070389358459195,5,3116,179
3702.055565,28868,157,28868,14125,15197.677631578943,51.070389358459195,5,3116,179
3711.859086,28868,157,28868,14125,15197.677631578943,51.070389358459195,5,3116,179
3721.376455,28868,157,28868,14125,15197.677631578943,51.070389358459195,5,3116,179
3730.685187,28868,157,28868,14125,15197.677631578943,51.070389358459195,5,3116,179
3731.179928,28868,157,28868,14125,15197.677631578943,51.070389358459195,5,3116,179
3741.12552,28868,157,28868,14125,15197.677631578943,51.070389358459195,5,3116,179
3751.477323,28868,157,28868,14125,15197.677631578943,51.070389358459195,5,3116,179
3761.973656,28868,157,28868,14125,15197.677631578943,51.070389358459195,5,3116,179
3773.057043,28868,157,28868,14125,15197.677631578943,51.070389358459195,5,3116,179
3783.613715,28868,157,28868,14125,15197.677631578943,51.070389358459195,5,3116,179
3793.999898,28868,157,28868,14125,15197.677631578943,51.070389358459195,5,3116,179
3806.383602,28868,157,28868,14125,15197.677631578943,51.070389358459195,5,3116,179
3819.082722,28868,157,28868,14125,15197.677631578943,51.070389358459195,5,3116,179
3830.603923,28868,157,28868,14125,15197.677631578943,51.070389358459195,5,3116,179
3843.268379,28868,157,28868,14125,15197.677631578943,51.070389358459195,5,3116,179
3853.818176,28868,157,28868,14125,15197.677631578943,51.070389358459195,5,3116,179
3865.33992,28868,157,28868,14125,15197.677631578943,51.070389358459195,5,3116,179
3878.767292,28868,157,28868,14125,15197.677631578943,51.070389358459195,5,3116,179
3890.93535,28868,157,28868,14125,15197.677631578943,51.070389358459195,5,3116,179
3903.455384,28868,157,28868,14125,15197.677631578943,51.070389358459195,5,3116,179
3914.971082,28868,157,28868,14125,15197.677631578943,51.070389358459195,5,3116,179
3925.566337,28868,157,28868,14125,15197.677631578943,51.070389358459195,5,3116,179
3935.885895,28868,157,28868,14125,15197.677631578943,51.070389358459195,5,3116,179
3948.592841,28868,157,28868,14125,15197.677631578943,51.070389358459195,5,3116,179
3958.944437,28868,157,28868,14125,15197.677631578943,51.070389358459195,5,3116,179
3971.189086,28868,157,28868,14125,15197.677631578943,51.070389358459195,5,3116,179
3983.436667,28868,157,28868,14125,15197.677631578943,51.070389358459195,5,3116,179
3994.624045,28868,157,28868,14125,15197.677631578943,51.070389358459195,5,3116,179
4006.935873,28868,157,28868,14125,15197.677631578943,51.070389358459195,5,3116,179
4019.660975,28868,157,28868,14125,15197.677631578943,51.070389358459195,5,3116,179
4031.397597,28868,157,28868,14125,15197.677631578943,51.070389358459195,5,3116,179
4042.682329,28868,157,28868,14125,15197.677631578943,51.070389358459195,5,3116,179
4053.670812,28868,157,28868,14125,15197.677631578943,51.070389358459195,5,3116,179
4065.940993,28868,157,28868,14125,15197.677631578943,51.070389358459195,5,3116,179
4076.563049,28868,157,28868,14125,15197.677631578943,51.070389358459195,5,3116,179
4077.141696,28868,157,28868,14125,15197.677631578943,51.070389358459195,5,3116,179
4089.325205,28868,157,28868,14125,15197.677631578943,51.070389358459195,5,3116,179
4101.365927,28868,157,28868,14125,15197.677631578943,51.070389358459195,5,3116,179
4105.168809,28868,157,28868,14125,15197.677631578943,51.070389358459195,6,3116,179
4109.383408,28868,157,28868,14125,15197.677631578943,51.070389358459195,6,3116,179
4113.041942,28868,157,28868,14125,15197.677631578943,51.070389358459195,6,3116,179
4117.024958,28868,157,28868,14125,15197.677631578943,51.070389358459195,6,3116,179
4120.68473,28868,157,28868,14125,15197.677631578943,51.070389358459195,6,3116,179
4121.335269,28868,157,28868,14125,15197.677631578943,51.070389358459195,7,3116,179
4125.469706,28868,157,28868,14125,15197.677631578943,51.070389358459195,7,3116,179
4127.928619,28868,157,28868,14125,15197.677631578943,51.070389358459195,7,3116,179
4132.069424,28868,157,28868,14125,15197.677631578943,51.070389358459195,7,3116,179
4136.533064,28868,157,28868,14125,15197.677631578943,51.070389358459195,8,3116,179
4140.036383,28868,157,28868,14125,15197.677631578943,51.070389358459195,8,3116,179
4144.765746,28868,157,28868,14125,15197.677631578943,51.070389358459195,8,3116,179
4151.517682,28868,157,28868,14125,15197.677631578943,51.070389358459195,9,3116,179
4152.072151,28868,157,28868,14125,15197.677631578943,51.070389358459195,9,3116,179
4152.655525,28868,157,28868,14125,15197.677631578943,51.070389358459195,9,3116,179
4163.194533,28868,157,28868,14125,15197.677631578943,51.070389358459195,9,3116,179
4167.508093,28868,157,28868,14125,15197.677631578943,51.070389358459195,9,3116,179
4168.146965,28868,157,28868,14125,15197.677631578943,51.070389358459195,9,3116,179
4171.132265,28868,157,28868,14125,15197.677631578943,51.070389358459195,9,3116,179
4177.065413,28868,157,28868,14125,15197.677631578943,51.070389358459195,10,3116,179
4187.211001,28868,157,28868,14125,15197.677631578943,51.070389358459195,11,3116,179
4189.706925,28868,157,28868,14125,15197.677631578943,51.070389358459195,11,3116,179
4194.151735,28868,157,28868,14125,15197.677631578943,51.070389358459195,11,3116,179
4195.122244,28868,157,28868,14125,15197.677631578943,51.070389358459195,11,3116,179
4198.115775,28868,157,28868,14125,15197.677631578943,51.070389358459195,11,3116,179
4208.788178,28868,157,28868,14125,15197.677631578943,51.070389358459195,11,3116,179
4219.430693,28868,157,28868,14125,15197.677631578943,51.070389358459195,11,3116,179
4229.574915,28868,157,28868,14125,15197.677631578943,51.070389358459195,11,3116,179
4232.439637,28868,157,28868,14125,15197.677631578943,51.070389358459195,11,3116,179
4236.090062,28868,157,28868,14125,15197.677631578943,51.070389358459195,11,3116,179
4238.693279,28868,157,28868,14125,15197.677631578943,51.070389358459195,11,3116,179
4248.863981,28868,157,28868,14125,15197.677631578943,51.070389358459195,11,3116,179
4254.023893,28868,157,28868,14125,15197.677631578943,51.070389358459195,11,3116,179
4263.518222,28868,157,28868,14125,15197.677631578943,51.070389358459195,11,3116,179
4263.994978,28868,157,28868,14125,15197.677631578943,51.070389358459195,11,3116,179
4267.669542,28868,157,28868,14125,15197.677631578943,51.070389358459195,11,3116,179
4273.477161,28868,157,28868,14125,15197.677631578943,51.070389358459195,11,3116,179
4279.145477,28868,157,28868,14125,15197.677631578943,51.070389358459195,11,3116,179
4285.297133,28868,157,28868,14125,15197.677631578943,51.070389358459195,11,3116,179
4290.685765,28868,157,28868,14125,15197.677631578943,51.070389358459195,11,3116,179
4301.185478,28868,157,28868,14125,15197.677631578943,51.070389358459195,11,3116,179
4301.817142,28868,157,28868,14125,15197.677631578943,51.070389358459195,11,3116,179
4306.796908,28868,157,28868,14125,15197.677631578943,51.070389358459195,11,3116,179
4312.037595,28868,157,28868,14125,15197.677631578943,51.070389358459195,11,3116,179
4318.631301,28868,157,28868,14125,15197.677631578943,51.070389358459195,11,3116,179
4324.3009,28868,157,28868,14125,15197.677631578943,51.070389358459195,11,3116,179
4334.83112,28868,157,28868,14125,15197.677631578943,51.070389358459195,11,3116,179
4340.685062,28868,157,28868,14125,15197.677631578943,51.070389358459195,11,3116,179
4346.62828,28868,157,28868,14125,15197.677631578943,51.070389358459195,11,3116,179
4352.884616,28868,157,28868,14125,15197.677631578943,51.070389358459195,11,3116,179
4363.758497,28868,157,28868,14125,15197.677631578943,51.070389358459195,11,3116,179
4369.063752,28868,157,28868,14125,15197.677631578943,51.070389358459195,11,3116,179
4375.941222,28868,157,28868,14125,15197.677631578943,51.070389358459195,11,3116,179
4380.444654,28868,157,28868,14125,15197.677631578943,51.070389358459195,11,3116,179
4390.835307,28868,157,28868,14125,15197.677631578943,51.070389358459195,11,3116,179
4395.876973,28868,157,28868,14125,15197.677631578943,51.070389358459195,11,3116,179
4401.123249,28868,157,28868,14125,15197.677631578943,51.070389358459195,11,3116,179
4406.3704,28868,157,28868,14125,15197.677631578943,51.070389358459195,11,3116,179
4411.722772,28868,157,28868,14125,15197.677631578943,51.070389358459195,11,3116,179
4417.920211,28868,157,28868,14125,15197.677631578943,51.070389358459195,11,3116,179
4428.81476,28868,157,28868,14125,15197.677631578943,51.070389358459195,11,3116,179
4434.581196,28868,157,28868,14125,15197.677631578943,51.070389358459195,11,3116,179
4440.671117,28868,157,28868,14125,15197.677631578943,51.070389358459195,11,3116,179
4456.686614,28868,157,28868,14125,15197.677631578943,51.070389358459195,11,3116,179
4462.853577,28868,157,28868,14125,15197.677631578943,51.070389358459195,11,3116,179
4468.510704,28868,157,28868,14125,15197.677631578943,51.070389358459195,11,3116,179
4474.684173,28868,157,28868,14125,15197.677631578943,51.070389358459195,11,3116,179
4485.080148,28868,157,28868,14125,15197.677631578943,51.070389358459195,11,3116,179
4485.658405,28868,157,28868,14125,15197.677631578943,51.070389358459195,11,3116,179
4490.780934,28868,157,28868,14125,15197.677631578943,51.070389358459195,11,3116,179
4496.404455,28868,157,28868,14125,15197.677631578943,51.070389358459195,11,3116,179
4502.061896,28868,157,28868,14125,15197.677631578943,51.070389358459195,11,3116,179
4506.2672,28868,157,28868,14125,15197.677631578943,51.070389358459195,11,3116,179
4511.086387,28868,157,28868,14125,15197.677631578943,51.070389358459195,11,3116,179
4516.840029,28868,157,28868,14125,15197.677631578943,51.070389358459195,11,3116,179
4517.353743,28868,157,28868,14125,15197.677631578943,51.070389358459195,11,3116,179
4517.865328,28868,157,28868,14125,15197.677631578943,51.070389358459195,11,3116,179
4518.475524,28868,157,28868,14125,15197.677631578943,51.070389358459195,11,3116,179
4532.862591,28868,157,28868,14125,15197.677631578943,51.070389358459195,11,3116,179
4538.266479,28868,157,28868,14125,15197.677631578943,51.070389358459195,11,3116,179
4543.711679,28868,157,28868,14125,15197.677631578943,51.070389358459195,11,3116,179
4549.733267,28868,157,28868,14125,15197.677631578943,51.070389358459195,11,3116,179
4567.557495,28868,157,28868,14125,15197.677631578943,51.070389358459195,11,3116,179
4583.537871,28868,157,28868,14125,15197.677631578943,51.070389358459195,11,3116,179
4601.64895,28868,157,28868,14125,15197.677631578943,51.070389358459195,11,3116,179
4617.244344,28868,157,28868,14125,15197.677631578943,51.070389358459195,11,3116,179
4634.355101,28868,157,28868,14125,15197.677631578943,51.070389358459195,11,3116,179
4650.728239,28868,157,28868,14125,15197.677631578943,51.070389358459195,11,3116,179
4660.611071,28868,157,28868,14125,15197.677631578943,51.070389358459195,11,3116,179
4677.19144,28868,157,28868,14125,15197.677631578943,51.070389358459195,11,3116,179
4694.076576,28868,157,28868,14125,15197.677631578943,51.070389358459195,11,3116,179
4711.122024,28868,157,28868,14125,15197.677631578943,51.070389358459195,11,3116,179
4727.943843,28868,157,28868,14125,15197.677631578943,51.070389358459195,11,3116,179
4744.385007,28868,157,28868,14125,15197.677631578943,51.070389358459195,11,3116,179
4758.919838,28868,157,28868,14125,15197.677631578943,51.070389358459195,11,3116,179
4773.135249,28868,157,28868,14125,15197.677631578943,51.070389358459195,11,3116,179
4789.43768,28868,157,28868,14125,15197.677631578943,51.070389358459195,11,3116,179
4789.915003,28868,157,28868,14125,15197.677631578943,51.070389358459195,11,3116,179
4806.187886,28868,157,28868,14125,15197.677631578943,51.070389358459195,11,3116,179
4822.652918,28868,157,28868,14125,15197.677631578943,51.070389358459195,11,3116,179
4839.766045,28868,157,28868,14125,15197.677631578943,51.070389358459195,11,3116,179
4856.816509,28868,157,28868,14125,15197.677631578943,51.070389358459195,11,3116,179
4872.636265,28868,157,28868,14125,15197.677631578943,51.070389358459195,11,3116,179
4890.132473,28868,157,28868,14125,15197.677631578943,51.070389358459195,11,3116,179
4890.62155,28868,157,28868,14125,15197.677631578943,51.070389358459195,11,3116,179
4906.976253,28868,157,28868,14125,15197.677631578943,51.070389358459195,11,3116,179
4923.51708,28868,157,28868,14125,15197.677631578943,51.070389358459195,11,3116,179
4938.447319,28868,157,28868,14125,15197.677631578943,51.070389358459195,11,3116,179
4956.011934,28868,157,28868,14125,15197.677631578943,51.070389358459195,11,3116,179
4966.157065,28868,157,28868,14125,15197.677631578943,51.070389358459195,11,3116,179
4966.760364,28868,157,28868,14125,15197.677631578943,51.070389358459195,11,3116,179
4983.798712,28868,157,28868,14125,15197.677631578943,51.070389358459195,11,3116,179
5000.291152,28868,157,28868,14125,15197.677631578943,51.070389358459195,11,3116,179
5016.841731,28868,157,28868,14125,15197.677631578943,51.070389358459195,11,3116,179
5032.887966,28868,157,28868,14125,15197.677631578943,51.070389358459195,11,3116,179
5033.447245,28868,157,28868,14125,15197.677631578943,51.070389358459195,11,3116,179
5034.215865,28868,157,28868,14125,15197.677631578943,51.070389358459195,11,3116,179
5034.723379,28868,157,28868,14125,15197.677631578943,51.070389358459195,11,3116,179
5052.23288,28868,157,28868,14125,15197.677631578943,51.070389358459195,11,3116,179
5068.784391,28868,157,28868,14125,15197.677631578943,51.070389358459195,11,3116,179
5085.154831,28868,157,28868,14125,15197.677631578943,51.070389358459195,11,3116,179
5096.165253,28868,157,28868,14125,15197.677631578943,51.070389358459195,11,3116,179
5113.661772,28868,157,28868,14125,15197.677631578943,51.070389358459195,11,3116,179
5130.305963,28868,157,28868,14125,15197.677631578943,51.070389358459195,11,3116,179
5144.835349,28868,157,28868,14125,15197.677631578943,51.070389358459195,11,3116,179
5149.079694,28868,157,28868,14125,15197.677631578943,51.070389358459195,11,3116,179
5155.95948,28868,157,28868,14125,15197.677631578943,51.070389358459195,11,3116,179
5162.939892,28868,157,28868,14125,15197.677631578943,51.070389358459195,11,3116,179
5169.216685,28868,157,28868,14125,15197.677631578943,51.070389358459195,11,3116,179
5177.807547,28868,157,28868,14125,15197.677631578943,51.070389358459195,11,3116,179
5186.141638,28868,157,28868,14125,15197.677631578943,51.070389358459195,11,3116,179
5195.003356,28868,157,28868,14125,15197.677631578943,51.070389358459195,11,3116,179
5203.82216,28868,157,28868,14125,15197.677631578943,51.070389358459195,11,3116,179
5212.228953,28868,157,28868,14125,15197.677631578943,51.070389358459195,11,3116,179
5220.491214,28868,157,28868,14125,15197.677631578943,51.070389358459195,11,3116,179
5221.00242,28868,157,28868,14125,15197.677631578943,51.070389358459195,11,3116,179
5229.973709,28868,157,28868,14125,15197.677631578943,51.070389358459195,11,3116,179
5238.976665,28868,157,28868,14125,15197.677631578943,51.070389358459195,11,3116,179
5247.958581,28868,157,28868,14125,15197.677631578943,51.070389358459195,11,3116,179
5257.314702,28868,157,28868,14125,15197.677631578943,51.070389358459195,11,3116,179
5265.025458,28868,157,28868,14125,15197.677631578943,51.070389358459195,11,3116,179
5278.118285,28868,157,28868,14125,15197.677631578943,51.070389358459195,11,3116,179
5290.819635,28868,157,28868,14125,15197.677631578943,51.070389358459195,11,3116,179
5303.551911,28868,157,28868,14125,15197.677631578943,51.070389358459195,11,3116,179
5313.686454,28868,157,28868,14125,15197.677631578943,51.070389358459195,11,3116,179
5321.721328,28868,157,28868,14125,15197.677631578943,51.070389358459195,11,3116,179
5329.554329,28868,157,28868,14125,15197.677631578943,51.070389358459195,11,3116,179
5337.060949,28868,157,28868,14125,15197.677631578943,51.070389358459195,11,3116,179
5344.795688,28868,157,28868,14125,15197.677631578943,51.070389358459195,11,3116,179
5353.090724,28868,157,28868,14125,15197.677631578943,51.070389358459195,11,3116,179
5359.131478,28868,157,28868,14125,15197.677631578943,51.070389358459195,11,3116,179
5372.967531,28868,157,28868,14125,15197.677631578943,51.070389358459195,11,3116,179
5384.824493,28868,157,28868,14125,15197.677631578943,51.070389358459195,11,3116,179
5397.975973,28868,157,28868,14125,15197.677631578943,51.070389358459195,11,3116,179
5399.001458,28868,157,28868,14125,15197.677631578943,51.070389358459195,11,3116,179
5399.797293,28868,157,28868,14125,15197.677631578943,51.070389358459195,11,3116,179
5411.620468,28868,157,28868,14125,15197.677631578943,51.070389358459195,11,3116,179
5451.493953,28868,157,28868,14125,15197.677631578943,51.070389358459195,11,3116,179
5459.37802,28868,157,28868,14125,15197.677631578943,51.070389358459195,11,3116,179
5465.396272,28868,157,28868,14125,15197.677631578943,51.070389358459195,11,3116,179
5473.566433,28868,157,28868,14125,15197.677631578943,51.070389358459195,11,3116,179
5506.274264,28868,157,28868,14125,15197.677631578943,51.070389358459195,11,3116,179
5514.321126,28868,157,28868,14125,15197.677631578943,51.070389358459195,11,3116,179
5522.35874,28868,157,28868,14125,15197.677631578943,51.070389358459195,11,3116,179
5530.320467,28868,157,28868,14125,15197.677631578943,51.070389358459195,11,3116,179
5567.431665,28868,157,28868,14125,15197.677631578943,51.070389358459195,11,3116,179
5583.380047,28868,157,28868,14125,15197.677631578943,51.070389358459195,11,3116,179
5623.503097,28868,157,28868,14125,15197.677631578943,51.070389358459195,11,3116,179
5663.906904,28868,157,28868,14125,15197.677631578943,51.070389358459195,11,3116,179
5691.87564,28868,157,28868,14125,15197.677631578943,51.070389358459195,11,3116,179
5731.444153,28868,157,28868,14125,15197.677631578943,51.070389358459195,11,3116,179
5752.529399,28868,157,28868,14125,15197.677631578943,51.070389358459195,11,3116,179
5764.218941,28868,157,28868,14125,15197.677631578943,51.070389358459195,11,3116,179
5798.497159,28868,157,28868,14125,15197.677631578943,51.070389358459195,11,3116,179
5831.889202,28868,157,28868,14125,15197.677631578943,51.070389358459195,11,3116,179
5854.179224,28868,157,28868,14125,15197.677631578943,51.070389358459195,11,3116,179
5876.528886,28868,157,28868,14125,15197.677631578943,51.070389358459195,11,3116,179
5897.926905,28868,157,28868,14125,15197.677631578943,51.070389358459195,11,3116,179
5920.381361,28868,157,28868,14125,15197.677631578943,51.070389358459195,11,3116,179
5948.177818,28868,157,28868,14125,15197.677631578943,51.070389358459195,11,3116,179
5971.420607,28868,157,28868,14125,15197.677631578943,51.070389358459195,11,3116,179
5994.478601,28868,157,28868,14125,15197.677631578943,51.070389358459195,11,3116,179
6016.62267,28868,157,28868,14125,15197.677631578943,51.070389358459195,11,3116,179
6041.041087,28868,157,28868,14125,15197.677631578943,51.070389358459195,11,3116,179
6052.695621,28868,157,28868,14125,15197.677631578943,51.070389358459195,11,3116,179
